"size","sim","serie","p1","p2","p3"
100,1,"x1",18,0,0
100,1,"x2",29,27,0
100,1,"x3",2,1,0
100,1,"x4",27,18,0
100,1,"x5",4,2,0
100,1,"x6",23,3,0
100,1,"x7",25,14,11
100,1,"x8",25,15,2
100,1,"x9",16,12,11
100,1,"x10",26,16,12
100,1,"x11",4,0,0
100,1,"x12",20,2,1
100,1,"x13",25,19,18
100,1,"x14",25,10,4
100,2,"x1",22,3,1
100,2,"x2",28,2,0
100,2,"x3",26,22,11
100,2,"x4",28,19,1
100,2,"x5",21,19,2
100,2,"x6",21,20,3
100,2,"x7",23,3,0
100,2,"x8",25,21,2
100,2,"x9",28,18,11
100,2,"x10",23,6,5
100,2,"x11",25,19,1
100,2,"x12",1,0,0
100,2,"x13",27,23,20
100,2,"x14",28,10,2
100,3,"x1",27,24,23
100,3,"x2",27,25,23
100,3,"x3",29,21,15
100,3,"x4",26,25,14
100,3,"x5",22,19,12
100,3,"x6",18,17,15
100,3,"x7",27,25,1
100,3,"x8",23,21,7
100,3,"x9",28,27,24
100,3,"x10",28,24,23
100,3,"x11",27,11,0
100,3,"x12",25,12,9
100,3,"x13",28,16,13
100,3,"x14",29,22,20
100,4,"x1",0,0,0
100,4,"x2",2,0,0
100,4,"x3",20,13,2
100,4,"x4",24,2,0
100,4,"x5",28,25,3
100,4,"x6",24,17,2
100,4,"x7",27,8,0
100,4,"x8",29,23,14
100,4,"x9",26,13,10
100,4,"x10",20,12,11
100,4,"x11",0,0,0
100,4,"x12",29,22,10
100,4,"x13",18,1,0
100,4,"x14",2,0,0
100,5,"x1",29,19,15
100,5,"x2",24,23,20
100,5,"x3",28,24,23
100,5,"x4",28,8,0
100,5,"x5",0,0,0
100,5,"x6",27,14,11
100,5,"x7",27,24,22
100,5,"x8",29,19,17
100,5,"x9",24,0,0
100,5,"x10",29,24,23
100,5,"x11",27,12,0
100,5,"x12",29,25,24
100,5,"x13",27,25,1
100,5,"x14",22,20,2
100,6,"x1",12,3,1
100,6,"x2",29,15,10
100,6,"x3",22,2,1
100,6,"x4",23,21,11
100,6,"x5",23,3,0
100,6,"x6",27,9,3
100,6,"x7",29,0,0
100,6,"x8",29,26,22
100,6,"x9",27,19,16
100,6,"x10",26,25,19
100,6,"x11",3,2,1
100,6,"x12",29,28,24
100,6,"x13",19,18,0
100,6,"x14",17,8,2
100,7,"x1",17,1,0
100,7,"x2",25,13,4
100,7,"x3",21,2,1
100,7,"x4",11,0,0
100,7,"x5",28,27,26
100,7,"x6",24,15,3
100,7,"x7",18,16,15
100,7,"x8",7,1,0
100,7,"x9",28,27,21
100,7,"x10",23,20,11
100,7,"x11",25,13,7
100,7,"x12",16,2,1
100,7,"x13",29,23,1
100,7,"x14",12,0,0
100,8,"x1",28,26,25
100,8,"x2",25,24,23
100,8,"x3",23,10,2
100,8,"x4",29,13,10
100,8,"x5",25,15,3
100,8,"x6",14,0,0
100,8,"x7",0,0,0
100,8,"x8",25,13,3
100,8,"x9",29,19,18
100,8,"x10",26,22,16
100,8,"x11",20,3,2
100,8,"x12",25,22,20
100,8,"x13",23,13,0
100,8,"x14",28,0,0
100,9,"x1",28,26,3
100,9,"x2",28,18,15
100,9,"x3",27,2,1
100,9,"x4",28,27,21
100,9,"x5",20,14,8
100,9,"x6",29,24,3
100,9,"x7",29,28,20
100,9,"x8",27,1,0
100,9,"x9",27,21,6
100,9,"x10",24,16,9
100,9,"x11",26,22,19
100,9,"x12",29,18,11
100,9,"x13",28,20,1
100,9,"x14",27,6,0
100,10,"x1",28,22,14
100,10,"x2",28,25,11
100,10,"x3",2,1,0
100,10,"x4",29,23,21
100,10,"x5",29,28,25
100,10,"x6",19,3,0
100,10,"x7",29,27,0
100,10,"x8",11,8,1
100,10,"x9",27,23,15
100,10,"x10",28,27,21
100,10,"x11",23,21,14
100,10,"x12",23,10,1
100,10,"x13",15,13,5
100,10,"x14",12,2,0
100,11,"x1",25,12,2
100,11,"x2",25,11,2
100,11,"x3",27,5,2
100,11,"x4",29,28,16
100,11,"x5",19,13,3
100,11,"x6",16,5,3
100,11,"x7",0,0,0
100,11,"x8",25,24,16
100,11,"x9",11,10,2
100,11,"x10",9,6,4
100,11,"x11",20,15,8
100,11,"x12",9,5,1
100,11,"x13",29,26,11
100,11,"x14",27,19,16
100,12,"x1",29,3,0
100,12,"x2",19,2,0
100,12,"x3",27,14,10
100,12,"x4",27,26,22
100,12,"x5",27,23,20
100,12,"x6",22,4,3
100,12,"x7",12,1,0
100,12,"x8",29,28,25
100,12,"x9",12,11,0
100,12,"x10",26,12,7
100,12,"x11",22,0,0
100,12,"x12",23,3,1
100,12,"x13",14,5,2
100,12,"x14",29,26,17
100,13,"x1",22,17,15
100,13,"x2",26,14,12
100,13,"x3",24,18,2
100,13,"x4",13,10,0
100,13,"x5",23,12,3
100,13,"x6",23,12,3
100,13,"x7",26,6,5
100,13,"x8",25,24,16
100,13,"x9",26,23,19
100,13,"x10",23,16,10
100,13,"x11",25,24,22
100,13,"x12",28,8,1
100,13,"x13",29,13,1
100,13,"x14",28,12,6
100,14,"x1",28,21,3
100,14,"x2",27,6,2
100,14,"x3",28,27,26
100,14,"x4",7,6,2
100,14,"x5",0,0,0
100,14,"x6",22,18,11
100,14,"x7",27,1,0
100,14,"x8",26,21,3
100,14,"x9",26,20,17
100,14,"x10",16,10,6
100,14,"x11",26,25,23
100,14,"x12",29,27,24
100,14,"x13",21,1,0
100,14,"x14",28,19,2
100,15,"x1",28,26,3
100,15,"x2",0,0,0
100,15,"x3",21,2,1
100,15,"x4",13,0,0
100,15,"x5",29,21,13
100,15,"x6",5,3,1
100,15,"x7",28,26,1
100,15,"x8",25,1,0
100,15,"x9",29,28,22
100,15,"x10",29,25,20
100,15,"x11",27,0,0
100,15,"x12",22,16,3
100,15,"x13",25,1,0
100,15,"x14",24,21,2
100,16,"x1",29,8,3
100,16,"x2",25,0,0
100,16,"x3",27,20,8
100,16,"x4",29,26,22
100,16,"x5",25,4,0
100,16,"x6",29,19,3
100,16,"x7",19,18,1
100,16,"x8",29,1,0
100,16,"x9",23,11,10
100,16,"x10",25,21,14
100,16,"x11",24,14,11
100,16,"x12",7,2,1
100,16,"x13",29,19,18
100,16,"x14",28,17,2
100,17,"x1",22,12,6
100,17,"x2",26,5,0
100,17,"x3",26,21,2
100,17,"x4",28,26,18
100,17,"x5",29,25,20
100,17,"x6",28,27,15
100,17,"x7",29,23,1
100,17,"x8",21,20,1
100,17,"x9",11,0,0
100,17,"x10",28,24,23
100,17,"x11",25,24,11
100,17,"x12",15,1,0
100,17,"x13",7,0,0
100,17,"x14",25,0,0
100,18,"x1",29,28,3
100,18,"x2",28,27,0
100,18,"x3",28,22,17
100,18,"x4",29,19,16
100,18,"x5",29,26,8
100,18,"x6",28,19,3
100,18,"x7",0,0,0
100,18,"x8",29,28,27
100,18,"x9",27,23,12
100,18,"x10",29,27,23
100,18,"x11",11,9,0
100,18,"x12",24,23,1
100,18,"x13",18,17,3
100,18,"x14",18,13,11
100,19,"x1",25,24,16
100,19,"x2",29,27,18
100,19,"x3",27,25,7
100,19,"x4",22,15,13
100,19,"x5",26,15,1
100,19,"x6",9,3,0
100,19,"x7",18,0,0
100,19,"x8",28,26,23
100,19,"x9",21,11,9
100,19,"x10",29,23,14
100,19,"x11",27,26,18
100,19,"x12",20,15,7
100,19,"x13",23,15,8
100,19,"x14",29,27,14
100,20,"x1",26,8,7
100,20,"x2",22,21,19
100,20,"x3",12,10,2
100,20,"x4",26,23,8
100,20,"x5",19,11,3
100,20,"x6",26,24,11
100,20,"x7",24,0,0
100,20,"x8",26,25,1
100,20,"x9",11,1,0
100,20,"x10",27,20,7
100,20,"x11",14,4,0
100,20,"x12",25,1,0
100,20,"x13",17,3,1
100,20,"x14",29,25,16
100,21,"x1",21,6,3
100,21,"x2",19,5,4
100,21,"x3",27,2,1
100,21,"x4",25,15,1
100,21,"x5",16,12,3
100,21,"x6",26,24,13
100,21,"x7",29,17,0
100,21,"x8",29,19,17
100,21,"x9",15,3,0
100,21,"x10",27,24,20
100,21,"x11",0,0,0
100,21,"x12",26,1,0
100,21,"x13",26,21,20
100,21,"x14",19,18,15
100,22,"x1",25,13,9
100,22,"x2",29,23,18
100,22,"x3",24,10,4
100,22,"x4",24,14,1
100,22,"x5",25,21,14
100,22,"x6",29,14,3
100,22,"x7",29,28,25
100,22,"x8",26,1,0
100,22,"x9",29,22,18
100,22,"x10",18,17,12
100,22,"x11",25,6,0
100,22,"x12",24,18,1
100,22,"x13",21,9,3
100,22,"x14",28,27,13
100,23,"x1",29,18,3
100,23,"x2",24,3,2
100,23,"x3",26,24,7
100,23,"x4",23,8,0
100,23,"x5",9,8,4
100,23,"x6",3,2,0
100,23,"x7",28,0,0
100,23,"x8",29,27,1
100,23,"x9",25,16,11
100,23,"x10",12,7,3
100,23,"x11",23,0,0
100,23,"x12",29,4,1
100,23,"x13",28,0,0
100,23,"x14",29,28,27
100,24,"x1",17,2,0
100,24,"x2",17,14,11
100,24,"x3",2,1,0
100,24,"x4",24,22,15
100,24,"x5",28,26,20
100,24,"x6",17,10,3
100,24,"x7",26,23,0
100,24,"x8",13,1,0
100,24,"x9",13,1,0
100,24,"x10",23,22,9
100,24,"x11",3,0,0
100,24,"x12",28,25,18
100,24,"x13",2,0,0
100,24,"x14",2,0,0
100,25,"x1",27,26,12
100,25,"x2",28,24,14
100,25,"x3",25,23,17
100,25,"x4",0,0,0
100,25,"x5",24,0,0
100,25,"x6",29,25,2
100,25,"x7",25,11,5
100,25,"x8",13,1,0
100,25,"x9",22,21,3
100,25,"x10",27,26,23
100,25,"x11",27,26,24
100,25,"x12",21,14,8
100,25,"x13",3,1,0
100,25,"x14",15,4,2
100,26,"x1",25,0,0
100,26,"x2",0,0,0
100,26,"x3",28,27,23
100,26,"x4",24,9,7
100,26,"x5",22,8,0
100,26,"x6",3,2,0
100,26,"x7",19,13,1
100,26,"x8",28,27,25
100,26,"x9",11,9,5
100,26,"x10",23,18,15
100,26,"x11",23,22,10
100,26,"x12",26,2,0
100,26,"x13",15,0,0
100,26,"x14",22,21,19
100,27,"x1",14,0,0
100,27,"x2",3,2,0
100,27,"x3",25,24,21
100,27,"x4",24,19,13
100,27,"x5",19,3,0
100,27,"x6",19,17,9
100,27,"x7",27,13,0
100,27,"x8",29,27,18
100,27,"x9",12,1,0
100,27,"x10",27,23,21
100,27,"x11",23,0,0
100,27,"x12",29,22,1
100,27,"x13",28,12,1
100,27,"x14",23,10,2
100,28,"x1",11,3,0
100,28,"x2",27,4,2
100,28,"x3",29,27,10
100,28,"x4",27,1,0
100,28,"x5",26,15,13
100,28,"x6",11,3,2
100,28,"x7",25,17,0
100,28,"x8",23,21,20
100,28,"x9",26,25,24
100,28,"x10",29,28,27
100,28,"x11",29,12,10
100,28,"x12",29,1,0
100,28,"x13",3,1,0
100,28,"x14",29,27,22
100,29,"x1",26,18,6
100,29,"x2",18,15,14
100,29,"x3",5,2,1
100,29,"x4",26,24,23
100,29,"x5",19,17,6
100,29,"x6",26,21,3
100,29,"x7",28,19,1
100,29,"x8",27,6,3
100,29,"x9",24,17,6
100,29,"x10",24,21,11
100,29,"x11",0,0,0
100,29,"x12",16,5,3
100,29,"x13",22,2,1
100,29,"x14",28,25,21
100,30,"x1",25,16,8
100,30,"x2",25,2,0
100,30,"x3",28,22,21
100,30,"x4",28,22,13
100,30,"x5",3,2,0
100,30,"x6",23,21,11
100,30,"x7",27,1,0
100,30,"x8",29,27,26
100,30,"x9",24,13,10
100,30,"x10",23,19,8
100,30,"x11",24,8,7
100,30,"x12",25,18,16
100,30,"x13",28,17,3
100,30,"x14",27,25,23
100,31,"x1",26,22,17
100,31,"x2",19,7,4
100,31,"x3",28,23,18
100,31,"x4",20,0,0
100,31,"x5",29,24,21
100,31,"x6",28,23,2
100,31,"x7",29,19,13
100,31,"x8",29,18,1
100,31,"x9",11,9,7
100,31,"x10",21,20,9
100,31,"x11",0,0,0
100,31,"x12",5,2,1
100,31,"x13",22,21,4
100,31,"x14",26,1,0
100,32,"x1",26,3,0
100,32,"x2",26,19,4
100,32,"x3",28,27,23
100,32,"x4",25,23,9
100,32,"x5",29,14,3
100,32,"x6",13,3,2
100,32,"x7",29,23,20
100,32,"x8",20,17,2
100,32,"x9",12,11,10
100,32,"x10",21,4,1
100,32,"x11",29,23,0
100,32,"x12",15,1,0
100,32,"x13",28,20,6
100,32,"x14",28,22,19
100,33,"x1",25,0,0
100,33,"x2",27,26,19
100,33,"x3",15,2,1
100,33,"x4",21,0,0
100,33,"x5",19,16,3
100,33,"x6",19,3,0
100,33,"x7",22,11,0
100,33,"x8",10,1,0
100,33,"x9",22,12,10
100,33,"x10",27,19,12
100,33,"x11",22,21,18
100,33,"x12",26,1,0
100,33,"x13",29,27,25
100,33,"x14",29,26,25
100,34,"x1",29,9,3
100,34,"x2",2,0,0
100,34,"x3",13,2,1
100,34,"x4",0,0,0
100,34,"x5",9,0,0
100,34,"x6",26,9,7
100,34,"x7",18,0,0
100,34,"x8",19,1,0
100,34,"x9",14,11,8
100,34,"x10",27,18,10
100,34,"x11",23,0,0
100,34,"x12",24,23,17
100,34,"x13",26,2,1
100,34,"x14",29,27,21
100,35,"x1",20,13,2
100,35,"x2",27,13,0
100,35,"x3",27,2,1
100,35,"x4",19,18,9
100,35,"x5",27,23,22
100,35,"x6",4,2,0
100,35,"x7",12,7,0
100,35,"x8",27,26,18
100,35,"x9",29,23,22
100,35,"x10",28,23,20
100,35,"x11",27,21,15
100,35,"x12",1,0,0
100,35,"x13",10,1,0
100,35,"x14",14,4,0
100,36,"x1",29,0,0
100,36,"x2",12,4,2
100,36,"x3",23,18,12
100,36,"x4",29,3,0
100,36,"x5",19,18,7
100,36,"x6",28,27,24
100,36,"x7",22,12,0
100,36,"x8",26,14,6
100,36,"x9",29,24,22
100,36,"x10",23,22,9
100,36,"x11",26,22,11
100,36,"x12",1,0,0
100,36,"x13",29,27,1
100,36,"x14",28,25,14
100,37,"x1",27,19,3
100,37,"x2",28,25,24
100,37,"x3",25,16,2
100,37,"x4",16,0,0
100,37,"x5",22,16,14
100,37,"x6",28,17,12
100,37,"x7",1,0,0
100,37,"x8",29,24,17
100,37,"x9",1,0,0
100,37,"x10",28,23,12
100,37,"x11",26,25,24
100,37,"x12",28,16,9
100,37,"x13",29,22,17
100,37,"x14",25,19,9
100,38,"x1",27,23,14
100,38,"x2",4,2,0
100,38,"x3",9,5,2
100,38,"x4",28,27,26
100,38,"x5",12,0,0
100,38,"x6",3,2,0
100,38,"x7",28,18,17
100,38,"x8",19,18,1
100,38,"x9",25,24,11
100,38,"x10",29,25,6
100,38,"x11",20,19,17
100,38,"x12",28,24,16
100,38,"x13",26,21,20
100,38,"x14",28,26,24
100,39,"x1",12,4,3
100,39,"x2",26,15,2
100,39,"x3",29,28,25
100,39,"x4",24,23,19
100,39,"x5",17,3,0
100,39,"x6",28,25,9
100,39,"x7",14,5,1
100,39,"x8",20,2,1
100,39,"x9",14,12,11
100,39,"x10",26,25,22
100,39,"x11",25,0,0
100,39,"x12",14,12,1
100,39,"x13",25,21,20
100,39,"x14",27,26,25
100,40,"x1",22,15,3
100,40,"x2",8,0,0
100,40,"x3",10,4,2
100,40,"x4",26,3,2
100,40,"x5",24,22,0
100,40,"x6",27,23,3
100,40,"x7",3,1,0
100,40,"x8",4,1,0
100,40,"x9",28,22,20
100,40,"x10",24,22,1
100,40,"x11",0,0,0
100,40,"x12",28,27,26
100,40,"x13",28,17,9
100,40,"x14",28,16,6
100,41,"x1",11,3,0
100,41,"x2",28,26,16
100,41,"x3",28,20,18
100,41,"x4",28,22,0
100,41,"x5",27,11,6
100,41,"x6",24,20,3
100,41,"x7",19,14,5
100,41,"x8",24,23,2
100,41,"x9",14,12,11
100,41,"x10",21,14,9
100,41,"x11",0,0,0
100,41,"x12",22,11,2
100,41,"x13",29,22,1
100,41,"x14",2,0,0
100,42,"x1",14,4,3
100,42,"x2",9,7,5
100,42,"x3",25,24,8
100,42,"x4",28,22,16
100,42,"x5",26,14,3
100,42,"x6",23,6,5
100,42,"x7",27,22,0
100,42,"x8",18,9,1
100,42,"x9",29,20,8
100,42,"x10",29,20,8
100,42,"x11",10,0,0
100,42,"x12",27,13,4
100,42,"x13",11,3,2
100,42,"x14",27,24,2
100,43,"x1",23,5,4
100,43,"x2",27,23,14
100,43,"x3",23,19,10
100,43,"x4",29,28,24
100,43,"x5",29,15,0
100,43,"x6",2,0,0
100,43,"x7",27,23,4
100,43,"x8",28,14,9
100,43,"x9",11,7,0
100,43,"x10",23,12,10
100,43,"x11",11,8,0
100,43,"x12",28,24,21
100,43,"x13",26,4,1
100,43,"x14",25,20,4
100,44,"x1",28,26,25
100,44,"x2",28,8,4
100,44,"x3",29,27,26
100,44,"x4",26,0,0
100,44,"x5",11,3,1
100,44,"x6",12,3,0
100,44,"x7",20,0,0
100,44,"x8",23,1,0
100,44,"x9",27,25,23
100,44,"x10",24,23,21
100,44,"x11",29,27,24
100,44,"x12",25,14,1
100,44,"x13",3,1,0
100,44,"x14",2,0,0
100,45,"x1",13,3,2
100,45,"x2",26,2,1
100,45,"x3",28,27,23
100,45,"x4",29,26,15
100,45,"x5",10,3,1
100,45,"x6",21,3,2
100,45,"x7",29,27,25
100,45,"x8",23,14,2
100,45,"x9",29,28,24
100,45,"x10",27,16,15
100,45,"x11",17,12,11
100,45,"x12",18,14,12
100,45,"x13",29,11,9
100,45,"x14",29,2,1
100,46,"x1",27,17,3
100,46,"x2",28,24,0
100,46,"x3",24,22,13
100,46,"x4",27,21,12
100,46,"x5",15,0,0
100,46,"x6",25,19,13
100,46,"x7",28,22,21
100,46,"x8",28,27,17
100,46,"x9",29,22,20
100,46,"x10",24,23,21
100,46,"x11",25,22,20
100,46,"x12",28,1,0
100,46,"x13",29,24,21
100,46,"x14",26,19,2
100,47,"x1",23,19,0
100,47,"x2",22,16,2
100,47,"x3",2,1,0
100,47,"x4",29,19,17
100,47,"x5",22,15,9
100,47,"x6",24,20,18
100,47,"x7",16,2,1
100,47,"x8",26,5,3
100,47,"x9",25,22,20
100,47,"x10",23,4,1
100,47,"x11",4,0,0
100,47,"x12",27,1,0
100,47,"x13",1,0,0
100,47,"x14",7,2,0
100,48,"x1",29,27,16
100,48,"x2",20,16,5
100,48,"x3",21,10,9
100,48,"x4",20,13,12
100,48,"x5",21,15,0
100,48,"x6",16,11,3
100,48,"x7",27,23,17
100,48,"x8",26,16,14
100,48,"x9",23,4,0
100,48,"x10",23,12,3
100,48,"x11",19,18,0
100,48,"x12",27,22,19
100,48,"x13",18,11,10
100,48,"x14",28,26,5
100,49,"x1",10,2,1
100,49,"x2",19,17,4
100,49,"x3",29,23,19
100,49,"x4",20,6,0
100,49,"x5",28,27,25
100,49,"x6",21,3,2
100,49,"x7",25,24,1
100,49,"x8",1,0,0
100,49,"x9",24,11,10
100,49,"x10",24,23,22
100,49,"x11",27,17,13
100,49,"x12",22,16,1
100,49,"x13",29,16,14
100,49,"x14",29,27,24
100,50,"x1",18,3,0
100,50,"x2",19,16,12
100,50,"x3",17,12,9
100,50,"x4",29,28,27
100,50,"x5",14,12,4
100,50,"x6",25,3,2
100,50,"x7",5,2,0
100,50,"x8",26,22,19
100,50,"x9",17,16,11
100,50,"x10",26,23,9
100,50,"x11",29,28,25
100,50,"x12",28,20,13
100,50,"x13",24,7,1
100,50,"x14",23,14,0
100,51,"x1",13,4,3
100,51,"x2",29,25,24
100,51,"x3",28,21,18
100,51,"x4",28,23,21
100,51,"x5",22,15,12
100,51,"x6",12,3,2
100,51,"x7",21,20,8
100,51,"x8",1,0,0
100,51,"x9",24,12,9
100,51,"x10",23,22,12
100,51,"x11",26,11,0
100,51,"x12",24,19,15
100,51,"x13",16,8,2
100,51,"x14",1,0,0
100,52,"x1",24,20,19
100,52,"x2",19,11,2
100,52,"x3",20,18,2
100,52,"x4",2,0,0
100,52,"x5",28,3,0
100,52,"x6",27,25,24
100,52,"x7",23,20,2
100,52,"x8",15,7,2
100,52,"x9",11,0,0
100,52,"x10",27,26,15
100,52,"x11",29,21,17
100,52,"x12",23,2,1
100,52,"x13",29,17,15
100,52,"x14",22,2,0
100,53,"x1",2,0,0
100,53,"x2",4,1,0
100,53,"x3",26,23,22
100,53,"x4",20,1,0
100,53,"x5",21,19,3
100,53,"x6",28,25,19
100,53,"x7",24,18,15
100,53,"x8",22,10,1
100,53,"x9",17,10,9
100,53,"x10",17,11,9
100,53,"x11",24,23,22
100,53,"x12",24,23,22
100,53,"x13",27,24,23
100,53,"x14",27,23,13
100,54,"x1",8,2,1
100,54,"x2",29,28,25
100,54,"x3",27,20,18
100,54,"x4",28,21,20
100,54,"x5",21,19,0
100,54,"x6",18,5,3
100,54,"x7",26,23,10
100,54,"x8",2,1,0
100,54,"x9",23,21,16
100,54,"x10",23,21,19
100,54,"x11",29,24,19
100,54,"x12",29,20,16
100,54,"x13",29,22,19
100,54,"x14",23,4,1
100,55,"x1",13,4,3
100,55,"x2",29,27,22
100,55,"x3",22,19,17
100,55,"x4",25,7,1
100,55,"x5",4,1,0
100,55,"x6",27,20,16
100,55,"x7",16,3,0
100,55,"x8",24,12,4
100,55,"x9",28,25,22
100,55,"x10",28,21,16
100,55,"x11",29,26,21
100,55,"x12",2,0,0
100,55,"x13",29,23,14
100,55,"x14",29,28,26
100,56,"x1",29,21,18
100,56,"x2",27,22,21
100,56,"x3",2,1,0
100,56,"x4",25,6,0
100,56,"x5",29,28,11
100,56,"x6",20,19,3
100,56,"x7",0,0,0
100,56,"x8",25,12,1
100,56,"x9",26,9,5
100,56,"x10",25,23,19
100,56,"x11",27,2,0
100,56,"x12",28,26,15
100,56,"x13",26,24,17
100,56,"x14",24,21,2
100,57,"x1",25,22,17
100,57,"x2",19,4,2
100,57,"x3",29,25,24
100,57,"x4",21,20,4
100,57,"x5",24,19,4
100,57,"x6",20,17,4
100,57,"x7",27,26,24
100,57,"x8",27,10,1
100,57,"x9",24,12,11
100,57,"x10",19,16,12
100,57,"x11",11,9,2
100,57,"x12",24,17,2
100,57,"x13",13,6,1
100,57,"x14",16,4,2
100,58,"x1",18,15,0
100,58,"x2",26,7,1
100,58,"x3",8,2,1
100,58,"x4",26,21,0
100,58,"x5",12,4,0
100,58,"x6",28,25,22
100,58,"x7",21,12,1
100,58,"x8",29,23,21
100,58,"x9",26,18,11
100,58,"x10",23,10,9
100,58,"x11",9,2,0
100,58,"x12",29,23,16
100,58,"x13",29,28,27
100,58,"x14",25,2,0
100,59,"x1",25,20,15
100,59,"x2",27,26,9
100,59,"x3",3,2,1
100,59,"x4",23,18,0
100,59,"x5",22,4,2
100,59,"x6",26,21,3
100,59,"x7",2,1,0
100,59,"x8",29,4,3
100,59,"x9",28,19,1
100,59,"x10",17,14,13
100,59,"x11",28,12,0
100,59,"x12",29,11,1
100,59,"x13",27,17,14
100,59,"x14",2,0,0
100,60,"x1",29,27,22
100,60,"x2",28,13,2
100,60,"x3",26,2,1
100,60,"x4",7,3,0
100,60,"x5",29,11,3
100,60,"x6",17,16,15
100,60,"x7",26,2,1
100,60,"x8",2,1,0
100,60,"x9",28,22,12
100,60,"x10",28,24,16
100,60,"x11",29,27,23
100,60,"x12",25,10,2
100,60,"x13",28,3,1
100,60,"x14",27,20,2
100,61,"x1",27,14,9
100,61,"x2",28,25,18
100,61,"x3",22,12,2
100,61,"x4",25,21,15
100,61,"x5",25,0,0
100,61,"x6",3,0,0
100,61,"x7",26,15,14
100,61,"x8",27,13,1
100,61,"x9",29,27,23
100,61,"x10",29,23,21
100,61,"x11",26,25,23
100,61,"x12",19,1,0
100,61,"x13",13,12,0
100,61,"x14",13,0,0
100,62,"x1",24,22,16
100,62,"x2",3,2,0
100,62,"x3",2,1,0
100,62,"x4",22,20,5
100,62,"x5",28,4,3
100,62,"x6",26,7,3
100,62,"x7",25,13,0
100,62,"x8",28,26,14
100,62,"x9",28,13,11
100,62,"x10",29,28,23
100,62,"x11",29,23,17
100,62,"x12",26,23,18
100,62,"x13",26,11,1
100,62,"x14",28,22,20
100,63,"x1",4,0,0
100,63,"x2",29,25,21
100,63,"x3",28,24,23
100,63,"x4",8,0,0
100,63,"x5",22,12,4
100,63,"x6",10,2,0
100,63,"x7",25,0,0
100,63,"x8",27,14,1
100,63,"x9",29,16,11
100,63,"x10",23,16,15
100,63,"x11",11,10,8
100,63,"x12",29,26,14
100,63,"x13",28,18,17
100,63,"x14",28,7,2
100,64,"x1",28,14,2
100,64,"x2",21,17,0
100,64,"x3",29,28,27
100,64,"x4",29,12,0
100,64,"x5",11,5,3
100,64,"x6",28,22,20
100,64,"x7",24,0,0
100,64,"x8",29,26,2
100,64,"x9",19,15,11
100,64,"x10",23,15,8
100,64,"x11",29,19,17
100,64,"x12",1,0,0
100,64,"x13",26,23,17
100,64,"x14",29,28,15
100,65,"x1",19,18,17
100,65,"x2",21,14,11
100,65,"x3",17,7,6
100,65,"x4",20,14,8
100,65,"x5",12,0,0
100,65,"x6",29,16,11
100,65,"x7",28,1,0
100,65,"x8",29,28,19
100,65,"x9",16,11,0
100,65,"x10",25,13,11
100,65,"x11",29,12,0
100,65,"x12",27,20,9
100,65,"x13",3,1,0
100,65,"x14",25,2,0
100,66,"x1",28,26,24
100,66,"x2",29,27,24
100,66,"x3",24,8,2
100,66,"x4",27,25,23
100,66,"x5",22,21,20
100,66,"x6",29,11,3
100,66,"x7",24,17,11
100,66,"x8",15,1,0
100,66,"x9",27,4,3
100,66,"x10",26,6,4
100,66,"x11",20,18,12
100,66,"x12",27,23,5
100,66,"x13",29,19,11
100,66,"x14",10,2,0
100,67,"x1",14,0,0
100,67,"x2",27,2,0
100,67,"x3",17,16,2
100,67,"x4",28,26,20
100,67,"x5",29,26,12
100,67,"x6",29,26,24
100,67,"x7",23,1,0
100,67,"x8",26,24,7
100,67,"x9",26,14,11
100,67,"x10",26,23,14
100,67,"x11",26,11,0
100,67,"x12",27,20,12
100,67,"x13",26,3,1
100,67,"x14",25,2,0
100,68,"x1",23,9,4
100,68,"x2",29,28,27
100,68,"x3",16,2,1
100,68,"x4",24,23,17
100,68,"x5",5,0,0
100,68,"x6",28,14,3
100,68,"x7",28,16,7
100,68,"x8",27,1,0
100,68,"x9",23,19,12
100,68,"x10",29,23,19
100,68,"x11",0,0,0
100,68,"x12",14,11,2
100,68,"x13",26,18,1
100,68,"x14",28,2,0
100,69,"x1",25,20,7
100,69,"x2",28,27,25
100,69,"x3",24,23,22
100,69,"x4",27,11,0
100,69,"x5",28,24,17
100,69,"x6",29,27,23
100,69,"x7",29,27,25
100,69,"x8",27,26,24
100,69,"x9",23,17,13
100,69,"x10",29,22,19
100,69,"x11",0,0,0
100,69,"x12",29,9,3
100,69,"x13",28,19,5
100,69,"x14",27,14,2
100,70,"x1",20,5,3
100,70,"x2",29,19,4
100,70,"x3",26,24,2
100,70,"x4",26,2,0
100,70,"x5",24,11,3
100,70,"x6",25,3,0
100,70,"x7",7,1,0
100,70,"x8",15,1,0
100,70,"x9",25,23,10
100,70,"x10",28,27,23
100,70,"x11",26,10,9
100,70,"x12",28,26,1
100,70,"x13",23,0,0
100,70,"x14",25,7,2
100,71,"x1",29,28,7
100,71,"x2",22,2,1
100,71,"x3",29,28,27
100,71,"x4",2,0,0
100,71,"x5",26,25,18
100,71,"x6",27,25,13
100,71,"x7",27,26,21
100,71,"x8",26,23,7
100,71,"x9",28,26,25
100,71,"x10",24,18,17
100,71,"x11",26,22,21
100,71,"x12",23,20,13
100,71,"x13",29,25,1
100,71,"x14",16,2,1
100,72,"x1",28,26,22
100,72,"x2",25,11,8
100,72,"x3",27,7,4
100,72,"x4",23,21,20
100,72,"x5",24,21,20
100,72,"x6",26,22,3
100,72,"x7",26,9,1
100,72,"x8",15,1,0
100,72,"x9",20,16,12
100,72,"x10",16,6,3
100,72,"x11",28,0,0
100,72,"x12",28,21,17
100,72,"x13",26,2,0
100,72,"x14",23,16,2
100,73,"x1",16,5,4
100,73,"x2",27,16,14
100,73,"x3",3,2,1
100,73,"x4",7,1,0
100,73,"x5",22,18,1
100,73,"x6",26,5,3
100,73,"x7",21,17,16
100,73,"x8",1,0,0
100,73,"x9",22,11,10
100,73,"x10",29,28,13
100,73,"x11",24,0,0
100,73,"x12",15,2,0
100,73,"x13",23,1,0
100,73,"x14",29,18,9
100,74,"x1",20,8,3
100,74,"x2",21,7,1
100,74,"x3",29,23,8
100,74,"x4",26,14,6
100,74,"x5",25,22,19
100,74,"x6",27,25,15
100,74,"x7",1,0,0
100,74,"x8",12,2,1
100,74,"x9",28,24,11
100,74,"x10",24,20,7
100,74,"x11",29,28,27
100,74,"x12",21,0,0
100,74,"x13",26,2,1
100,74,"x14",23,0,0
100,75,"x1",29,23,6
100,75,"x2",7,2,0
100,75,"x3",29,20,18
100,75,"x4",19,0,0
100,75,"x5",20,15,10
100,75,"x6",15,9,3
100,75,"x7",27,23,12
100,75,"x8",29,19,8
100,75,"x9",29,28,26
100,75,"x10",22,20,9
100,75,"x11",27,26,20
100,75,"x12",27,20,13
100,75,"x13",20,19,16
100,75,"x14",19,3,0
100,76,"x1",29,27,23
100,76,"x2",3,1,0
100,76,"x3",18,15,3
100,76,"x4",29,28,26
100,76,"x5",29,26,24
100,76,"x6",23,9,2
100,76,"x7",26,25,21
100,76,"x8",26,25,20
100,76,"x9",27,15,12
100,76,"x10",23,15,12
100,76,"x11",0,0,0
100,76,"x12",26,3,1
100,76,"x13",25,17,3
100,76,"x14",27,24,20
100,77,"x1",26,24,22
100,77,"x2",22,12,2
100,77,"x3",21,2,1
100,77,"x4",29,15,8
100,77,"x5",18,10,0
100,77,"x6",27,19,13
100,77,"x7",18,2,0
100,77,"x8",29,2,1
100,77,"x9",27,24,19
100,77,"x10",18,8,7
100,77,"x11",28,10,3
100,77,"x12",28,15,9
100,77,"x13",29,19,6
100,77,"x14",28,5,0
100,78,"x1",29,25,15
100,78,"x2",23,16,8
100,78,"x3",26,23,22
100,78,"x4",0,0,0
100,78,"x5",25,24,17
100,78,"x6",28,25,10
100,78,"x7",6,0,0
100,78,"x8",29,27,8
100,78,"x9",23,13,10
100,78,"x10",23,15,12
100,78,"x11",22,11,6
100,78,"x12",26,3,1
100,78,"x13",16,3,1
100,78,"x14",15,11,5
100,79,"x1",28,26,22
100,79,"x2",18,2,0
100,79,"x3",29,25,20
100,79,"x4",29,19,3
100,79,"x5",3,0,0
100,79,"x6",20,2,0
100,79,"x7",14,2,0
100,79,"x8",7,4,1
100,79,"x9",22,16,12
100,79,"x10",23,22,16
100,79,"x11",28,27,23
100,79,"x12",29,19,16
100,79,"x13",4,1,0
100,79,"x14",29,0,0
100,80,"x1",26,3,2
100,80,"x2",23,9,0
100,80,"x3",29,4,2
100,80,"x4",29,23,18
100,80,"x5",20,15,3
100,80,"x6",29,17,2
100,80,"x7",28,22,16
100,80,"x8",25,24,22
100,80,"x9",28,11,5
100,80,"x10",28,27,18
100,80,"x11",17,2,0
100,80,"x12",23,1,0
100,80,"x13",4,1,0
100,80,"x14",29,26,22
100,81,"x1",28,26,0
100,81,"x2",2,0,0
100,81,"x3",27,13,2
100,81,"x4",18,5,0
100,81,"x5",3,2,0
100,81,"x6",24,16,11
100,81,"x7",1,0,0
100,81,"x8",1,0,0
100,81,"x9",26,23,0
100,81,"x10",28,27,12
100,81,"x11",26,22,12
100,81,"x12",24,22,1
100,81,"x13",18,3,1
100,81,"x14",26,19,2
100,82,"x1",24,23,21
100,82,"x2",0,0,0
100,82,"x3",15,12,2
100,82,"x4",24,8,6
100,82,"x5",4,0,0
100,82,"x6",22,18,16
100,82,"x7",29,27,23
100,82,"x8",19,1,0
100,82,"x9",28,23,0
100,82,"x10",23,22,12
100,82,"x11",26,15,6
100,82,"x12",22,9,6
100,82,"x13",3,2,1
100,82,"x14",18,13,2
100,83,"x1",15,10,3
100,83,"x2",26,20,11
100,83,"x3",26,25,20
100,83,"x4",27,3,2
100,83,"x5",0,0,0
100,83,"x6",22,21,2
100,83,"x7",11,6,0
100,83,"x8",2,1,0
100,83,"x9",22,13,1
100,83,"x10",27,21,20
100,83,"x11",11,8,1
100,83,"x12",28,23,21
100,83,"x13",27,26,6
100,83,"x14",29,4,2
100,84,"x1",24,19,11
100,84,"x2",24,22,5
100,84,"x3",23,7,2
100,84,"x4",27,25,12
100,84,"x5",24,3,0
100,84,"x6",24,2,0
100,84,"x7",18,0,0
100,84,"x8",28,26,16
100,84,"x9",22,13,1
100,84,"x10",27,25,22
100,84,"x11",28,25,24
100,84,"x12",25,22,21
100,84,"x13",25,5,1
100,84,"x14",20,17,0
100,85,"x1",29,12,0
100,85,"x2",27,26,24
100,85,"x3",29,27,26
100,85,"x4",29,25,0
100,85,"x5",22,6,1
100,85,"x6",13,11,2
100,85,"x7",24,23,14
100,85,"x8",28,16,6
100,85,"x9",24,22,10
100,85,"x10",28,23,22
100,85,"x11",24,23,15
100,85,"x12",24,21,9
100,85,"x13",28,12,10
100,85,"x14",11,9,8
100,86,"x1",1,0,0
100,86,"x2",27,23,5
100,86,"x3",8,2,1
100,86,"x4",29,2,0
100,86,"x5",28,26,22
100,86,"x6",23,22,21
100,86,"x7",26,25,13
100,86,"x8",27,26,16
100,86,"x9",29,26,11
100,86,"x10",27,25,17
100,86,"x11",28,25,19
100,86,"x12",21,10,4
100,86,"x13",29,23,11
100,86,"x14",29,28,10
100,87,"x1",28,9,3
100,87,"x2",26,0,0
100,87,"x3",17,15,2
100,87,"x4",27,6,0
100,87,"x5",0,0,0
100,87,"x6",29,20,19
100,87,"x7",24,12,0
100,87,"x8",28,27,19
100,87,"x9",28,25,16
100,87,"x10",25,20,12
100,87,"x11",11,10,8
100,87,"x12",19,18,7
100,87,"x13",25,17,6
100,87,"x14",3,2,0
100,88,"x1",26,3,2
100,88,"x2",21,17,2
100,88,"x3",5,4,2
100,88,"x4",28,20,19
100,88,"x5",17,4,2
100,88,"x6",18,3,2
100,88,"x7",8,0,0
100,88,"x8",23,19,1
100,88,"x9",7,0,0
100,88,"x10",28,7,5
100,88,"x11",15,0,0
100,88,"x12",25,15,1
100,88,"x13",23,8,3
100,88,"x14",26,8,2
100,89,"x1",15,2,0
100,89,"x2",14,11,2
100,89,"x3",26,17,8
100,89,"x4",21,0,0
100,89,"x5",21,19,7
100,89,"x6",29,22,19
100,89,"x7",17,2,0
100,89,"x8",28,10,3
100,89,"x9",23,22,11
100,89,"x10",24,23,22
100,89,"x11",29,27,0
100,89,"x12",13,3,1
100,89,"x13",21,13,7
100,89,"x14",2,0,0
100,90,"x1",25,18,4
100,90,"x2",23,2,0
100,90,"x3",16,13,2
100,90,"x4",15,0,0
100,90,"x5",8,3,0
100,90,"x6",29,25,24
100,90,"x7",25,21,19
100,90,"x8",28,13,10
100,90,"x9",27,22,11
100,90,"x10",29,28,9
100,90,"x11",0,0,0
100,90,"x12",27,1,0
100,90,"x13",29,28,26
100,90,"x14",26,25,14
100,91,"x1",28,27,3
100,91,"x2",23,22,16
100,91,"x3",16,11,2
100,91,"x4",17,0,0
100,91,"x5",29,21,8
100,91,"x6",3,0,0
100,91,"x7",10,0,0
100,91,"x8",11,1,0
100,91,"x9",27,26,23
100,91,"x10",29,27,21
100,91,"x11",16,0,0
100,91,"x12",26,2,1
100,91,"x13",8,6,3
100,91,"x14",28,2,0
100,92,"x1",27,24,3
100,92,"x2",24,2,0
100,92,"x3",18,2,1
100,92,"x4",29,26,8
100,92,"x5",16,5,3
100,92,"x6",28,25,24
100,92,"x7",21,11,5
100,92,"x8",29,12,7
100,92,"x9",16,10,0
100,92,"x10",27,26,16
100,92,"x11",27,23,0
100,92,"x12",17,1,0
100,92,"x13",25,13,4
100,92,"x14",23,12,2
100,93,"x1",2,0,0
100,93,"x2",29,27,24
100,93,"x3",19,15,14
100,93,"x4",28,24,16
100,93,"x5",27,14,2
100,93,"x6",23,20,19
100,93,"x7",28,16,0
100,93,"x8",21,20,2
100,93,"x9",29,19,15
100,93,"x10",10,4,1
100,93,"x11",22,10,0
100,93,"x12",25,24,17
100,93,"x13",29,26,24
100,93,"x14",23,7,0
100,94,"x1",28,26,24
100,94,"x2",29,0,0
100,94,"x3",19,6,4
100,94,"x4",26,20,18
100,94,"x5",19,3,0
100,94,"x6",27,25,23
100,94,"x7",29,22,16
100,94,"x8",20,1,0
100,94,"x9",29,26,24
100,94,"x10",29,28,26
100,94,"x11",28,27,24
100,94,"x12",23,18,10
100,94,"x13",25,19,16
100,94,"x14",15,0,0
100,95,"x1",26,23,12
100,95,"x2",25,21,9
100,95,"x3",29,28,25
100,95,"x4",26,18,17
100,95,"x5",28,24,11
100,95,"x6",28,21,2
100,95,"x7",24,21,13
100,95,"x8",10,1,0
100,95,"x9",28,24,17
100,95,"x10",24,18,17
100,95,"x11",27,14,8
100,95,"x12",25,19,1
100,95,"x13",27,13,7
100,95,"x14",29,2,0
100,96,"x1",28,17,12
100,96,"x2",27,16,15
100,96,"x3",2,1,0
100,96,"x4",26,0,0
100,96,"x5",27,17,0
100,96,"x6",2,0,0
100,96,"x7",18,14,8
100,96,"x8",28,16,1
100,96,"x9",18,12,0
100,96,"x10",28,23,17
100,96,"x11",23,21,0
100,96,"x12",19,6,1
100,96,"x13",28,23,20
100,96,"x14",0,0,0
100,97,"x1",22,18,15
100,97,"x2",0,0,0
100,97,"x3",24,2,1
100,97,"x4",28,2,0
100,97,"x5",12,3,0
100,97,"x6",2,0,0
100,97,"x7",29,27,18
100,97,"x8",27,20,9
100,97,"x9",27,26,24
100,97,"x10",23,17,12
100,97,"x11",26,23,22
100,97,"x12",12,0,0
100,97,"x13",29,24,23
100,97,"x14",29,14,2
100,98,"x1",28,25,10
100,98,"x2",26,24,21
100,98,"x3",23,20,11
100,98,"x4",20,0,0
100,98,"x5",6,2,0
100,98,"x6",26,22,13
100,98,"x7",29,27,26
100,98,"x8",23,2,1
100,98,"x9",23,11,10
100,98,"x10",28,26,23
100,98,"x11",23,7,1
100,98,"x12",26,21,0
100,98,"x13",24,20,16
100,98,"x14",27,26,25
100,99,"x1",10,0,0
100,99,"x2",14,3,0
100,99,"x3",29,25,3
100,99,"x4",27,10,0
100,99,"x5",21,8,4
100,99,"x6",22,4,2
100,99,"x7",26,23,22
100,99,"x8",28,24,4
100,99,"x9",25,0,0
100,99,"x10",28,23,12
100,99,"x11",26,24,0
100,99,"x12",28,26,1
100,99,"x13",28,26,22
100,99,"x14",26,24,13
100,100,"x1",1,0,0
100,100,"x2",0,0,0
100,100,"x3",2,1,0
100,100,"x4",23,19,9
100,100,"x5",27,26,15
100,100,"x6",25,23,10
100,100,"x7",29,16,2
100,100,"x8",29,28,27
100,100,"x9",24,14,11
100,100,"x10",24,18,8
100,100,"x11",0,0,0
100,100,"x12",1,0,0
100,100,"x13",25,19,14
100,100,"x14",18,8,5
500,1,"x1",29,19,3
500,1,"x2",25,5,2
500,1,"x3",23,13,8
500,1,"x4",0,0,0
500,1,"x5",27,24,19
500,1,"x6",4,3,2
500,1,"x7",3,1,0
500,1,"x8",16,15,14
500,1,"x9",27,22,16
500,1,"x10",21,20,16
500,1,"x11",11,0,0
500,1,"x12",2,1,0
500,1,"x13",28,12,7
500,1,"x14",11,5,2
500,2,"x1",16,12,3
500,2,"x2",19,4,3
500,2,"x3",28,26,2
500,2,"x4",3,1,0
500,2,"x5",25,17,3
500,2,"x6",9,3,2
500,2,"x7",25,1,0
500,2,"x8",28,2,1
500,2,"x9",27,25,23
500,2,"x10",24,15,14
500,2,"x11",18,0,0
500,2,"x12",4,3,2
500,2,"x13",11,3,2
500,2,"x14",29,27,2
500,3,"x1",27,24,22
500,3,"x2",25,3,2
500,3,"x3",24,21,10
500,3,"x4",17,8,2
500,3,"x5",4,0,0
500,3,"x6",26,5,3
500,3,"x7",11,1,0
500,3,"x8",28,2,1
500,3,"x9",24,23,22
500,3,"x10",24,23,20
500,3,"x11",23,18,11
500,3,"x12",27,3,2
500,3,"x13",3,1,0
500,3,"x14",6,2,0
500,4,"x1",26,19,14
500,4,"x2",19,10,5
500,4,"x3",29,2,1
500,4,"x4",5,3,2
500,4,"x5",26,3,0
500,4,"x6",20,12,3
500,4,"x7",1,0,0
500,4,"x8",2,1,0
500,4,"x9",29,23,16
500,4,"x10",23,20,14
500,4,"x11",19,10,8
500,4,"x12",19,16,3
500,4,"x13",13,10,8
500,4,"x14",2,0,0
500,5,"x1",18,16,13
500,5,"x2",28,23,21
500,5,"x3",28,15,4
500,5,"x4",22,16,0
500,5,"x5",23,4,3
500,5,"x6",19,3,2
500,5,"x7",14,6,1
500,5,"x8",2,1,0
500,5,"x9",12,11,10
500,5,"x10",14,12,11
500,5,"x11",25,18,11
500,5,"x12",17,2,1
500,5,"x13",24,18,11
500,5,"x14",23,7,6
500,6,"x1",4,3,2
500,6,"x2",4,3,2
500,6,"x3",13,10,8
500,6,"x4",26,9,1
500,6,"x5",9,3,0
500,6,"x6",9,3,2
500,6,"x7",29,28,1
500,6,"x8",15,9,2
500,6,"x9",27,12,11
500,6,"x10",24,12,11
500,6,"x11",17,16,13
500,6,"x12",26,18,8
500,6,"x13",16,14,5
500,6,"x14",15,8,2
500,7,"x1",4,3,2
500,7,"x2",18,5,4
500,7,"x3",2,1,0
500,7,"x4",14,4,3
500,7,"x5",4,3,0
500,7,"x6",3,2,1
500,7,"x7",22,16,1
500,7,"x8",26,25,19
500,7,"x9",15,12,11
500,7,"x10",17,14,13
500,7,"x11",26,5,4
500,7,"x12",25,11,2
500,7,"x13",3,1,0
500,7,"x14",2,0,0
500,8,"x1",4,3,2
500,8,"x2",7,3,2
500,8,"x3",26,13,3
500,8,"x4",3,2,1
500,8,"x5",26,3,0
500,8,"x6",12,8,3
500,8,"x7",9,1,0
500,8,"x8",6,2,1
500,8,"x9",24,18,16
500,8,"x10",22,12,9
500,8,"x11",24,9,6
500,8,"x12",26,20,16
500,8,"x13",20,8,5
500,8,"x14",3,2,1
500,9,"x1",4,3,2
500,9,"x2",5,2,1
500,9,"x3",8,3,2
500,9,"x4",1,0,0
500,9,"x5",24,15,4
500,9,"x6",22,21,3
500,9,"x7",21,6,1
500,9,"x8",2,1,0
500,9,"x9",29,27,13
500,9,"x10",26,17,16
500,9,"x11",2,0,0
500,9,"x12",23,18,5
500,9,"x13",14,3,1
500,9,"x14",6,2,0
500,10,"x1",21,3,2
500,10,"x2",27,14,9
500,10,"x3",28,24,18
500,10,"x4",16,0,0
500,10,"x5",20,13,4
500,10,"x6",3,2,1
500,10,"x7",12,9,0
500,10,"x8",26,13,6
500,10,"x9",26,12,11
500,10,"x10",27,23,14
500,10,"x11",0,0,0
500,10,"x12",2,1,0
500,10,"x13",4,3,1
500,10,"x14",2,0,0
500,11,"x1",14,6,4
500,11,"x2",24,18,4
500,11,"x3",28,27,9
500,11,"x4",12,0,0
500,11,"x5",19,3,2
500,11,"x6",9,8,3
500,11,"x7",1,0,0
500,11,"x8",5,2,1
500,11,"x9",27,23,11
500,11,"x10",23,12,11
500,11,"x11",29,0,0
500,11,"x12",19,11,2
500,11,"x13",21,3,1
500,11,"x14",20,17,13
500,12,"x1",29,3,2
500,12,"x2",7,5,3
500,12,"x3",18,2,1
500,12,"x4",23,20,4
500,12,"x5",25,16,4
500,12,"x6",17,9,3
500,12,"x7",1,0,0
500,12,"x8",5,2,1
500,12,"x9",12,11,10
500,12,"x10",23,12,11
500,12,"x11",23,21,9
500,12,"x12",3,2,1
500,12,"x13",19,3,1
500,12,"x14",18,9,2
500,13,"x1",19,4,3
500,13,"x2",5,3,2
500,13,"x3",3,2,1
500,13,"x4",27,19,12
500,13,"x5",15,2,0
500,13,"x6",29,24,3
500,13,"x7",7,1,0
500,13,"x8",17,15,1
500,13,"x9",23,13,12
500,13,"x10",28,21,12
500,13,"x11",1,0,0
500,13,"x12",15,5,2
500,13,"x13",3,2,1
500,13,"x14",2,1,0
500,14,"x1",29,24,23
500,14,"x2",25,5,4
500,14,"x3",28,5,2
500,14,"x4",7,4,0
500,14,"x5",24,21,13
500,14,"x6",3,2,1
500,14,"x7",27,0,0
500,14,"x8",2,1,0
500,14,"x9",24,22,12
500,14,"x10",29,24,22
500,14,"x11",27,21,11
500,14,"x12",13,3,2
500,14,"x13",28,24,20
500,14,"x14",28,25,24
500,15,"x1",8,4,3
500,15,"x2",5,4,3
500,15,"x3",25,14,12
500,15,"x4",23,6,3
500,15,"x5",11,2,1
500,15,"x6",28,19,17
500,15,"x7",27,23,8
500,15,"x8",29,1,0
500,15,"x9",22,17,12
500,15,"x10",23,21,12
500,15,"x11",27,24,18
500,15,"x12",20,10,9
500,15,"x13",5,3,2
500,15,"x14",23,2,0
500,16,"x1",3,2,0
500,16,"x2",23,22,17
500,16,"x3",2,1,0
500,16,"x4",23,5,2
500,16,"x5",22,10,9
500,16,"x6",20,17,6
500,16,"x7",27,25,14
500,16,"x8",1,0,0
500,16,"x9",24,22,12
500,16,"x10",24,23,22
500,16,"x11",26,11,0
500,16,"x12",28,1,0
500,16,"x13",3,2,1
500,16,"x14",8,2,1
500,17,"x1",23,6,3
500,17,"x2",2,0,0
500,17,"x3",2,1,0
500,17,"x4",3,1,0
500,17,"x5",27,21,3
500,17,"x6",26,11,9
500,17,"x7",27,23,13
500,17,"x8",9,2,1
500,17,"x9",23,12,11
500,17,"x10",17,14,12
500,17,"x11",21,0,0
500,17,"x12",17,3,2
500,17,"x13",24,3,1
500,17,"x14",2,0,0
500,18,"x1",10,4,3
500,18,"x2",27,5,3
500,18,"x3",6,3,2
500,18,"x4",12,3,1
500,18,"x5",28,27,5
500,18,"x6",5,3,2
500,18,"x7",24,21,2
500,18,"x8",27,2,1
500,18,"x9",21,13,11
500,18,"x10",23,20,17
500,18,"x11",0,0,0
500,18,"x12",29,2,1
500,18,"x13",3,2,1
500,18,"x14",2,0,0
500,19,"x1",12,8,4
500,19,"x2",21,7,4
500,19,"x3",18,4,3
500,19,"x4",25,21,0
500,19,"x5",3,0,0
500,19,"x6",17,6,3
500,19,"x7",4,1,0
500,19,"x8",15,2,1
500,19,"x9",25,23,22
500,19,"x10",25,21,12
500,19,"x11",26,11,0
500,19,"x12",3,2,1
500,19,"x13",23,21,19
500,19,"x14",2,1,0
500,20,"x1",22,3,2
500,20,"x2",19,3,2
500,20,"x3",24,11,9
500,20,"x4",18,3,2
500,20,"x5",17,12,4
500,20,"x6",17,3,2
500,20,"x7",1,0,0
500,20,"x8",1,0,0
500,20,"x9",28,27,22
500,20,"x10",27,23,22
500,20,"x11",29,12,3
500,20,"x12",2,1,0
500,20,"x13",20,4,3
500,20,"x14",26,19,3
500,21,"x1",17,12,4
500,21,"x2",5,3,2
500,21,"x3",28,19,4
500,21,"x4",20,13,0
500,21,"x5",24,20,16
500,21,"x6",3,2,0
500,21,"x7",20,9,3
500,21,"x8",22,8,5
500,21,"x9",25,23,20
500,21,"x10",23,21,14
500,21,"x11",6,0,0
500,21,"x12",19,17,12
500,21,"x13",19,16,3
500,21,"x14",18,2,1
500,22,"x1",29,3,2
500,22,"x2",28,14,5
500,22,"x3",27,2,1
500,22,"x4",29,20,19
500,22,"x5",19,13,8
500,22,"x6",25,6,3
500,22,"x7",26,25,0
500,22,"x8",24,14,3
500,22,"x9",27,25,24
500,22,"x10",25,24,21
500,22,"x11",23,0,0
500,22,"x12",2,1,0
500,22,"x13",8,3,1
500,22,"x14",25,2,0
500,23,"x1",18,6,4
500,23,"x2",8,4,3
500,23,"x3",27,2,1
500,23,"x4",24,5,3
500,23,"x5",4,0,0
500,23,"x6",20,3,2
500,23,"x7",1,0,0
500,23,"x8",17,3,1
500,23,"x9",26,24,22
500,23,"x10",24,23,17
500,23,"x11",0,0,0
500,23,"x12",25,2,1
500,23,"x13",25,17,16
500,23,"x14",27,16,2
500,24,"x1",3,2,1
500,24,"x2",27,5,4
500,24,"x3",24,23,10
500,24,"x4",26,5,0
500,24,"x5",29,25,19
500,24,"x6",25,19,3
500,24,"x7",6,1,0
500,24,"x8",1,0,0
500,24,"x9",22,12,11
500,24,"x10",26,22,12
500,24,"x11",23,21,13
500,24,"x12",27,2,1
500,24,"x13",3,2,1
500,24,"x14",2,1,0
500,25,"x1",18,4,3
500,25,"x2",10,4,2
500,25,"x3",26,16,15
500,25,"x4",1,0,0
500,25,"x5",24,23,3
500,25,"x6",23,22,3
500,25,"x7",25,0,0
500,25,"x8",23,20,7
500,25,"x9",22,12,11
500,25,"x10",12,11,9
500,25,"x11",11,3,0
500,25,"x12",2,1,0
500,25,"x13",29,24,14
500,25,"x14",26,23,2
500,26,"x1",22,12,7
500,26,"x2",3,2,1
500,26,"x3",5,3,2
500,26,"x4",2,1,0
500,26,"x5",4,0,0
500,26,"x6",5,3,2
500,26,"x7",28,24,21
500,26,"x8",29,2,1
500,26,"x9",22,12,11
500,26,"x10",22,20,12
500,26,"x11",21,13,0
500,26,"x12",26,4,2
500,26,"x13",22,3,1
500,26,"x14",27,21,2
500,27,"x1",16,4,3
500,27,"x2",16,5,3
500,27,"x3",2,1,0
500,27,"x4",29,1,0
500,27,"x5",22,3,0
500,27,"x6",3,2,0
500,27,"x7",1,0,0
500,27,"x8",3,2,1
500,27,"x9",22,20,19
500,27,"x10",27,20,12
500,27,"x11",1,0,0
500,27,"x12",22,4,3
500,27,"x13",26,20,19
500,27,"x14",22,19,15
500,28,"x1",25,14,13
500,28,"x2",12,10,9
500,28,"x3",10,7,2
500,28,"x4",19,10,3
500,28,"x5",8,4,3
500,28,"x6",24,6,3
500,28,"x7",20,15,6
500,28,"x8",25,4,1
500,28,"x9",27,23,22
500,28,"x10",27,23,20
500,28,"x11",27,23,20
500,28,"x12",10,7,3
500,28,"x13",14,12,8
500,28,"x14",2,1,0
500,29,"x1",25,8,5
500,29,"x2",5,4,2
500,29,"x3",27,2,1
500,29,"x4",26,23,4
500,29,"x5",3,0,0
500,29,"x6",3,2,0
500,29,"x7",1,0,0
500,29,"x8",2,1,0
500,29,"x9",29,20,12
500,29,"x10",13,12,11
500,29,"x11",23,11,0
500,29,"x12",2,1,0
500,29,"x13",22,3,1
500,29,"x14",21,11,2
500,30,"x1",19,13,4
500,30,"x2",26,21,20
500,30,"x3",16,2,1
500,30,"x4",3,2,0
500,30,"x5",22,9,3
500,30,"x6",3,2,0
500,30,"x7",27,24,20
500,30,"x8",3,2,1
500,30,"x9",28,25,13
500,30,"x10",12,9,8
500,30,"x11",11,9,0
500,30,"x12",21,2,1
500,30,"x13",29,20,3
500,30,"x14",19,2,1
500,31,"x1",13,3,2
500,31,"x2",5,2,1
500,31,"x3",15,4,2
500,31,"x4",3,2,1
500,31,"x5",25,21,14
500,31,"x6",13,3,2
500,31,"x7",25,1,0
500,31,"x8",26,24,2
500,31,"x9",28,25,23
500,31,"x10",24,21,12
500,31,"x11",11,0,0
500,31,"x12",27,3,2
500,31,"x13",24,23,9
500,31,"x14",5,2,0
500,32,"x1",17,14,4
500,32,"x2",2,1,0
500,32,"x3",21,7,2
500,32,"x4",22,0,0
500,32,"x5",26,4,3
500,32,"x6",3,2,1
500,32,"x7",29,26,9
500,32,"x8",16,9,2
500,32,"x9",26,18,12
500,32,"x10",24,18,12
500,32,"x11",11,0,0
500,32,"x12",2,1,0
500,32,"x13",25,11,3
500,32,"x14",24,10,2
500,33,"x1",28,23,4
500,33,"x2",16,14,5
500,33,"x3",2,1,0
500,33,"x4",10,3,0
500,33,"x5",22,4,3
500,33,"x6",11,5,3
500,33,"x7",18,9,1
500,33,"x8",1,0,0
500,33,"x9",12,11,10
500,33,"x10",20,12,11
500,33,"x11",20,16,3
500,33,"x12",5,4,2
500,33,"x13",23,8,6
500,33,"x14",22,5,2
500,34,"x1",26,17,4
500,34,"x2",23,3,2
500,34,"x3",29,21,9
500,34,"x4",18,0,0
500,34,"x5",10,5,4
500,34,"x6",22,13,3
500,34,"x7",23,16,1
500,34,"x8",14,5,2
500,34,"x9",29,23,12
500,34,"x10",24,23,15
500,34,"x11",12,11,0
500,34,"x12",3,2,1
500,34,"x13",24,5,3
500,34,"x14",23,3,2
500,35,"x1",4,3,2
500,35,"x2",24,20,19
500,35,"x3",3,2,1
500,35,"x4",15,13,9
500,35,"x5",29,14,8
500,35,"x6",21,3,2
500,35,"x7",23,1,0
500,35,"x8",13,2,1
500,35,"x9",24,23,12
500,35,"x10",24,23,19
500,35,"x11",11,0,0
500,35,"x12",24,4,3
500,35,"x13",18,3,2
500,35,"x14",23,20,2
500,36,"x1",28,15,3
500,36,"x2",29,7,3
500,36,"x3",25,8,2
500,36,"x4",20,1,0
500,36,"x5",17,7,4
500,36,"x6",29,25,19
500,36,"x7",18,1,0
500,36,"x8",19,13,2
500,36,"x9",25,23,22
500,36,"x10",25,12,11
500,36,"x11",20,10,0
500,36,"x12",27,2,1
500,36,"x13",4,3,2
500,36,"x14",2,1,0
500,37,"x1",23,15,10
500,37,"x2",14,10,3
500,37,"x3",25,23,19
500,37,"x4",9,3,1
500,37,"x5",15,4,3
500,37,"x6",3,2,0
500,37,"x7",5,1,0
500,37,"x8",23,2,1
500,37,"x9",23,13,12
500,37,"x10",29,23,20
500,37,"x11",23,6,0
500,37,"x12",6,2,1
500,37,"x13",13,6,3
500,37,"x14",21,19,7
500,38,"x1",3,2,1
500,38,"x2",6,4,3
500,38,"x3",15,2,1
500,38,"x4",19,18,10
500,38,"x5",27,23,4
500,38,"x6",3,2,0
500,38,"x7",19,1,0
500,38,"x8",8,1,0
500,38,"x9",24,23,12
500,38,"x10",29,24,23
500,38,"x11",9,3,0
500,38,"x12",22,19,2
500,38,"x13",23,22,11
500,38,"x14",2,0,0
500,39,"x1",4,3,2
500,39,"x2",11,4,3
500,39,"x3",11,9,3
500,39,"x4",12,3,2
500,39,"x5",4,3,0
500,39,"x6",8,3,2
500,39,"x7",22,1,0
500,39,"x8",4,2,1
500,39,"x9",13,12,11
500,39,"x10",14,12,11
500,39,"x11",15,11,0
500,39,"x12",2,1,0
500,39,"x13",3,2,1
500,39,"x14",26,2,0
500,40,"x1",12,4,3
500,40,"x2",15,13,4
500,40,"x3",12,2,1
500,40,"x4",28,11,0
500,40,"x5",28,4,0
500,40,"x6",16,13,11
500,40,"x7",26,21,1
500,40,"x8",19,2,1
500,40,"x9",26,25,23
500,40,"x10",25,23,12
500,40,"x11",23,3,1
500,40,"x12",29,3,2
500,40,"x13",17,3,1
500,40,"x14",28,8,2
500,41,"x1",15,4,3
500,41,"x2",21,3,2
500,41,"x3",23,4,3
500,41,"x4",26,3,0
500,41,"x5",18,3,0
500,41,"x6",28,17,11
500,41,"x7",12,10,0
500,41,"x8",2,1,0
500,41,"x9",23,22,12
500,41,"x10",29,24,23
500,41,"x11",8,1,0
500,41,"x12",25,4,3
500,41,"x13",3,2,1
500,41,"x14",2,0,0
500,42,"x1",28,3,2
500,42,"x2",5,3,2
500,42,"x3",29,2,1
500,42,"x4",2,0,0
500,42,"x5",26,18,0
500,42,"x6",3,2,0
500,42,"x7",27,1,0
500,42,"x8",19,2,1
500,42,"x9",23,12,11
500,42,"x10",23,15,14
500,42,"x11",17,11,0
500,42,"x12",23,6,3
500,42,"x13",26,15,4
500,42,"x14",29,19,2
500,43,"x1",16,4,3
500,43,"x2",3,2,0
500,43,"x3",22,3,2
500,43,"x4",1,0,0
500,43,"x5",2,1,0
500,43,"x6",13,3,2
500,43,"x7",29,23,1
500,43,"x8",27,10,6
500,43,"x9",23,22,19
500,43,"x10",24,23,17
500,43,"x11",12,11,5
500,43,"x12",3,2,1
500,43,"x13",29,28,27
500,43,"x14",26,2,0
500,44,"x1",4,3,2
500,44,"x2",26,24,5
500,44,"x3",5,2,1
500,44,"x4",25,1,0
500,44,"x5",21,4,3
500,44,"x6",24,3,2
500,44,"x7",21,1,0
500,44,"x8",2,1,0
500,44,"x9",25,23,19
500,44,"x10",24,21,18
500,44,"x11",11,0,0
500,44,"x12",24,14,3
500,44,"x13",29,27,25
500,44,"x14",11,2,0
500,45,"x1",24,13,4
500,45,"x2",5,3,2
500,45,"x3",16,2,1
500,45,"x4",23,1,0
500,45,"x5",21,15,6
500,45,"x6",25,3,2
500,45,"x7",1,0,0
500,45,"x8",1,0,0
500,45,"x9",23,22,20
500,45,"x10",28,23,19
500,45,"x11",8,0,0
500,45,"x12",25,18,3
500,45,"x13",26,23,4
500,45,"x14",22,16,2
500,46,"x1",3,2,1
500,46,"x2",26,23,3
500,46,"x3",24,23,12
500,46,"x4",27,6,1
500,46,"x5",3,0,0
500,46,"x6",3,2,1
500,46,"x7",22,1,0
500,46,"x8",6,2,1
500,46,"x9",19,12,11
500,46,"x10",29,12,11
500,46,"x11",0,0,0
500,46,"x12",12,3,2
500,46,"x13",21,3,2
500,46,"x14",27,16,15
500,47,"x1",20,18,4
500,47,"x2",7,5,4
500,47,"x3",15,3,2
500,47,"x4",26,25,18
500,47,"x5",18,9,3
500,47,"x6",29,21,16
500,47,"x7",29,27,16
500,47,"x8",7,2,1
500,47,"x9",22,12,11
500,47,"x10",23,22,15
500,47,"x11",13,11,6
500,47,"x12",12,10,2
500,47,"x13",27,12,5
500,47,"x14",2,1,0
500,48,"x1",3,2,1
500,48,"x2",3,2,0
500,48,"x3",22,10,6
500,48,"x4",27,3,0
500,48,"x5",29,4,3
500,48,"x6",25,12,3
500,48,"x7",7,1,0
500,48,"x8",10,1,0
500,48,"x9",11,10,3
500,48,"x10",12,11,9
500,48,"x11",21,11,0
500,48,"x12",25,2,1
500,48,"x13",3,2,1
500,48,"x14",2,1,0
500,49,"x1",28,18,4
500,49,"x2",12,5,4
500,49,"x3",23,20,12
500,49,"x4",3,0,0
500,49,"x5",4,3,0
500,49,"x6",3,2,1
500,49,"x7",27,15,1
500,49,"x8",22,2,1
500,49,"x9",23,22,12
500,49,"x10",28,23,21
500,49,"x11",11,2,0
500,49,"x12",23,5,2
500,49,"x13",29,20,3
500,49,"x14",23,18,13
500,50,"x1",27,8,3
500,50,"x2",7,5,3
500,50,"x3",28,4,2
500,50,"x4",12,0,0
500,50,"x5",26,17,4
500,50,"x6",19,5,3
500,50,"x7",3,1,0
500,50,"x8",2,1,0
500,50,"x9",17,12,11
500,50,"x10",20,14,12
500,50,"x11",19,17,14
500,50,"x12",25,24,2
500,50,"x13",21,3,1
500,50,"x14",2,0,0
500,51,"x1",8,3,2
500,51,"x2",5,4,3
500,51,"x3",27,15,13
500,51,"x4",16,15,1
500,51,"x5",25,18,9
500,51,"x6",24,15,3
500,51,"x7",24,9,1
500,51,"x8",18,4,2
500,51,"x9",26,22,21
500,51,"x10",26,15,12
500,51,"x11",27,22,11
500,51,"x12",26,7,5
500,51,"x13",3,1,0
500,51,"x14",18,15,2
500,52,"x1",8,3,2
500,52,"x2",29,22,15
500,52,"x3",16,12,2
500,52,"x4",22,13,10
500,52,"x5",20,14,3
500,52,"x6",23,5,3
500,52,"x7",1,0,0
500,52,"x8",19,2,1
500,52,"x9",22,12,11
500,52,"x10",25,19,12
500,52,"x11",26,11,0
500,52,"x12",25,21,18
500,52,"x13",3,2,1
500,52,"x14",21,2,1
500,53,"x1",12,6,4
500,53,"x2",5,3,2
500,53,"x3",24,18,2
500,53,"x4",23,22,3
500,53,"x5",4,2,1
500,53,"x6",9,3,2
500,53,"x7",10,1,0
500,53,"x8",2,1,0
500,53,"x9",23,22,20
500,53,"x10",23,20,12
500,53,"x11",6,4,0
500,53,"x12",20,2,1
500,53,"x13",18,16,13
500,53,"x14",26,21,12
500,54,"x1",18,4,3
500,54,"x2",20,18,15
500,54,"x3",26,16,3
500,54,"x4",23,22,1
500,54,"x5",27,5,4
500,54,"x6",19,13,3
500,54,"x7",28,1,0
500,54,"x8",27,12,11
500,54,"x9",23,22,17
500,54,"x10",29,24,23
500,54,"x11",4,1,0
500,54,"x12",28,27,10
500,54,"x13",17,3,1
500,54,"x14",16,2,0
500,55,"x1",4,3,2
500,55,"x2",4,2,1
500,55,"x3",29,9,2
500,55,"x4",9,0,0
500,55,"x5",17,6,5
500,55,"x6",14,3,2
500,55,"x7",12,1,0
500,55,"x8",25,4,2
500,55,"x9",23,18,15
500,55,"x10",23,17,14
500,55,"x11",28,15,9
500,55,"x12",20,5,3
500,55,"x13",27,21,16
500,55,"x14",20,15,2
500,56,"x1",5,3,2
500,56,"x2",3,2,0
500,56,"x3",15,10,3
500,56,"x4",20,17,7
500,56,"x5",15,10,6
500,56,"x6",23,11,3
500,56,"x7",7,3,1
500,56,"x8",27,10,3
500,56,"x9",24,23,12
500,56,"x10",23,15,12
500,56,"x11",20,1,0
500,56,"x12",6,2,1
500,56,"x13",28,25,5
500,56,"x14",23,5,2
500,57,"x1",27,17,3
500,57,"x2",4,3,2
500,57,"x3",22,20,16
500,57,"x4",25,0,0
500,57,"x5",27,10,4
500,57,"x6",20,17,15
500,57,"x7",25,6,0
500,57,"x8",6,2,1
500,57,"x9",29,22,12
500,57,"x10",22,12,11
500,57,"x11",26,14,6
500,57,"x12",1,0,0
500,57,"x13",7,3,2
500,57,"x14",18,2,1
500,58,"x1",7,3,2
500,58,"x2",14,9,3
500,58,"x3",26,18,2
500,58,"x4",3,0,0
500,58,"x5",28,7,3
500,58,"x6",9,3,2
500,58,"x7",22,1,0
500,58,"x8",4,1,0
500,58,"x9",23,12,11
500,58,"x10",23,12,9
500,58,"x11",23,17,0
500,58,"x12",22,20,3
500,58,"x13",28,20,15
500,58,"x14",14,6,2
500,59,"x1",10,4,3
500,59,"x2",16,6,4
500,59,"x3",6,3,2
500,59,"x4",0,0,0
500,59,"x5",29,22,17
500,59,"x6",28,23,3
500,59,"x7",12,2,1
500,59,"x8",28,26,2
500,59,"x9",26,25,24
500,59,"x10",25,12,11
500,59,"x11",8,0,0
500,59,"x12",2,1,0
500,59,"x13",3,2,1
500,59,"x14",23,9,2
500,60,"x1",11,8,3
500,60,"x2",25,14,3
500,60,"x3",27,26,24
500,60,"x4",15,5,1
500,60,"x5",29,7,3
500,60,"x6",3,2,1
500,60,"x7",1,0,0
500,60,"x8",28,22,6
500,60,"x9",23,21,13
500,60,"x10",20,12,11
500,60,"x11",26,24,23
500,60,"x12",5,2,1
500,60,"x13",3,2,1
500,60,"x14",2,1,0
500,61,"x1",22,18,3
500,61,"x2",29,4,3
500,61,"x3",22,16,6
500,61,"x4",17,11,3
500,61,"x5",14,5,3
500,61,"x6",29,26,25
500,61,"x7",28,23,20
500,61,"x8",20,15,1
500,61,"x9",26,25,23
500,61,"x10",24,18,12
500,61,"x11",19,11,0
500,61,"x12",5,2,1
500,61,"x13",28,3,1
500,61,"x14",5,2,0
500,62,"x1",8,4,3
500,62,"x2",26,24,4
500,62,"x3",27,15,4
500,62,"x4",23,1,0
500,62,"x5",3,0,0
500,62,"x6",13,7,3
500,62,"x7",27,12,4
500,62,"x8",1,0,0
500,62,"x9",12,11,10
500,62,"x10",17,13,12
500,62,"x11",1,0,0
500,62,"x12",14,9,3
500,62,"x13",27,10,8
500,62,"x14",25,20,7
500,63,"x1",26,4,3
500,63,"x2",5,3,2
500,63,"x3",2,1,0
500,63,"x4",0,0,0
500,63,"x5",20,15,5
500,63,"x6",25,5,3
500,63,"x7",1,0,0
500,63,"x8",26,1,0
500,63,"x9",12,11,10
500,63,"x10",16,12,11
500,63,"x11",14,10,0
500,63,"x12",19,18,14
500,63,"x13",17,7,3
500,63,"x14",2,0,0
500,64,"x1",4,3,2
500,64,"x2",25,13,4
500,64,"x3",16,14,10
500,64,"x4",26,22,3
500,64,"x5",24,3,0
500,64,"x6",21,3,2
500,64,"x7",1,0,0
500,64,"x8",25,20,2
500,64,"x9",26,15,12
500,64,"x10",26,17,16
500,64,"x11",28,11,8
500,64,"x12",5,2,1
500,64,"x13",14,6,4
500,64,"x14",3,2,0
500,65,"x1",23,17,7
500,65,"x2",3,2,0
500,65,"x3",29,7,3
500,65,"x4",22,0,0
500,65,"x5",4,1,0
500,65,"x6",24,21,16
500,65,"x7",11,1,0
500,65,"x8",3,2,1
500,65,"x9",23,19,18
500,65,"x10",28,25,23
500,65,"x11",23,19,9
500,65,"x12",27,2,1
500,65,"x13",24,22,17
500,65,"x14",15,5,2
500,66,"x1",27,4,3
500,66,"x2",5,3,2
500,66,"x3",21,3,2
500,66,"x4",17,0,0
500,66,"x5",4,3,1
500,66,"x6",28,17,11
500,66,"x7",29,8,5
500,66,"x8",2,1,0
500,66,"x9",29,23,22
500,66,"x10",27,24,23
500,66,"x11",25,23,3
500,66,"x12",25,16,3
500,66,"x13",16,4,3
500,66,"x14",2,1,0
500,67,"x1",4,3,2
500,67,"x2",3,2,1
500,67,"x3",27,2,1
500,67,"x4",22,13,3
500,67,"x5",3,2,1
500,67,"x6",3,2,0
500,67,"x7",1,0,0
500,67,"x8",2,1,0
500,67,"x9",25,23,15
500,67,"x10",24,14,12
500,67,"x11",0,0,0
500,67,"x12",25,9,2
500,67,"x13",7,3,2
500,67,"x14",2,0,0
500,68,"x1",4,3,2
500,68,"x2",14,6,5
500,68,"x3",17,10,2
500,68,"x4",28,3,0
500,68,"x5",25,11,4
500,68,"x6",27,23,5
500,68,"x7",28,26,22
500,68,"x8",28,14,8
500,68,"x9",29,24,13
500,68,"x10",28,23,14
500,68,"x11",11,1,0
500,68,"x12",13,1,0
500,68,"x13",24,8,7
500,68,"x14",19,2,0
500,69,"x1",29,21,3
500,69,"x2",18,5,4
500,69,"x3",24,4,3
500,69,"x4",19,16,14
500,69,"x5",23,10,8
500,69,"x6",15,3,2
500,69,"x7",21,6,2
500,69,"x8",11,2,1
500,69,"x9",23,18,11
500,69,"x10",23,12,9
500,69,"x11",11,10,5
500,69,"x12",3,2,1
500,69,"x13",8,3,1
500,69,"x14",2,0,0
500,70,"x1",3,2,1
500,70,"x2",2,0,0
500,70,"x3",27,25,5
500,70,"x4",5,3,1
500,70,"x5",22,9,4
500,70,"x6",25,3,2
500,70,"x7",16,0,0
500,70,"x8",28,24,20
500,70,"x9",25,17,12
500,70,"x10",27,25,23
500,70,"x11",23,18,0
500,70,"x12",12,4,3
500,70,"x13",19,9,3
500,70,"x14",29,21,18
500,71,"x1",3,2,1
500,71,"x2",22,5,3
500,71,"x3",27,3,2
500,71,"x4",28,1,0
500,71,"x5",23,17,11
500,71,"x6",3,2,0
500,71,"x7",10,1,0
500,71,"x8",28,4,1
500,71,"x9",23,19,17
500,71,"x10",23,21,20
500,71,"x11",22,11,10
500,71,"x12",23,2,1
500,71,"x13",27,25,13
500,71,"x14",29,26,21
500,72,"x1",19,6,4
500,72,"x2",11,3,2
500,72,"x3",4,2,1
500,72,"x4",0,0,0
500,72,"x5",6,5,3
500,72,"x6",9,3,2
500,72,"x7",8,1,0
500,72,"x8",8,5,2
500,72,"x9",23,19,15
500,72,"x10",23,15,12
500,72,"x11",23,16,13
500,72,"x12",2,1,0
500,72,"x13",13,5,3
500,72,"x14",25,8,2
500,73,"x1",16,12,5
500,73,"x2",22,18,9
500,73,"x3",9,3,2
500,73,"x4",29,7,1
500,73,"x5",4,2,0
500,73,"x6",13,12,10
500,73,"x7",1,0,0
500,73,"x8",20,9,3
500,73,"x9",23,12,11
500,73,"x10",23,21,14
500,73,"x11",11,0,0
500,73,"x12",3,2,1
500,73,"x13",3,1,0
500,73,"x14",5,2,0
500,74,"x1",4,3,2
500,74,"x2",25,8,3
500,74,"x3",29,14,13
500,74,"x4",1,0,0
500,74,"x5",29,19,5
500,74,"x6",20,18,6
500,74,"x7",1,0,0
500,74,"x8",16,7,1
500,74,"x9",12,11,10
500,74,"x10",14,13,12
500,74,"x11",29,11,0
500,74,"x12",1,0,0
500,74,"x13",26,20,3
500,74,"x14",2,1,0
500,75,"x1",8,4,3
500,75,"x2",26,17,5
500,75,"x3",22,2,1
500,75,"x4",26,1,0
500,75,"x5",27,22,15
500,75,"x6",25,3,2
500,75,"x7",12,9,1
500,75,"x8",22,17,8
500,75,"x9",24,23,13
500,75,"x10",24,23,12
500,75,"x11",18,0,0
500,75,"x12",21,19,2
500,75,"x13",21,3,2
500,75,"x14",19,2,0
500,76,"x1",20,4,3
500,76,"x2",14,5,4
500,76,"x3",16,13,3
500,76,"x4",21,0,0
500,76,"x5",17,4,3
500,76,"x6",9,3,2
500,76,"x7",22,17,1
500,76,"x8",1,0,0
500,76,"x9",28,12,11
500,76,"x10",27,23,12
500,76,"x11",14,0,0
500,76,"x12",3,1,0
500,76,"x13",29,17,3
500,76,"x14",16,14,12
500,77,"x1",15,14,4
500,77,"x2",10,8,3
500,77,"x3",8,2,1
500,77,"x4",9,8,0
500,77,"x5",17,11,5
500,77,"x6",3,2,0
500,77,"x7",21,4,1
500,77,"x8",6,2,1
500,77,"x9",27,21,12
500,77,"x10",21,19,13
500,77,"x11",0,0,0
500,77,"x12",3,2,1
500,77,"x13",25,4,3
500,77,"x14",2,1,0
500,78,"x1",29,4,3
500,78,"x2",24,5,3
500,78,"x3",24,23,18
500,78,"x4",28,26,23
500,78,"x5",13,3,0
500,78,"x6",17,3,2
500,78,"x7",26,8,1
500,78,"x8",2,1,0
500,78,"x9",24,22,16
500,78,"x10",24,22,21
500,78,"x11",17,16,11
500,78,"x12",15,1,0
500,78,"x13",24,16,3
500,78,"x14",2,0,0
500,79,"x1",23,3,2
500,79,"x2",3,2,0
500,79,"x3",25,2,1
500,79,"x4",0,0,0
500,79,"x5",23,14,4
500,79,"x6",3,2,1
500,79,"x7",16,6,1
500,79,"x8",12,1,0
500,79,"x9",23,19,12
500,79,"x10",26,23,12
500,79,"x11",29,23,11
500,79,"x12",19,3,2
500,79,"x13",13,3,1
500,79,"x14",2,0,0
500,80,"x1",24,10,8
500,80,"x2",29,7,2
500,80,"x3",13,2,1
500,80,"x4",0,0,0
500,80,"x5",20,18,4
500,80,"x6",27,15,10
500,80,"x7",25,1,0
500,80,"x8",26,25,12
500,80,"x9",12,11,10
500,80,"x10",14,12,11
500,80,"x11",23,11,6
500,80,"x12",2,1,0
500,80,"x13",29,28,24
500,80,"x14",28,20,2
500,81,"x1",10,4,3
500,81,"x2",3,2,0
500,81,"x3",19,15,7
500,81,"x4",12,5,3
500,81,"x5",3,1,0
500,81,"x6",26,14,5
500,81,"x7",21,1,0
500,81,"x8",2,1,0
500,81,"x9",23,22,12
500,81,"x10",23,12,11
500,81,"x11",14,11,0
500,81,"x12",8,2,1
500,81,"x13",24,18,3
500,81,"x14",17,2,0
500,82,"x1",13,9,4
500,82,"x2",16,7,3
500,82,"x3",14,8,2
500,82,"x4",17,1,0
500,82,"x5",24,4,3
500,82,"x6",25,15,14
500,82,"x7",15,7,1
500,82,"x8",2,1,0
500,82,"x9",22,11,10
500,82,"x10",23,22,20
500,82,"x11",20,11,9
500,82,"x12",3,2,1
500,82,"x13",23,3,1
500,82,"x14",22,2,0
500,83,"x1",25,6,4
500,83,"x2",4,3,2
500,83,"x3",28,23,22
500,83,"x4",2,0,0
500,83,"x5",4,2,0
500,83,"x6",28,11,3
500,83,"x7",1,0,0
500,83,"x8",23,22,9
500,83,"x9",12,11,10
500,83,"x10",14,12,11
500,83,"x11",24,22,15
500,83,"x12",23,16,7
500,83,"x13",22,20,10
500,83,"x14",21,2,0
500,84,"x1",27,20,9
500,84,"x2",22,15,3
500,84,"x3",24,7,5
500,84,"x4",26,1,0
500,84,"x5",0,0,0
500,84,"x6",5,3,2
500,84,"x7",27,9,0
500,84,"x8",26,17,2
500,84,"x9",27,25,23
500,84,"x10",27,25,24
500,84,"x11",23,13,0
500,84,"x12",27,19,5
500,84,"x13",3,2,1
500,84,"x14",21,2,0
500,85,"x1",14,4,3
500,85,"x2",24,4,3
500,85,"x3",7,5,3
500,85,"x4",19,16,1
500,85,"x5",19,4,0
500,85,"x6",9,3,2
500,85,"x7",15,12,1
500,85,"x8",2,1,0
500,85,"x9",28,23,22
500,85,"x10",28,21,20
500,85,"x11",0,0,0
500,85,"x12",19,6,2
500,85,"x13",3,2,1
500,85,"x14",2,0,0
500,86,"x1",29,19,14
500,86,"x2",20,13,4
500,86,"x3",26,13,2
500,86,"x4",1,0,0
500,86,"x5",29,6,3
500,86,"x6",9,3,2
500,86,"x7",27,17,1
500,86,"x8",20,9,6
500,86,"x9",25,15,12
500,86,"x10",29,24,14
500,86,"x11",29,25,9
500,86,"x12",20,3,2
500,86,"x13",12,3,1
500,86,"x14",2,0,0
500,87,"x1",26,3,2
500,87,"x2",27,24,13
500,87,"x3",17,13,3
500,87,"x4",20,5,1
500,87,"x5",13,0,0
500,87,"x6",23,6,4
500,87,"x7",17,8,1
500,87,"x8",27,2,1
500,87,"x9",24,19,12
500,87,"x10",24,23,19
500,87,"x11",0,0,0
500,87,"x12",9,5,2
500,87,"x13",3,2,1
500,87,"x14",2,0,0
500,88,"x1",22,8,3
500,88,"x2",7,4,3
500,88,"x3",12,2,1
500,88,"x4",2,0,0
500,88,"x5",29,13,3
500,88,"x6",3,2,1
500,88,"x7",23,11,1
500,88,"x8",2,1,0
500,88,"x9",12,11,10
500,88,"x10",23,14,12
500,88,"x11",0,0,0
500,88,"x12",27,2,1
500,88,"x13",3,1,0
500,88,"x14",2,0,0
500,89,"x1",4,3,2
500,89,"x2",5,3,2
500,89,"x3",28,18,6
500,89,"x4",20,4,1
500,89,"x5",24,22,21
500,89,"x6",3,2,1
500,89,"x7",26,10,1
500,89,"x8",13,6,2
500,89,"x9",28,26,22
500,89,"x10",28,26,22
500,89,"x11",25,21,0
500,89,"x12",22,8,2
500,89,"x13",9,3,2
500,89,"x14",25,14,2
500,90,"x1",28,26,23
500,90,"x2",9,4,2
500,90,"x3",25,3,2
500,90,"x4",28,20,19
500,90,"x5",25,23,4
500,90,"x6",7,3,2
500,90,"x7",29,9,1
500,90,"x8",29,28,20
500,90,"x9",26,13,12
500,90,"x10",25,23,20
500,90,"x11",28,16,11
500,90,"x12",11,10,5
500,90,"x13",17,10,6
500,90,"x14",2,1,0
500,91,"x1",3,2,0
500,91,"x2",27,23,11
500,91,"x3",5,3,2
500,91,"x4",28,0,0
500,91,"x5",4,0,0
500,91,"x6",13,5,3
500,91,"x7",26,23,17
500,91,"x8",29,1,0
500,91,"x9",27,23,21
500,91,"x10",27,23,16
500,91,"x11",11,3,0
500,91,"x12",25,18,14
500,91,"x13",4,3,2
500,91,"x14",25,19,2
500,92,"x1",15,4,3
500,92,"x2",20,15,5
500,92,"x3",29,23,20
500,92,"x4",28,5,0
500,92,"x5",16,10,5
500,92,"x6",17,3,2
500,92,"x7",23,2,1
500,92,"x8",2,1,0
500,92,"x9",21,15,12
500,92,"x10",26,20,15
500,92,"x11",27,11,6
500,92,"x12",25,23,18
500,92,"x13",4,3,2
500,92,"x14",8,2,0
500,93,"x1",11,7,6
500,93,"x2",6,2,0
500,93,"x3",23,2,1
500,93,"x4",3,2,1
500,93,"x5",6,1,0
500,93,"x6",20,3,2
500,93,"x7",24,16,1
500,93,"x8",22,2,1
500,93,"x9",29,15,12
500,93,"x10",28,14,12
500,93,"x11",12,0,0
500,93,"x12",19,2,1
500,93,"x13",24,23,22
500,93,"x14",17,13,7
500,94,"x1",26,20,18
500,94,"x2",8,4,3
500,94,"x3",25,15,5
500,94,"x4",28,17,0
500,94,"x5",4,3,0
500,94,"x6",22,3,2
500,94,"x7",14,4,1
500,94,"x8",21,13,2
500,94,"x9",23,22,12
500,94,"x10",23,21,18
500,94,"x11",11,5,0
500,94,"x12",11,3,2
500,94,"x13",23,20,5
500,94,"x14",19,10,2
500,95,"x1",29,12,3
500,95,"x2",27,4,3
500,95,"x3",3,2,1
500,95,"x4",26,24,3
500,95,"x5",3,0,0
500,95,"x6",21,3,2
500,95,"x7",1,0,0
500,95,"x8",28,2,1
500,95,"x9",25,24,12
500,95,"x10",13,12,11
500,95,"x11",0,0,0
500,95,"x12",12,2,1
500,95,"x13",13,8,4
500,95,"x14",2,0,0
500,96,"x1",29,4,3
500,96,"x2",4,3,2
500,96,"x3",18,5,3
500,96,"x4",26,13,8
500,96,"x5",4,0,0
500,96,"x6",21,14,3
500,96,"x7",25,18,8
500,96,"x8",7,1,0
500,96,"x9",26,25,24
500,96,"x10",26,25,24
500,96,"x11",26,11,0
500,96,"x12",7,2,1
500,96,"x13",29,16,5
500,96,"x14",2,0,0
500,97,"x1",3,2,1
500,97,"x2",11,10,5
500,97,"x3",26,21,20
500,97,"x4",14,3,1
500,97,"x5",22,14,3
500,97,"x6",29,28,20
500,97,"x7",29,13,1
500,97,"x8",22,21,14
500,97,"x9",23,21,12
500,97,"x10",23,12,11
500,97,"x11",7,0,0
500,97,"x12",17,3,2
500,97,"x13",3,2,1
500,97,"x14",23,19,2
500,98,"x1",4,3,2
500,98,"x2",28,20,5
500,98,"x3",10,5,4
500,98,"x4",29,26,20
500,98,"x5",8,7,3
500,98,"x6",13,5,3
500,98,"x7",24,16,5
500,98,"x8",21,2,1
500,98,"x9",23,22,14
500,98,"x10",23,21,20
500,98,"x11",27,11,0
500,98,"x12",3,2,1
500,98,"x13",25,19,4
500,98,"x14",2,0,0
500,99,"x1",3,2,1
500,99,"x2",4,3,2
500,99,"x3",2,1,0
500,99,"x4",16,1,0
500,99,"x5",4,3,0
500,99,"x6",6,4,3
500,99,"x7",7,1,0
500,99,"x8",23,3,2
500,99,"x9",23,22,12
500,99,"x10",28,17,16
500,99,"x11",28,18,11
500,99,"x12",14,11,9
500,99,"x13",20,3,1
500,99,"x14",21,20,19
500,100,"x1",4,3,2
500,100,"x2",22,16,5
500,100,"x3",2,1,0
500,100,"x4",14,11,1
500,100,"x5",22,12,3
500,100,"x6",3,2,0
500,100,"x7",25,3,1
500,100,"x8",22,16,1
500,100,"x9",12,11,10
500,100,"x10",25,12,11
500,100,"x11",11,9,5
500,100,"x12",23,2,1
500,100,"x13",25,8,3
500,100,"x14",24,22,2
1000,1,"x1",23,17,4
1000,1,"x2",28,21,16
1000,1,"x3",22,3,2
1000,1,"x4",28,24,2
1000,1,"x5",16,6,2
1000,1,"x6",24,5,3
1000,1,"x7",6,1,0
1000,1,"x8",20,18,16
1000,1,"x9",27,23,12
1000,1,"x10",26,23,13
1000,1,"x11",0,0,0
1000,1,"x12",29,26,7
1000,1,"x13",14,3,1
1000,1,"x14",25,13,4
1000,2,"x1",23,6,4
1000,2,"x2",5,4,3
1000,2,"x3",20,8,3
1000,2,"x4",3,0,0
1000,2,"x5",19,11,4
1000,2,"x6",27,5,3
1000,2,"x7",22,1,0
1000,2,"x8",12,2,1
1000,2,"x9",22,21,12
1000,2,"x10",23,22,17
1000,2,"x11",23,11,2
1000,2,"x12",6,3,2
1000,2,"x13",27,4,3
1000,2,"x14",24,8,2
1000,3,"x1",23,4,3
1000,3,"x2",24,10,7
1000,3,"x3",3,2,1
1000,3,"x4",29,17,4
1000,3,"x5",0,0,0
1000,3,"x6",3,2,1
1000,3,"x7",1,0,0
1000,3,"x8",6,3,1
1000,3,"x9",23,12,11
1000,3,"x10",24,23,12
1000,3,"x11",26,11,1
1000,3,"x12",21,20,17
1000,3,"x13",5,3,2
1000,3,"x14",28,17,4
1000,4,"x1",4,3,2
1000,4,"x2",23,5,4
1000,4,"x3",26,3,2
1000,4,"x4",26,5,3
1000,4,"x5",25,22,5
1000,4,"x6",29,6,5
1000,4,"x7",27,1,0
1000,4,"x8",25,10,2
1000,4,"x9",23,22,21
1000,4,"x10",23,19,12
1000,4,"x11",11,5,0
1000,4,"x12",23,7,3
1000,4,"x13",3,2,1
1000,4,"x14",14,2,1
1000,5,"x1",11,4,3
1000,5,"x2",19,7,5
1000,5,"x3",18,13,3
1000,5,"x4",21,17,4
1000,5,"x5",27,3,0
1000,5,"x6",25,7,3
1000,5,"x7",21,2,1
1000,5,"x8",27,15,11
1000,5,"x9",24,23,22
1000,5,"x10",28,24,23
1000,5,"x11",16,12,10
1000,5,"x12",27,2,1
1000,5,"x13",10,3,2
1000,5,"x14",15,11,3
1000,6,"x1",14,9,4
1000,6,"x2",5,4,3
1000,6,"x3",3,2,1
1000,6,"x4",3,1,0
1000,6,"x5",16,12,3
1000,6,"x6",13,3,2
1000,6,"x7",27,1,0
1000,6,"x8",6,2,1
1000,6,"x9",25,23,22
1000,6,"x10",23,21,12
1000,6,"x11",29,23,11
1000,6,"x12",29,23,12
1000,6,"x13",3,2,1
1000,6,"x14",29,2,1
1000,7,"x1",26,3,2
1000,7,"x2",12,5,4
1000,7,"x3",25,18,2
1000,7,"x4",16,0,0
1000,7,"x5",20,3,2
1000,7,"x6",21,5,3
1000,7,"x7",29,28,13
1000,7,"x8",11,2,1
1000,7,"x9",27,23,22
1000,7,"x10",23,21,12
1000,7,"x11",23,13,11
1000,7,"x12",4,3,2
1000,7,"x13",26,3,2
1000,7,"x14",2,1,0
1000,8,"x1",27,23,19
1000,8,"x2",3,2,1
1000,8,"x3",2,1,0
1000,8,"x4",29,16,9
1000,8,"x5",3,2,1
1000,8,"x6",28,20,19
1000,8,"x7",17,1,0
1000,8,"x8",21,15,14
1000,8,"x9",23,13,11
1000,8,"x10",24,18,16
1000,8,"x11",27,0,0
1000,8,"x12",15,4,3
1000,8,"x13",3,2,1
1000,8,"x14",2,0,0
1000,9,"x1",4,3,2
1000,9,"x2",8,3,2
1000,9,"x3",28,21,16
1000,9,"x4",6,5,3
1000,9,"x5",9,4,3
1000,9,"x6",3,2,1
1000,9,"x7",1,0,0
1000,9,"x8",12,2,1
1000,9,"x9",23,19,15
1000,9,"x10",23,21,18
1000,9,"x11",23,17,15
1000,9,"x12",25,21,4
1000,9,"x13",29,3,1
1000,9,"x14",28,2,0
1000,10,"x1",4,3,2
1000,10,"x2",24,16,12
1000,10,"x3",21,16,3
1000,10,"x4",3,0,0
1000,10,"x5",23,3,2
1000,10,"x6",22,14,7
1000,10,"x7",1,0,0
1000,10,"x8",20,7,4
1000,10,"x9",23,22,20
1000,10,"x10",19,14,13
1000,10,"x11",11,9,0
1000,10,"x12",17,3,2
1000,10,"x13",25,18,17
1000,10,"x14",21,17,16
1000,11,"x1",3,2,1
1000,11,"x2",5,3,2
1000,11,"x3",27,18,17
1000,11,"x4",4,3,1
1000,11,"x5",21,4,3
1000,11,"x6",3,2,0
1000,11,"x7",1,0,0
1000,11,"x8",2,1,0
1000,11,"x9",23,22,12
1000,11,"x10",23,21,20
1000,11,"x11",20,13,9
1000,11,"x12",28,4,2
1000,11,"x13",19,9,3
1000,11,"x14",27,8,2
1000,12,"x1",29,12,8
1000,12,"x2",5,4,3
1000,12,"x3",29,28,2
1000,12,"x4",16,3,0
1000,12,"x5",22,3,0
1000,12,"x6",24,20,3
1000,12,"x7",28,1,0
1000,12,"x8",26,5,2
1000,12,"x9",27,23,22
1000,12,"x10",29,23,16
1000,12,"x11",27,23,14
1000,12,"x12",18,9,4
1000,12,"x13",29,26,17
1000,12,"x14",24,2,1
1000,13,"x1",4,3,2
1000,13,"x2",18,17,11
1000,13,"x3",20,9,3
1000,13,"x4",16,3,1
1000,13,"x5",27,24,15
1000,13,"x6",29,3,2
1000,13,"x7",19,7,1
1000,13,"x8",24,12,2
1000,13,"x9",27,23,22
1000,13,"x10",27,23,21
1000,13,"x11",9,0,0
1000,13,"x12",10,2,1
1000,13,"x13",15,3,2
1000,13,"x14",10,5,2
1000,14,"x1",10,4,3
1000,14,"x2",5,4,3
1000,14,"x3",22,3,2
1000,14,"x4",2,1,0
1000,14,"x5",23,10,9
1000,14,"x6",9,3,2
1000,14,"x7",26,6,1
1000,14,"x8",2,1,0
1000,14,"x9",22,12,11
1000,14,"x10",20,18,12
1000,14,"x11",11,0,0
1000,14,"x12",10,2,1
1000,14,"x13",28,21,19
1000,14,"x14",27,13,10
1000,15,"x1",3,2,1
1000,15,"x2",14,9,7
1000,15,"x3",13,10,5
1000,15,"x4",3,2,1
1000,15,"x5",26,4,0
1000,15,"x6",3,2,1
1000,15,"x7",19,4,0
1000,15,"x8",24,17,2
1000,15,"x9",22,12,11
1000,15,"x10",23,22,15
1000,15,"x11",23,11,7
1000,15,"x12",22,15,12
1000,15,"x13",28,25,15
1000,15,"x14",28,27,20
1000,16,"x1",11,9,3
1000,16,"x2",27,15,5
1000,16,"x3",24,21,11
1000,16,"x4",3,1,0
1000,16,"x5",4,3,0
1000,16,"x6",21,18,12
1000,16,"x7",1,0,0
1000,16,"x8",2,1,0
1000,16,"x9",27,24,23
1000,16,"x10",27,24,23
1000,16,"x11",29,23,20
1000,16,"x12",21,3,2
1000,16,"x13",18,17,8
1000,16,"x14",17,16,2
1000,17,"x1",4,3,2
1000,17,"x2",29,21,17
1000,17,"x3",26,19,16
1000,17,"x4",9,3,2
1000,17,"x5",16,4,3
1000,17,"x6",3,2,1
1000,17,"x7",19,10,7
1000,17,"x8",18,16,7
1000,17,"x9",24,23,22
1000,17,"x10",24,23,15
1000,17,"x11",23,17,11
1000,17,"x12",26,2,1
1000,17,"x13",25,15,3
1000,17,"x14",2,1,0
1000,18,"x1",4,3,2
1000,18,"x2",10,5,3
1000,18,"x3",12,5,3
1000,18,"x4",13,12,3
1000,18,"x5",12,4,3
1000,18,"x6",15,3,2
1000,18,"x7",5,1,0
1000,18,"x8",2,1,0
1000,18,"x9",22,12,11
1000,18,"x10",23,22,17
1000,18,"x11",28,11,0
1000,18,"x12",19,3,2
1000,18,"x13",27,17,11
1000,18,"x14",22,16,14
1000,19,"x1",20,4,3
1000,19,"x2",5,4,3
1000,19,"x3",12,10,3
1000,19,"x4",28,3,1
1000,19,"x5",16,4,3
1000,19,"x6",3,2,0
1000,19,"x7",29,28,2
1000,19,"x8",22,2,1
1000,19,"x9",24,23,21
1000,19,"x10",28,24,23
1000,19,"x11",23,11,3
1000,19,"x12",5,4,3
1000,19,"x13",25,14,8
1000,19,"x14",7,2,1
1000,20,"x1",28,19,8
1000,20,"x2",14,4,2
1000,20,"x3",14,11,9
1000,20,"x4",3,0,0
1000,20,"x5",28,5,3
1000,20,"x6",11,3,2
1000,20,"x7",22,10,1
1000,20,"x8",22,18,14
1000,20,"x9",25,24,12
1000,20,"x10",24,14,13
1000,20,"x11",15,11,0
1000,20,"x12",4,2,1
1000,20,"x13",20,17,11
1000,20,"x14",2,1,0
1000,21,"x1",13,4,3
1000,21,"x2",14,5,3
1000,21,"x3",6,3,2
1000,21,"x4",16,10,1
1000,21,"x5",25,9,3
1000,21,"x6",22,19,3
1000,21,"x7",20,1,0
1000,21,"x8",2,1,0
1000,21,"x9",22,14,13
1000,21,"x10",21,14,12
1000,21,"x11",16,11,0
1000,21,"x12",29,7,3
1000,21,"x13",21,4,3
1000,21,"x14",4,3,2
1000,22,"x1",13,3,2
1000,22,"x2",10,5,4
1000,22,"x3",3,2,1
1000,22,"x4",24,22,4
1000,22,"x5",12,5,4
1000,22,"x6",3,2,1
1000,22,"x7",24,11,5
1000,22,"x8",1,0,0
1000,22,"x9",29,24,23
1000,22,"x10",24,23,20
1000,22,"x11",15,11,9
1000,22,"x12",18,3,2
1000,22,"x13",29,22,5
1000,22,"x14",28,4,2
1000,23,"x1",26,16,4
1000,23,"x2",26,4,3
1000,23,"x3",21,17,10
1000,23,"x4",26,18,12
1000,23,"x5",5,3,0
1000,23,"x6",7,6,3
1000,23,"x7",27,11,1
1000,23,"x8",5,2,1
1000,23,"x9",24,23,22
1000,23,"x10",24,23,22
1000,23,"x11",29,28,10
1000,23,"x12",6,5,3
1000,23,"x13",17,4,3
1000,23,"x14",17,3,2
1000,24,"x1",12,4,3
1000,24,"x2",10,5,3
1000,24,"x3",29,21,20
1000,24,"x4",20,17,0
1000,24,"x5",8,3,1
1000,24,"x6",24,3,2
1000,24,"x7",17,8,1
1000,24,"x8",14,2,1
1000,24,"x9",25,24,23
1000,24,"x10",24,14,12
1000,24,"x11",29,25,19
1000,24,"x12",2,1,0
1000,24,"x13",6,3,2
1000,24,"x14",10,2,0
1000,25,"x1",4,3,2
1000,25,"x2",18,10,8
1000,25,"x3",27,25,11
1000,25,"x4",5,2,0
1000,25,"x5",3,2,0
1000,25,"x6",11,3,2
1000,25,"x7",13,12,1
1000,25,"x8",8,2,1
1000,25,"x9",24,23,19
1000,25,"x10",24,23,18
1000,25,"x11",27,11,3
1000,25,"x12",26,23,22
1000,25,"x13",14,8,3
1000,25,"x14",26,2,1
1000,26,"x1",3,2,1
1000,26,"x2",12,8,5
1000,26,"x3",24,16,3
1000,26,"x4",25,1,0
1000,26,"x5",20,10,4
1000,26,"x6",8,3,2
1000,26,"x7",3,1,0
1000,26,"x8",17,4,3
1000,26,"x9",12,11,10
1000,26,"x10",14,13,12
1000,26,"x11",23,0,0
1000,26,"x12",28,22,21
1000,26,"x13",3,2,1
1000,26,"x14",5,2,1
1000,27,"x1",4,3,2
1000,27,"x2",14,6,5
1000,27,"x3",18,14,12
1000,27,"x4",20,4,2
1000,27,"x5",21,3,2
1000,27,"x6",3,2,0
1000,27,"x7",21,1,0
1000,27,"x8",23,2,1
1000,27,"x9",23,18,12
1000,27,"x10",23,18,12
1000,27,"x11",24,3,0
1000,27,"x12",4,3,2
1000,27,"x13",17,10,9
1000,27,"x14",9,2,0
1000,28,"x1",8,4,3
1000,28,"x2",25,5,3
1000,28,"x3",29,23,22
1000,28,"x4",5,3,1
1000,28,"x5",4,3,1
1000,28,"x6",26,22,15
1000,28,"x7",14,13,3
1000,28,"x8",2,1,0
1000,28,"x9",12,11,10
1000,28,"x10",23,14,12
1000,28,"x11",23,16,12
1000,28,"x12",3,2,1
1000,28,"x13",21,14,3
1000,28,"x14",28,26,20
1000,29,"x1",10,4,3
1000,29,"x2",26,14,6
1000,29,"x3",17,6,5
1000,29,"x4",22,3,2
1000,29,"x5",14,3,0
1000,29,"x6",21,12,3
1000,29,"x7",16,9,5
1000,29,"x8",22,9,2
1000,29,"x9",28,25,23
1000,29,"x10",24,23,17
1000,29,"x11",22,4,3
1000,29,"x12",5,3,2
1000,29,"x13",15,11,3
1000,29,"x14",14,8,5
1000,30,"x1",4,3,2
1000,30,"x2",4,3,2
1000,30,"x3",13,3,2
1000,30,"x4",19,7,4
1000,30,"x5",6,4,3
1000,30,"x6",26,20,15
1000,30,"x7",1,0,0
1000,30,"x8",2,1,0
1000,30,"x9",24,23,12
1000,30,"x10",23,14,13
1000,30,"x11",12,11,4
1000,30,"x12",6,4,3
1000,30,"x13",13,8,3
1000,30,"x14",29,14,7
1000,31,"x1",27,15,4
1000,31,"x2",28,3,2
1000,31,"x3",28,20,3
1000,31,"x4",6,3,1
1000,31,"x5",8,3,2
1000,31,"x6",29,27,26
1000,31,"x7",3,1,0
1000,31,"x8",12,2,1
1000,31,"x9",26,23,20
1000,31,"x10",24,23,12
1000,31,"x11",5,0,0
1000,31,"x12",17,12,2
1000,31,"x13",25,20,16
1000,31,"x14",24,7,2
1000,32,"x1",29,4,3
1000,32,"x2",28,25,8
1000,32,"x3",22,10,8
1000,32,"x4",6,3,1
1000,32,"x5",3,2,0
1000,32,"x6",20,5,4
1000,32,"x7",27,21,4
1000,32,"x8",25,13,2
1000,32,"x9",23,12,11
1000,32,"x10",23,21,12
1000,32,"x11",15,11,7
1000,32,"x12",19,7,3
1000,32,"x13",9,3,1
1000,32,"x14",27,2,0
1000,33,"x1",16,9,4
1000,33,"x2",22,16,5
1000,33,"x3",26,3,2
1000,33,"x4",3,0,0
1000,33,"x5",18,4,3
1000,33,"x6",9,3,2
1000,33,"x7",1,0,0
1000,33,"x8",10,2,1
1000,33,"x9",23,22,21
1000,33,"x10",23,19,13
1000,33,"x11",26,23,19
1000,33,"x12",29,25,18
1000,33,"x13",21,17,16
1000,33,"x14",15,2,0
1000,34,"x1",8,5,4
1000,34,"x2",20,17,7
1000,34,"x3",25,17,12
1000,34,"x4",3,2,1
1000,34,"x5",14,4,3
1000,34,"x6",15,6,5
1000,34,"x7",22,14,13
1000,34,"x8",2,1,0
1000,34,"x9",24,23,22
1000,34,"x10",23,20,14
1000,34,"x11",21,17,3
1000,34,"x12",22,4,2
1000,34,"x13",28,23,18
1000,34,"x14",9,2,0
1000,35,"x1",20,4,3
1000,35,"x2",16,5,4
1000,35,"x3",28,3,2
1000,35,"x4",13,9,4
1000,35,"x5",6,4,3
1000,35,"x6",28,26,16
1000,35,"x7",1,0,0
1000,35,"x8",12,2,1
1000,35,"x9",23,12,11
1000,35,"x10",26,24,23
1000,35,"x11",28,19,12
1000,35,"x12",29,4,3
1000,35,"x13",3,2,1
1000,35,"x14",2,0,0
1000,36,"x1",13,11,4
1000,36,"x2",23,11,7
1000,36,"x3",29,22,3
1000,36,"x4",25,10,0
1000,36,"x5",22,2,1
1000,36,"x6",28,3,2
1000,36,"x7",23,20,1
1000,36,"x8",12,2,1
1000,36,"x9",25,23,12
1000,36,"x10",24,20,18
1000,36,"x11",20,11,3
1000,36,"x12",2,1,0
1000,36,"x13",19,18,12
1000,36,"x14",25,21,18
1000,37,"x1",19,12,4
1000,37,"x2",17,5,4
1000,37,"x3",14,6,4
1000,37,"x4",19,6,1
1000,37,"x5",23,4,3
1000,37,"x6",29,10,3
1000,37,"x7",17,5,1
1000,37,"x8",25,13,7
1000,37,"x9",23,12,11
1000,37,"x10",24,23,21
1000,37,"x11",27,24,22
1000,37,"x12",18,4,3
1000,37,"x13",21,13,4
1000,37,"x14",25,20,12
1000,38,"x1",4,3,2
1000,38,"x2",24,23,19
1000,38,"x3",14,3,2
1000,38,"x4",3,1,0
1000,38,"x5",29,4,3
1000,38,"x6",20,5,3
1000,38,"x7",14,1,0
1000,38,"x8",2,1,0
1000,38,"x9",23,12,11
1000,38,"x10",17,12,11
1000,38,"x11",28,11,8
1000,38,"x12",27,4,2
1000,38,"x13",18,3,2
1000,38,"x14",17,8,7
1000,39,"x1",6,3,2
1000,39,"x2",28,5,4
1000,39,"x3",24,4,3
1000,39,"x4",22,10,5
1000,39,"x5",11,3,1
1000,39,"x6",3,2,1
1000,39,"x7",23,11,6
1000,39,"x8",20,2,1
1000,39,"x9",29,23,22
1000,39,"x10",21,19,14
1000,39,"x11",12,11,10
1000,39,"x12",24,17,10
1000,39,"x13",29,11,3
1000,39,"x14",2,1,0
1000,40,"x1",27,10,8
1000,40,"x2",22,5,4
1000,40,"x3",29,23,7
1000,40,"x4",22,19,4
1000,40,"x5",26,20,9
1000,40,"x6",25,3,2
1000,40,"x7",1,0,0
1000,40,"x8",29,15,4
1000,40,"x9",22,12,11
1000,40,"x10",22,14,12
1000,40,"x11",29,17,11
1000,40,"x12",3,2,1
1000,40,"x13",19,3,2
1000,40,"x14",25,18,2
1000,41,"x1",29,14,10
1000,41,"x2",29,9,5
1000,41,"x3",21,2,1
1000,41,"x4",26,25,3
1000,41,"x5",16,12,7
1000,41,"x6",23,9,3
1000,41,"x7",13,9,1
1000,41,"x8",11,2,1
1000,41,"x9",24,23,19
1000,41,"x10",23,14,12
1000,41,"x11",17,9,0
1000,41,"x12",18,8,2
1000,41,"x13",29,16,10
1000,41,"x14",29,10,2
1000,42,"x1",17,16,4
1000,42,"x2",5,3,2
1000,42,"x3",27,24,10
1000,42,"x4",23,13,4
1000,42,"x5",20,18,11
1000,42,"x6",18,10,5
1000,42,"x7",18,5,1
1000,42,"x8",18,3,2
1000,42,"x9",23,22,20
1000,42,"x10",23,19,15
1000,42,"x11",28,25,23
1000,42,"x12",12,2,1
1000,42,"x13",27,19,3
1000,42,"x14",24,2,0
1000,43,"x1",16,15,4
1000,43,"x2",19,4,3
1000,43,"x3",26,24,17
1000,43,"x4",19,7,3
1000,43,"x5",27,4,3
1000,43,"x6",21,19,3
1000,43,"x7",1,0,0
1000,43,"x8",24,19,2
1000,43,"x9",23,22,12
1000,43,"x10",24,21,20
1000,43,"x11",11,0,0
1000,43,"x12",5,3,2
1000,43,"x13",3,1,0
1000,43,"x14",2,0,0
1000,44,"x1",4,3,2
1000,44,"x2",5,4,3
1000,44,"x3",29,12,3
1000,44,"x4",4,3,2
1000,44,"x5",3,2,0
1000,44,"x6",3,2,0
1000,44,"x7",25,21,11
1000,44,"x8",17,2,1
1000,44,"x9",24,22,15
1000,44,"x10",24,23,14
1000,44,"x11",26,17,11
1000,44,"x12",24,2,1
1000,44,"x13",28,16,3
1000,44,"x14",15,2,0
1000,45,"x1",26,12,3
1000,45,"x2",4,3,2
1000,45,"x3",16,11,3
1000,45,"x4",27,25,19
1000,45,"x5",4,3,2
1000,45,"x6",7,3,2
1000,45,"x7",29,25,1
1000,45,"x8",2,1,0
1000,45,"x9",29,24,22
1000,45,"x10",24,23,18
1000,45,"x11",11,0,0
1000,45,"x12",10,3,2
1000,45,"x13",25,18,4
1000,45,"x14",26,17,2
1000,46,"x1",6,4,3
1000,46,"x2",5,3,2
1000,46,"x3",25,24,4
1000,46,"x4",3,0,0
1000,46,"x5",3,1,0
1000,46,"x6",22,17,3
1000,46,"x7",1,0,0
1000,46,"x8",15,13,3
1000,46,"x9",12,11,10
1000,46,"x10",21,14,12
1000,46,"x11",23,11,10
1000,46,"x12",26,16,2
1000,46,"x13",26,21,3
1000,46,"x14",2,0,0
1000,47,"x1",8,4,3
1000,47,"x2",20,14,7
1000,47,"x3",22,20,8
1000,47,"x4",25,3,1
1000,47,"x5",12,4,3
1000,47,"x6",9,3,2
1000,47,"x7",19,12,1
1000,47,"x8",13,6,2
1000,47,"x9",23,13,12
1000,47,"x10",24,23,12
1000,47,"x11",17,11,3
1000,47,"x12",16,11,2
1000,47,"x13",9,3,2
1000,47,"x14",16,2,1
1000,48,"x1",4,3,2
1000,48,"x2",28,24,8
1000,48,"x3",29,28,3
1000,48,"x4",29,3,1
1000,48,"x5",19,4,3
1000,48,"x6",5,3,2
1000,48,"x7",18,4,1
1000,48,"x8",19,15,2
1000,48,"x9",24,23,22
1000,48,"x10",23,22,20
1000,48,"x11",16,0,0
1000,48,"x12",3,2,1
1000,48,"x13",19,3,2
1000,48,"x14",18,2,1
1000,49,"x1",4,3,2
1000,49,"x2",28,6,5
1000,49,"x3",16,11,5
1000,49,"x4",16,3,2
1000,49,"x5",17,11,3
1000,49,"x6",19,3,2
1000,49,"x7",10,3,1
1000,49,"x8",23,2,1
1000,49,"x9",24,23,22
1000,49,"x10",24,23,17
1000,49,"x11",24,23,20
1000,49,"x12",21,15,14
1000,49,"x13",18,9,5
1000,49,"x14",2,0,0
1000,50,"x1",10,4,3
1000,50,"x2",15,6,3
1000,50,"x3",18,12,7
1000,50,"x4",23,17,15
1000,50,"x5",11,4,2
1000,50,"x6",3,2,1
1000,50,"x7",9,3,1
1000,50,"x8",2,1,0
1000,50,"x9",22,14,13
1000,50,"x10",21,16,14
1000,50,"x11",11,10,1
1000,50,"x12",5,3,2
1000,50,"x13",8,3,1
1000,50,"x14",4,3,2
1000,51,"x1",29,12,4
1000,51,"x2",27,5,3
1000,51,"x3",4,3,2
1000,51,"x4",25,22,12
1000,51,"x5",12,2,1
1000,51,"x6",3,2,1
1000,51,"x7",27,21,16
1000,51,"x8",9,2,1
1000,51,"x9",25,24,23
1000,51,"x10",25,23,20
1000,51,"x11",23,11,0
1000,51,"x12",20,17,13
1000,51,"x13",26,5,3
1000,51,"x14",25,15,9
1000,52,"x1",4,3,2
1000,52,"x2",5,4,3
1000,52,"x3",22,3,2
1000,52,"x4",13,9,0
1000,52,"x5",18,15,9
1000,52,"x6",13,3,2
1000,52,"x7",13,7,1
1000,52,"x8",9,2,1
1000,52,"x9",24,23,21
1000,52,"x10",24,23,17
1000,52,"x11",11,4,0
1000,52,"x12",3,2,1
1000,52,"x13",15,12,3
1000,52,"x14",17,14,2
1000,53,"x1",21,4,3
1000,53,"x2",5,4,3
1000,53,"x3",25,21,13
1000,53,"x4",3,2,0
1000,53,"x5",11,4,3
1000,53,"x6",21,19,3
1000,53,"x7",1,0,0
1000,53,"x8",8,2,1
1000,53,"x9",26,24,23
1000,53,"x10",28,26,24
1000,53,"x11",15,0,0
1000,53,"x12",5,3,2
1000,53,"x13",25,3,2
1000,53,"x14",29,2,1
1000,54,"x1",4,3,2
1000,54,"x2",27,5,3
1000,54,"x3",24,3,2
1000,54,"x4",26,3,0
1000,54,"x5",26,4,3
1000,54,"x6",21,5,3
1000,54,"x7",1,0,0
1000,54,"x8",25,2,1
1000,54,"x9",23,22,13
1000,54,"x10",23,20,17
1000,54,"x11",11,10,5
1000,54,"x12",4,3,2
1000,54,"x13",25,18,5
1000,54,"x14",28,24,10
1000,55,"x1",4,3,2
1000,55,"x2",25,5,4
1000,55,"x3",28,24,22
1000,55,"x4",25,22,7
1000,55,"x5",18,16,2
1000,55,"x6",3,2,1
1000,55,"x7",4,3,2
1000,55,"x8",24,17,2
1000,55,"x9",24,12,11
1000,55,"x10",24,16,14
1000,55,"x11",8,0,0
1000,55,"x12",4,2,1
1000,55,"x13",16,14,3
1000,55,"x14",26,21,2
1000,56,"x1",4,3,2
1000,56,"x2",27,5,4
1000,56,"x3",28,21,18
1000,56,"x4",1,0,0
1000,56,"x5",12,3,2
1000,56,"x6",3,2,1
1000,56,"x7",24,2,1
1000,56,"x8",24,2,1
1000,56,"x9",23,22,21
1000,56,"x10",23,21,18
1000,56,"x11",11,0,0
1000,56,"x12",26,16,13
1000,56,"x13",27,22,4
1000,56,"x14",26,23,21
1000,57,"x1",4,3,2
1000,57,"x2",18,11,5
1000,57,"x3",2,1,0
1000,57,"x4",3,1,0
1000,57,"x5",24,3,2
1000,57,"x6",3,2,1
1000,57,"x7",21,19,14
1000,57,"x8",8,2,1
1000,57,"x9",23,22,14
1000,57,"x10",23,14,12
1000,57,"x11",29,16,1
1000,57,"x12",24,10,2
1000,57,"x13",15,12,3
1000,57,"x14",29,14,12
1000,58,"x1",4,3,2
1000,58,"x2",21,17,14
1000,58,"x3",19,3,2
1000,58,"x4",22,8,3
1000,58,"x5",4,3,2
1000,58,"x6",21,18,3
1000,58,"x7",13,11,1
1000,58,"x8",15,2,1
1000,58,"x9",23,22,13
1000,58,"x10",23,21,16
1000,58,"x11",25,21,11
1000,58,"x12",24,3,2
1000,58,"x13",28,26,17
1000,58,"x14",24,20,2
1000,59,"x1",26,4,3
1000,59,"x2",4,3,2
1000,59,"x3",10,2,1
1000,59,"x4",24,14,9
1000,59,"x5",5,3,2
1000,59,"x6",3,2,1
1000,59,"x7",21,16,9
1000,59,"x8",15,2,1
1000,59,"x9",24,23,12
1000,59,"x10",24,23,20
1000,59,"x11",24,18,12
1000,59,"x12",26,19,3
1000,59,"x13",13,9,5
1000,59,"x14",2,1,0
1000,60,"x1",23,10,7
1000,60,"x2",24,5,3
1000,60,"x3",2,1,0
1000,60,"x4",12,11,3
1000,60,"x5",5,3,0
1000,60,"x6",17,3,2
1000,60,"x7",1,0,0
1000,60,"x8",8,2,1
1000,60,"x9",23,22,12
1000,60,"x10",23,14,12
1000,60,"x11",23,17,15
1000,60,"x12",20,3,2
1000,60,"x13",29,14,3
1000,60,"x14",2,0,0
1000,61,"x1",4,3,2
1000,61,"x2",11,5,3
1000,61,"x3",28,15,3
1000,61,"x4",24,20,17
1000,61,"x5",29,4,3
1000,61,"x6",3,2,1
1000,61,"x7",8,1,0
1000,61,"x8",14,2,1
1000,61,"x9",29,23,22
1000,61,"x10",27,23,21
1000,61,"x11",23,19,13
1000,61,"x12",11,10,8
1000,61,"x13",10,6,3
1000,61,"x14",2,0,0
1000,62,"x1",23,4,3
1000,62,"x2",29,24,15
1000,62,"x3",28,25,24
1000,62,"x4",29,14,2
1000,62,"x5",20,3,0
1000,62,"x6",5,3,2
1000,62,"x7",24,1,0
1000,62,"x8",25,2,1
1000,62,"x9",23,22,15
1000,62,"x10",25,23,20
1000,62,"x11",24,22,11
1000,62,"x12",27,26,2
1000,62,"x13",17,7,3
1000,62,"x14",7,2,0
1000,63,"x1",9,4,3
1000,63,"x2",11,5,3
1000,63,"x3",11,3,2
1000,63,"x4",28,27,3
1000,63,"x5",3,2,0
1000,63,"x6",13,12,4
1000,63,"x7",26,1,0
1000,63,"x8",24,2,1
1000,63,"x9",28,24,23
1000,63,"x10",24,23,15
1000,63,"x11",23,17,11
1000,63,"x12",21,5,3
1000,63,"x13",29,14,4
1000,63,"x14",2,0,0
1000,64,"x1",27,24,10
1000,64,"x2",17,12,5
1000,64,"x3",22,18,17
1000,64,"x4",18,14,0
1000,64,"x5",3,2,0
1000,64,"x6",3,2,1
1000,64,"x7",3,1,0
1000,64,"x8",25,2,1
1000,64,"x9",29,23,22
1000,64,"x10",23,20,19
1000,64,"x11",23,17,11
1000,64,"x12",17,13,11
1000,64,"x13",6,3,2
1000,64,"x14",23,14,12
1000,65,"x1",28,14,4
1000,65,"x2",23,4,3
1000,65,"x3",13,3,2
1000,65,"x4",4,1,0
1000,65,"x5",13,3,2
1000,65,"x6",6,3,2
1000,65,"x7",25,1,0
1000,65,"x8",2,1,0
1000,65,"x9",27,24,23
1000,65,"x10",23,12,11
1000,65,"x11",24,11,0
1000,65,"x12",7,3,2
1000,65,"x13",24,3,1
1000,65,"x14",28,2,0
1000,66,"x1",18,4,3
1000,66,"x2",5,3,2
1000,66,"x3",27,20,3
1000,66,"x4",3,1,0
1000,66,"x5",28,3,2
1000,66,"x6",6,4,3
1000,66,"x7",12,1,0
1000,66,"x8",2,1,0
1000,66,"x9",23,22,12
1000,66,"x10",27,23,21
1000,66,"x11",16,11,0
1000,66,"x12",29,16,5
1000,66,"x13",24,21,18
1000,66,"x14",28,24,21
1000,67,"x1",12,6,4
1000,67,"x2",25,16,5
1000,67,"x3",25,4,2
1000,67,"x4",9,6,2
1000,67,"x5",8,4,3
1000,67,"x6",3,2,1
1000,67,"x7",1,0,0
1000,67,"x8",25,2,1
1000,67,"x9",23,12,11
1000,67,"x10",23,14,13
1000,67,"x11",23,13,11
1000,67,"x12",28,14,13
1000,67,"x13",18,3,2
1000,67,"x14",17,2,1
1000,68,"x1",14,4,3
1000,68,"x2",22,17,14
1000,68,"x3",23,20,11
1000,68,"x4",3,0,0
1000,68,"x5",24,14,1
1000,68,"x6",15,5,3
1000,68,"x7",19,1,0
1000,68,"x8",22,4,2
1000,68,"x9",24,16,12
1000,68,"x10",24,23,15
1000,68,"x11",11,0,0
1000,68,"x12",6,4,2
1000,68,"x13",19,3,2
1000,68,"x14",18,2,1
1000,69,"x1",22,21,13
1000,69,"x2",21,19,14
1000,69,"x3",11,3,2
1000,69,"x4",29,23,4
1000,69,"x5",28,4,2
1000,69,"x6",19,9,7
1000,69,"x7",21,1,0
1000,69,"x8",6,2,1
1000,69,"x9",23,12,11
1000,69,"x10",23,15,12
1000,69,"x11",28,23,14
1000,69,"x12",27,3,2
1000,69,"x13",14,3,2
1000,69,"x14",10,2,1
1000,70,"x1",24,16,4
1000,70,"x2",5,3,2
1000,70,"x3",23,6,4
1000,70,"x4",4,3,2
1000,70,"x5",4,3,2
1000,70,"x6",14,8,5
1000,70,"x7",12,2,1
1000,70,"x8",2,1,0
1000,70,"x9",21,16,13
1000,70,"x10",24,14,12
1000,70,"x11",29,27,15
1000,70,"x12",25,22,21
1000,70,"x13",20,19,11
1000,70,"x14",24,5,2
1000,71,"x1",4,3,2
1000,71,"x2",29,4,3
1000,71,"x3",28,9,4
1000,71,"x4",1,0,0
1000,71,"x5",14,11,4
1000,71,"x6",11,5,3
1000,71,"x7",26,4,3
1000,71,"x8",24,2,1
1000,71,"x9",24,23,22
1000,71,"x10",27,24,23
1000,71,"x11",23,4,2
1000,71,"x12",12,3,2
1000,71,"x13",24,14,3
1000,71,"x14",25,4,2
1000,72,"x1",28,18,4
1000,72,"x2",8,4,3
1000,72,"x3",28,16,10
1000,72,"x4",8,3,0
1000,72,"x5",23,3,2
1000,72,"x6",27,5,3
1000,72,"x7",1,0,0
1000,72,"x8",11,8,2
1000,72,"x9",23,22,18
1000,72,"x10",17,12,11
1000,72,"x11",14,11,0
1000,72,"x12",26,5,3
1000,72,"x13",16,8,3
1000,72,"x14",28,7,2
1000,73,"x1",21,4,3
1000,73,"x2",7,5,3
1000,73,"x3",8,3,2
1000,73,"x4",28,3,1
1000,73,"x5",20,4,3
1000,73,"x6",20,5,3
1000,73,"x7",10,7,1
1000,73,"x8",22,15,8
1000,73,"x9",24,23,22
1000,73,"x10",24,23,16
1000,73,"x11",23,16,11
1000,73,"x12",3,2,1
1000,73,"x13",23,3,2
1000,73,"x14",2,1,0
1000,74,"x1",11,7,4
1000,74,"x2",9,6,5
1000,74,"x3",19,3,2
1000,74,"x4",26,7,0
1000,74,"x5",4,3,0
1000,74,"x6",3,2,1
1000,74,"x7",28,12,1
1000,74,"x8",17,4,3
1000,74,"x9",23,22,12
1000,74,"x10",23,21,14
1000,74,"x11",23,0,0
1000,74,"x12",23,16,10
1000,74,"x13",26,18,3
1000,74,"x14",17,2,0
1000,75,"x1",13,4,3
1000,75,"x2",28,5,4
1000,75,"x3",24,17,10
1000,75,"x4",10,4,3
1000,75,"x5",4,2,1
1000,75,"x6",12,3,2
1000,75,"x7",25,1,0
1000,75,"x8",26,23,3
1000,75,"x9",22,12,11
1000,75,"x10",15,14,13
1000,75,"x11",28,22,16
1000,75,"x12",29,11,7
1000,75,"x13",5,3,1
1000,75,"x14",29,28,24
1000,76,"x1",22,4,3
1000,76,"x2",17,5,4
1000,76,"x3",16,8,6
1000,76,"x4",15,0,0
1000,76,"x5",23,16,13
1000,76,"x6",25,3,2
1000,76,"x7",15,11,1
1000,76,"x8",29,11,2
1000,76,"x9",25,24,22
1000,76,"x10",25,24,21
1000,76,"x11",23,12,11
1000,76,"x12",27,18,9
1000,76,"x13",3,1,0
1000,76,"x14",2,0,0
1000,77,"x1",29,17,16
1000,77,"x2",5,4,3
1000,77,"x3",26,14,13
1000,77,"x4",15,1,0
1000,77,"x5",24,12,4
1000,77,"x6",26,20,13
1000,77,"x7",22,20,1
1000,77,"x8",2,1,0
1000,77,"x9",23,22,14
1000,77,"x10",23,21,14
1000,77,"x11",29,23,22
1000,77,"x12",2,1,0
1000,77,"x13",23,22,3
1000,77,"x14",20,2,0
1000,78,"x1",29,10,4
1000,78,"x2",19,3,2
1000,78,"x3",4,3,2
1000,78,"x4",9,3,0
1000,78,"x5",3,2,1
1000,78,"x6",15,5,3
1000,78,"x7",1,0,0
1000,78,"x8",23,17,3
1000,78,"x9",28,27,24
1000,78,"x10",28,26,23
1000,78,"x11",23,11,10
1000,78,"x12",4,3,2
1000,78,"x13",21,9,7
1000,78,"x14",26,8,2
1000,79,"x1",16,4,3
1000,79,"x2",29,7,5
1000,79,"x3",18,6,3
1000,79,"x4",15,1,0
1000,79,"x5",17,13,7
1000,79,"x6",7,3,2
1000,79,"x7",25,1,0
1000,79,"x8",7,2,1
1000,79,"x9",26,24,23
1000,79,"x10",26,25,24
1000,79,"x11",11,0,0
1000,79,"x12",29,18,17
1000,79,"x13",14,8,7
1000,79,"x14",19,13,6
1000,80,"x1",12,4,3
1000,80,"x2",19,3,2
1000,80,"x3",12,3,2
1000,80,"x4",8,3,0
1000,80,"x5",4,3,0
1000,80,"x6",3,2,1
1000,80,"x7",28,25,3
1000,80,"x8",2,1,0
1000,80,"x9",24,22,21
1000,80,"x10",24,18,13
1000,80,"x11",27,24,11
1000,80,"x12",22,2,1
1000,80,"x13",11,3,2
1000,80,"x14",25,2,1
1000,81,"x1",4,3,2
1000,81,"x2",20,19,7
1000,81,"x3",22,8,3
1000,81,"x4",11,4,1
1000,81,"x5",10,8,4
1000,81,"x6",21,5,3
1000,81,"x7",14,12,1
1000,81,"x8",20,3,2
1000,81,"x9",23,22,13
1000,81,"x10",23,21,14
1000,81,"x11",11,5,3
1000,81,"x12",24,3,2
1000,81,"x13",11,5,3
1000,81,"x14",29,4,2
1000,82,"x1",28,4,3
1000,82,"x2",5,4,3
1000,82,"x3",24,21,10
1000,82,"x4",3,1,0
1000,82,"x5",4,3,2
1000,82,"x6",29,24,21
1000,82,"x7",1,0,0
1000,82,"x8",28,16,3
1000,82,"x9",23,22,12
1000,82,"x10",21,20,14
1000,82,"x11",21,16,4
1000,82,"x12",15,3,2
1000,82,"x13",14,12,3
1000,82,"x14",2,0,0
1000,83,"x1",27,20,10
1000,83,"x2",28,27,9
1000,83,"x3",15,10,3
1000,83,"x4",27,25,0
1000,83,"x5",4,3,1
1000,83,"x6",26,25,16
1000,83,"x7",25,7,1
1000,83,"x8",15,2,1
1000,83,"x9",28,25,23
1000,83,"x10",28,25,23
1000,83,"x11",7,5,0
1000,83,"x12",4,3,2
1000,83,"x13",28,22,21
1000,83,"x14",20,2,1
1000,84,"x1",28,20,19
1000,84,"x2",28,5,4
1000,84,"x3",18,15,4
1000,84,"x4",3,1,0
1000,84,"x5",18,3,0
1000,84,"x6",19,6,3
1000,84,"x7",21,1,0
1000,84,"x8",24,17,2
1000,84,"x9",24,23,12
1000,84,"x10",24,23,12
1000,84,"x11",28,22,11
1000,84,"x12",11,7,3
1000,84,"x13",26,22,17
1000,84,"x14",25,3,2
1000,85,"x1",20,15,4
1000,85,"x2",12,5,4
1000,85,"x3",3,2,1
1000,85,"x4",8,2,0
1000,85,"x5",29,4,3
1000,85,"x6",27,6,3
1000,85,"x7",21,1,0
1000,85,"x8",2,1,0
1000,85,"x9",29,22,15
1000,85,"x10",15,12,11
1000,85,"x11",11,8,0
1000,85,"x12",15,8,3
1000,85,"x13",21,20,18
1000,85,"x14",26,19,2
1000,86,"x1",4,3,2
1000,86,"x2",26,20,18
1000,86,"x3",24,18,17
1000,86,"x4",26,5,3
1000,86,"x5",19,16,3
1000,86,"x6",5,3,2
1000,86,"x7",18,4,1
1000,86,"x8",28,2,1
1000,86,"x9",24,22,20
1000,86,"x10",24,22,20
1000,86,"x11",27,25,14
1000,86,"x12",11,4,3
1000,86,"x13",29,26,24
1000,86,"x14",25,23,15
1000,87,"x1",4,3,2
1000,87,"x2",11,5,4
1000,87,"x3",3,2,1
1000,87,"x4",26,21,11
1000,87,"x5",3,2,1
1000,87,"x6",11,3,2
1000,87,"x7",14,1,0
1000,87,"x8",20,2,1
1000,87,"x9",23,17,12
1000,87,"x10",29,23,22
1000,87,"x11",11,0,0
1000,87,"x12",20,4,3
1000,87,"x13",29,21,14
1000,87,"x14",28,26,13
1000,88,"x1",22,12,4
1000,88,"x2",5,4,3
1000,88,"x3",24,20,4
1000,88,"x4",7,4,0
1000,88,"x5",23,15,3
1000,88,"x6",23,18,13
1000,88,"x7",1,0,0
1000,88,"x8",28,25,2
1000,88,"x9",24,23,16
1000,88,"x10",24,23,21
1000,88,"x11",28,23,1
1000,88,"x12",29,3,2
1000,88,"x13",25,17,14
1000,88,"x14",24,16,13
1000,89,"x1",29,19,3
1000,89,"x2",12,7,5
1000,89,"x3",24,3,2
1000,89,"x4",25,4,2
1000,89,"x5",3,0,0
1000,89,"x6",8,5,3
1000,89,"x7",1,0,0
1000,89,"x8",2,1,0
1000,89,"x9",24,23,22
1000,89,"x10",23,20,15
1000,89,"x11",11,3,0
1000,89,"x12",25,20,2
1000,89,"x13",26,19,8
1000,89,"x14",22,2,1
1000,90,"x1",4,3,2
1000,90,"x2",20,4,3
1000,90,"x3",16,3,2
1000,90,"x4",3,2,0
1000,90,"x5",13,4,3
1000,90,"x6",27,5,3
1000,90,"x7",28,1,0
1000,90,"x8",14,11,2
1000,90,"x9",23,13,12
1000,90,"x10",23,12,11
1000,90,"x11",24,11,10
1000,90,"x12",27,25,23
1000,90,"x13",29,23,3
1000,90,"x14",28,2,0
1000,91,"x1",26,4,3
1000,91,"x2",21,19,8
1000,91,"x3",10,3,2
1000,91,"x4",25,2,1
1000,91,"x5",29,4,3
1000,91,"x6",5,3,2
1000,91,"x7",15,1,0
1000,91,"x8",20,13,2
1000,91,"x9",23,16,12
1000,91,"x10",29,23,15
1000,91,"x11",27,22,11
1000,91,"x12",25,17,7
1000,91,"x13",9,5,3
1000,91,"x14",29,7,2
1000,92,"x1",3,2,1
1000,92,"x2",23,9,5
1000,92,"x3",3,2,1
1000,92,"x4",25,1,0
1000,92,"x5",23,17,4
1000,92,"x6",3,2,0
1000,92,"x7",12,1,0
1000,92,"x8",14,4,2
1000,92,"x9",26,23,22
1000,92,"x10",23,20,14
1000,92,"x11",22,21,13
1000,92,"x12",23,2,1
1000,92,"x13",23,6,3
1000,92,"x14",5,2,1
1000,93,"x1",22,4,3
1000,93,"x2",16,5,3
1000,93,"x3",7,4,3
1000,93,"x4",24,8,2
1000,93,"x5",25,4,0
1000,93,"x6",11,3,2
1000,93,"x7",27,20,6
1000,93,"x8",2,1,0
1000,93,"x9",27,24,23
1000,93,"x10",24,23,22
1000,93,"x11",11,3,2
1000,93,"x12",2,1,0
1000,93,"x13",17,7,3
1000,93,"x14",2,0,0
1000,94,"x1",4,3,2
1000,94,"x2",14,3,2
1000,94,"x3",8,3,2
1000,94,"x4",22,8,3
1000,94,"x5",6,5,3
1000,94,"x6",6,3,2
1000,94,"x7",26,25,1
1000,94,"x8",14,5,2
1000,94,"x9",24,23,22
1000,94,"x10",24,23,20
1000,94,"x11",24,19,11
1000,94,"x12",3,2,1
1000,94,"x13",26,8,3
1000,94,"x14",3,2,1
1000,95,"x1",23,4,3
1000,95,"x2",26,16,15
1000,95,"x3",22,18,4
1000,95,"x4",13,3,2
1000,95,"x5",2,0,0
1000,95,"x6",3,2,1
1000,95,"x7",7,1,0
1000,95,"x8",2,1,0
1000,95,"x9",25,24,22
1000,95,"x10",24,21,13
1000,95,"x11",11,6,4
1000,95,"x12",25,19,3
1000,95,"x13",15,9,3
1000,95,"x14",8,2,0
1000,96,"x1",29,4,3
1000,96,"x2",3,2,1
1000,96,"x3",27,15,8
1000,96,"x4",0,0,0
1000,96,"x5",10,4,3
1000,96,"x6",13,7,5
1000,96,"x7",21,17,11
1000,96,"x8",6,3,2
1000,96,"x9",24,23,19
1000,96,"x10",24,23,19
1000,96,"x11",4,1,0
1000,96,"x12",14,2,1
1000,96,"x13",16,10,8
1000,96,"x14",15,12,2
1000,97,"x1",4,3,2
1000,97,"x2",16,8,5
1000,97,"x3",3,2,1
1000,97,"x4",24,4,3
1000,97,"x5",20,16,15
1000,97,"x6",19,3,2
1000,97,"x7",21,7,1
1000,97,"x8",21,20,2
1000,97,"x9",23,22,21
1000,97,"x10",29,20,15
1000,97,"x11",29,28,11
1000,97,"x12",29,14,2
1000,97,"x13",9,3,1
1000,97,"x14",29,20,2
1000,98,"x1",16,4,3
1000,98,"x2",17,5,4
1000,98,"x3",4,3,2
1000,98,"x4",29,21,6
1000,98,"x5",19,9,4
1000,98,"x6",24,7,3
1000,98,"x7",29,19,6
1000,98,"x8",13,3,2
1000,98,"x9",25,24,23
1000,98,"x10",25,24,23
1000,98,"x11",22,0,0
1000,98,"x12",16,13,3
1000,98,"x13",28,23,21
1000,98,"x14",2,0,0
1000,99,"x1",23,4,3
1000,99,"x2",22,20,17
1000,99,"x3",27,11,5
1000,99,"x4",23,3,1
1000,99,"x5",21,4,2
1000,99,"x6",16,3,2
1000,99,"x7",27,25,23
1000,99,"x8",29,16,2
1000,99,"x9",23,22,17
1000,99,"x10",27,23,21
1000,99,"x11",23,11,0
1000,99,"x12",18,7,3
1000,99,"x13",4,3,1
1000,99,"x14",24,2,0
1000,100,"x1",4,3,2
1000,100,"x2",5,3,2
1000,100,"x3",3,2,1
1000,100,"x4",28,13,1
1000,100,"x5",22,12,2
1000,100,"x6",26,3,2
1000,100,"x7",15,1,0
1000,100,"x8",10,2,1
1000,100,"x9",23,22,13
1000,100,"x10",13,12,11
1000,100,"x11",11,0,0
1000,100,"x12",2,1,0
1000,100,"x13",29,28,21
1000,100,"x14",18,16,8
2000,1,"x1",18,4,3
2000,1,"x2",11,5,4
2000,1,"x3",18,12,7
2000,1,"x4",18,3,1
2000,1,"x5",11,9,4
2000,1,"x6",3,2,1
2000,1,"x7",16,1,0
2000,1,"x8",12,10,2
2000,1,"x9",27,12,11
2000,1,"x10",23,16,14
2000,1,"x11",20,12,11
2000,1,"x12",3,2,1
2000,1,"x13",9,3,2
2000,1,"x14",2,1,0
2000,2,"x1",14,13,4
2000,2,"x2",28,14,8
2000,2,"x3",14,12,4
2000,2,"x4",25,20,16
2000,2,"x5",16,8,7
2000,2,"x6",5,3,2
2000,2,"x7",1,0,0
2000,2,"x8",2,1,0
2000,2,"x9",24,23,22
2000,2,"x10",24,23,21
2000,2,"x11",28,23,17
2000,2,"x12",26,24,3
2000,2,"x13",23,3,2
2000,2,"x14",14,2,1
2000,3,"x1",25,13,4
2000,3,"x2",25,5,4
2000,3,"x3",4,3,2
2000,3,"x4",20,9,4
2000,3,"x5",8,4,3
2000,3,"x6",29,5,3
2000,3,"x7",26,7,4
2000,3,"x8",2,1,0
2000,3,"x9",24,23,13
2000,3,"x10",24,23,14
2000,3,"x11",25,23,21
2000,3,"x12",14,3,2
2000,3,"x13",11,10,7
2000,3,"x14",29,26,20
2000,4,"x1",14,4,3
2000,4,"x2",13,5,4
2000,4,"x3",19,14,4
2000,4,"x4",20,3,2
2000,4,"x5",4,3,2
2000,4,"x6",18,3,2
2000,4,"x7",17,16,13
2000,4,"x8",19,2,1
2000,4,"x9",23,22,16
2000,4,"x10",23,21,20
2000,4,"x11",23,18,13
2000,4,"x12",17,8,3
2000,4,"x13",19,13,3
2000,4,"x14",25,20,12
2000,5,"x1",4,3,2
2000,5,"x2",25,5,4
2000,5,"x3",27,25,16
2000,5,"x4",29,3,1
2000,5,"x5",13,4,3
2000,5,"x6",29,5,3
2000,5,"x7",11,8,1
2000,5,"x8",2,1,0
2000,5,"x9",24,23,22
2000,5,"x10",24,23,21
2000,5,"x11",11,8,6
2000,5,"x12",28,5,4
2000,5,"x13",21,18,15
2000,5,"x14",20,2,1
2000,6,"x1",24,4,3
2000,6,"x2",26,7,5
2000,6,"x3",20,3,2
2000,6,"x4",28,11,4
2000,6,"x5",24,4,3
2000,6,"x6",22,5,3
2000,6,"x7",15,12,1
2000,6,"x8",21,2,1
2000,6,"x9",25,24,23
2000,6,"x10",29,24,14
2000,6,"x11",20,11,10
2000,6,"x12",9,3,2
2000,6,"x13",8,7,3
2000,6,"x14",7,2,0
2000,7,"x1",4,3,2
2000,7,"x2",14,9,5
2000,7,"x3",28,13,9
2000,7,"x4",7,3,2
2000,7,"x5",18,6,4
2000,7,"x6",28,26,3
2000,7,"x7",12,11,6
2000,7,"x8",6,2,1
2000,7,"x9",23,22,12
2000,7,"x10",23,21,14
2000,7,"x11",23,11,4
2000,7,"x12",13,3,2
2000,7,"x13",13,3,2
2000,7,"x14",16,2,1
2000,8,"x1",4,3,2
2000,8,"x2",28,20,7
2000,8,"x3",8,4,3
2000,8,"x4",3,2,1
2000,8,"x5",17,4,3
2000,8,"x6",28,24,17
2000,8,"x7",27,1,0
2000,8,"x8",29,23,15
2000,8,"x9",24,22,13
2000,8,"x10",24,23,22
2000,8,"x11",24,17,16
2000,8,"x12",25,15,3
2000,8,"x13",12,5,3
2000,8,"x14",11,2,1
2000,9,"x1",18,7,4
2000,9,"x2",11,5,4
2000,9,"x3",25,19,6
2000,9,"x4",18,11,10
2000,9,"x5",6,4,3
2000,9,"x6",28,27,26
2000,9,"x7",13,4,1
2000,9,"x8",21,15,7
2000,9,"x9",24,23,22
2000,9,"x10",23,20,14
2000,9,"x11",22,19,11
2000,9,"x12",11,7,4
2000,9,"x13",24,3,2
2000,9,"x14",2,1,0
2000,10,"x1",4,3,2
2000,10,"x2",11,7,5
2000,10,"x3",27,19,11
2000,10,"x4",17,3,2
2000,10,"x5",25,16,12
2000,10,"x6",28,5,3
2000,10,"x7",18,16,7
2000,10,"x8",20,13,12
2000,10,"x9",24,23,22
2000,10,"x10",28,24,23
2000,10,"x11",11,10,3
2000,10,"x12",3,2,1
2000,10,"x13",9,3,2
2000,10,"x14",27,13,2
2000,11,"x1",21,4,3
2000,11,"x2",10,7,5
2000,11,"x3",7,4,3
2000,11,"x4",21,3,1
2000,11,"x5",3,2,0
2000,11,"x6",21,13,5
2000,11,"x7",11,3,1
2000,11,"x8",24,22,6
2000,11,"x9",24,23,15
2000,11,"x10",24,23,20
2000,11,"x11",17,11,9
2000,11,"x12",22,5,3
2000,11,"x13",23,12,3
2000,11,"x14",2,1,0
2000,12,"x1",10,4,3
2000,12,"x2",26,17,11
2000,12,"x3",25,20,4
2000,12,"x4",21,15,4
2000,12,"x5",4,3,2
2000,12,"x6",17,8,5
2000,12,"x7",19,6,2
2000,12,"x8",23,21,2
2000,12,"x9",24,23,22
2000,12,"x10",24,23,21
2000,12,"x11",17,11,0
2000,12,"x12",22,10,4
2000,12,"x13",3,2,1
2000,12,"x14",6,2,0
2000,13,"x1",24,16,13
2000,13,"x2",5,4,3
2000,13,"x3",3,2,1
2000,13,"x4",4,3,2
2000,13,"x5",14,10,4
2000,13,"x6",20,3,2
2000,13,"x7",23,1,0
2000,13,"x8",2,1,0
2000,13,"x9",24,23,22
2000,13,"x10",24,23,20
2000,13,"x11",25,23,11
2000,13,"x12",17,10,6
2000,13,"x13",24,4,3
2000,13,"x14",2,1,0
2000,14,"x1",4,3,2
2000,14,"x2",22,18,16
2000,14,"x3",22,10,8
2000,14,"x4",18,3,2
2000,14,"x5",26,4,3
2000,14,"x6",5,3,2
2000,14,"x7",19,1,0
2000,14,"x8",23,2,1
2000,14,"x9",24,23,22
2000,14,"x10",24,23,14
2000,14,"x11",23,17,11
2000,14,"x12",24,3,2
2000,14,"x13",26,3,2
2000,14,"x14",29,28,20
2000,15,"x1",4,3,2
2000,15,"x2",12,9,5
2000,15,"x3",21,7,4
2000,15,"x4",16,8,2
2000,15,"x5",4,3,2
2000,15,"x6",3,2,1
2000,15,"x7",27,16,4
2000,15,"x8",23,11,2
2000,15,"x9",24,23,22
2000,15,"x10",24,23,14
2000,15,"x11",23,15,11
2000,15,"x12",19,6,3
2000,15,"x13",28,25,20
2000,15,"x14",25,2,1
2000,16,"x1",4,3,2
2000,16,"x2",16,14,7
2000,16,"x3",28,23,22
2000,16,"x4",3,2,1
2000,16,"x5",4,2,1
2000,16,"x6",15,12,5
2000,16,"x7",3,1,0
2000,16,"x8",18,2,1
2000,16,"x9",29,24,23
2000,16,"x10",24,23,21
2000,16,"x11",11,8,0
2000,16,"x12",20,3,2
2000,16,"x13",21,12,4
2000,16,"x14",25,19,6
2000,17,"x1",4,3,2
2000,17,"x2",18,7,6
2000,17,"x3",17,14,3
2000,17,"x4",28,20,13
2000,17,"x5",28,6,4
2000,17,"x6",23,20,6
2000,17,"x7",15,1,0
2000,17,"x8",29,2,1
2000,17,"x9",23,22,13
2000,17,"x10",23,21,19
2000,17,"x11",23,11,0
2000,17,"x12",20,12,3
2000,17,"x13",28,6,3
2000,17,"x14",2,1,0
2000,18,"x1",18,13,4
2000,18,"x2",5,4,3
2000,18,"x3",23,4,3
2000,18,"x4",27,7,3
2000,18,"x5",19,4,3
2000,18,"x6",25,3,2
2000,18,"x7",27,19,1
2000,18,"x8",12,9,7
2000,18,"x9",23,22,12
2000,18,"x10",23,21,20
2000,18,"x11",11,9,0
2000,18,"x12",10,3,2
2000,18,"x13",16,3,2
2000,18,"x14",5,2,1
2000,19,"x1",29,25,4
2000,19,"x2",5,4,3
2000,19,"x3",24,4,3
2000,19,"x4",19,3,1
2000,19,"x5",28,4,3
2000,19,"x6",21,7,3
2000,19,"x7",1,0,0
2000,19,"x8",4,2,1
2000,19,"x9",25,24,23
2000,19,"x10",24,23,19
2000,19,"x11",25,23,14
2000,19,"x12",20,18,3
2000,19,"x13",13,11,3
2000,19,"x14",13,2,1
2000,20,"x1",18,12,4
2000,20,"x2",16,5,4
2000,20,"x3",16,3,2
2000,20,"x4",3,2,1
2000,20,"x5",13,4,3
2000,20,"x6",29,21,15
2000,20,"x7",12,1,0
2000,20,"x8",2,1,0
2000,20,"x9",26,24,23
2000,20,"x10",27,24,23
2000,20,"x11",29,23,13
2000,20,"x12",3,2,1
2000,20,"x13",9,5,4
2000,20,"x14",24,8,3
2000,21,"x1",15,11,7
2000,21,"x2",24,13,5
2000,21,"x3",25,7,5
2000,21,"x4",25,20,3
2000,21,"x5",24,13,8
2000,21,"x6",19,14,6
2000,21,"x7",1,0,0
2000,21,"x8",23,2,1
2000,21,"x9",28,23,22
2000,21,"x10",24,23,20
2000,21,"x11",23,22,11
2000,21,"x12",25,4,3
2000,21,"x13",14,12,3
2000,21,"x14",2,0,0
2000,22,"x1",29,17,4
2000,22,"x2",7,5,4
2000,22,"x3",16,6,3
2000,22,"x4",6,5,3
2000,22,"x5",3,2,1
2000,22,"x6",5,3,2
2000,22,"x7",16,1,0
2000,22,"x8",5,2,1
2000,22,"x9",24,23,22
2000,22,"x10",24,23,14
2000,22,"x11",27,23,11
2000,22,"x12",24,19,3
2000,22,"x13",23,9,7
2000,22,"x14",6,2,1
2000,23,"x1",4,3,2
2000,23,"x2",29,24,7
2000,23,"x3",19,4,3
2000,23,"x4",10,3,2
2000,23,"x5",27,4,3
2000,23,"x6",17,5,3
2000,23,"x7",29,1,0
2000,23,"x8",5,2,1
2000,23,"x9",23,22,13
2000,23,"x10",27,23,17
2000,23,"x11",29,15,11
2000,23,"x12",4,3,2
2000,23,"x13",27,24,13
2000,23,"x14",27,2,1
2000,24,"x1",16,4,3
2000,24,"x2",23,7,5
2000,24,"x3",28,12,7
2000,24,"x4",24,3,2
2000,24,"x5",4,3,2
2000,24,"x6",27,5,3
2000,24,"x7",20,1,0
2000,24,"x8",25,13,11
2000,24,"x9",24,23,22
2000,24,"x10",24,23,20
2000,24,"x11",19,13,11
2000,24,"x12",11,3,2
2000,24,"x13",28,26,4
2000,24,"x14",27,24,14
2000,25,"x1",25,22,14
2000,25,"x2",5,4,3
2000,25,"x3",23,3,2
2000,25,"x4",23,7,3
2000,25,"x5",8,7,4
2000,25,"x6",3,2,1
2000,25,"x7",22,3,1
2000,25,"x8",2,1,0
2000,25,"x9",23,22,12
2000,25,"x10",23,21,20
2000,25,"x11",23,22,18
2000,25,"x12",14,3,2
2000,25,"x13",20,12,10
2000,25,"x14",2,1,0
2000,26,"x1",4,3,2
2000,26,"x2",17,12,10
2000,26,"x3",28,4,3
2000,26,"x4",4,3,2
2000,26,"x5",24,4,3
2000,26,"x6",15,13,5
2000,26,"x7",25,9,1
2000,26,"x8",26,21,7
2000,26,"x9",24,23,22
2000,26,"x10",24,23,21
2000,26,"x11",28,11,10
2000,26,"x12",20,4,3
2000,26,"x13",28,6,3
2000,26,"x14",22,5,3
2000,27,"x1",27,17,4
2000,27,"x2",10,5,4
2000,27,"x3",11,8,4
2000,27,"x4",23,21,3
2000,27,"x5",4,3,2
2000,27,"x6",29,5,3
2000,27,"x7",1,0,0
2000,27,"x8",10,2,1
2000,27,"x9",24,23,22
2000,27,"x10",24,23,22
2000,27,"x11",29,11,0
2000,27,"x12",3,2,1
2000,27,"x13",23,15,11
2000,27,"x14",10,3,2
2000,28,"x1",21,20,4
2000,28,"x2",21,5,4
2000,28,"x3",22,10,8
2000,28,"x4",11,4,3
2000,28,"x5",3,2,1
2000,28,"x6",29,5,3
2000,28,"x7",17,15,14
2000,28,"x8",2,1,0
2000,28,"x9",23,22,13
2000,28,"x10",24,23,21
2000,28,"x11",23,21,11
2000,28,"x12",29,3,2
2000,28,"x13",27,9,8
2000,28,"x14",26,17,2
2000,29,"x1",6,4,3
2000,29,"x2",18,13,11
2000,29,"x3",22,13,4
2000,29,"x4",26,21,19
2000,29,"x5",27,4,3
2000,29,"x6",5,3,2
2000,29,"x7",1,0,0
2000,29,"x8",2,1,0
2000,29,"x9",24,23,22
2000,29,"x10",24,23,21
2000,29,"x11",24,23,16
2000,29,"x12",23,14,4
2000,29,"x13",29,23,21
2000,29,"x14",23,2,1
2000,30,"x1",29,20,9
2000,30,"x2",27,15,5
2000,30,"x3",27,24,7
2000,30,"x4",3,2,1
2000,30,"x5",16,4,3
2000,30,"x6",28,13,11
2000,30,"x7",1,0,0
2000,30,"x8",9,2,1
2000,30,"x9",29,25,24
2000,30,"x10",24,23,22
2000,30,"x11",23,17,15
2000,30,"x12",3,2,1
2000,30,"x13",26,8,3
2000,30,"x14",25,2,1
2000,31,"x1",12,4,3
2000,31,"x2",13,5,4
2000,31,"x3",25,22,21
2000,31,"x4",3,2,0
2000,31,"x5",19,4,3
2000,31,"x6",3,2,1
2000,31,"x7",26,23,21
2000,31,"x8",27,5,3
2000,31,"x9",28,24,23
2000,31,"x10",27,23,20
2000,31,"x11",27,11,0
2000,31,"x12",4,3,2
2000,31,"x13",27,21,10
2000,31,"x14",14,2,1
2000,32,"x1",5,4,3
2000,32,"x2",28,20,8
2000,32,"x3",6,3,2
2000,32,"x4",25,4,3
2000,32,"x5",5,4,3
2000,32,"x6",5,3,2
2000,32,"x7",13,1,0
2000,32,"x8",2,1,0
2000,32,"x9",27,24,23
2000,32,"x10",27,24,23
2000,32,"x11",23,21,19
2000,32,"x12",29,4,3
2000,32,"x13",26,24,3
2000,32,"x14",2,1,0
2000,33,"x1",25,16,13
2000,33,"x2",5,3,2
2000,33,"x3",29,26,5
2000,33,"x4",3,1,0
2000,33,"x5",18,2,1
2000,33,"x6",28,25,5
2000,33,"x7",21,12,1
2000,33,"x8",2,1,0
2000,33,"x9",24,23,22
2000,33,"x10",24,23,20
2000,33,"x11",26,23,19
2000,33,"x12",29,12,3
2000,33,"x13",3,2,1
2000,33,"x14",18,2,1
2000,34,"x1",17,10,8
2000,34,"x2",17,5,4
2000,34,"x3",27,4,3
2000,34,"x4",18,3,2
2000,34,"x5",8,4,3
2000,34,"x6",11,5,3
2000,34,"x7",27,15,12
2000,34,"x8",27,14,2
2000,34,"x9",24,23,22
2000,34,"x10",26,24,23
2000,34,"x11",11,5,0
2000,34,"x12",4,3,2
2000,34,"x13",23,10,9
2000,34,"x14",29,28,14
2000,35,"x1",22,17,4
2000,35,"x2",15,11,5
2000,35,"x3",13,10,5
2000,35,"x4",17,1,0
2000,35,"x5",17,11,5
2000,35,"x6",17,5,4
2000,35,"x7",27,25,7
2000,35,"x8",28,24,2
2000,35,"x9",24,23,22
2000,35,"x10",28,27,24
2000,35,"x11",17,13,11
2000,35,"x12",20,4,2
2000,35,"x13",29,27,7
2000,35,"x14",6,2,1
2000,36,"x1",4,3,2
2000,36,"x2",5,4,3
2000,36,"x3",26,3,2
2000,36,"x4",13,2,1
2000,36,"x5",26,3,2
2000,36,"x6",13,10,3
2000,36,"x7",2,1,0
2000,36,"x8",18,8,2
2000,36,"x9",24,23,22
2000,36,"x10",28,27,24
2000,36,"x11",29,11,5
2000,36,"x12",11,5,3
2000,36,"x13",17,11,8
2000,36,"x14",19,2,1
2000,37,"x1",4,3,2
2000,37,"x2",21,5,4
2000,37,"x3",29,4,3
2000,37,"x4",3,1,0
2000,37,"x5",5,4,3
2000,37,"x6",29,5,3
2000,37,"x7",22,9,1
2000,37,"x8",2,1,0
2000,37,"x9",25,23,22
2000,37,"x10",24,23,21
2000,37,"x11",29,23,11
2000,37,"x12",29,27,18
2000,37,"x13",26,12,3
2000,37,"x14",11,2,1
2000,38,"x1",25,10,7
2000,38,"x2",5,4,3
2000,38,"x3",29,23,9
2000,38,"x4",26,10,4
2000,38,"x5",28,4,3
2000,38,"x6",27,22,7
2000,38,"x7",9,1,0
2000,38,"x8",20,2,1
2000,38,"x9",23,22,14
2000,38,"x10",23,21,20
2000,38,"x11",25,23,22
2000,38,"x12",3,2,1
2000,38,"x13",29,21,3
2000,38,"x14",20,2,1
2000,39,"x1",4,3,2
2000,39,"x2",8,7,5
2000,39,"x3",12,4,3
2000,39,"x4",24,20,11
2000,39,"x5",26,4,3
2000,39,"x6",7,5,3
2000,39,"x7",28,1,0
2000,39,"x8",22,2,1
2000,39,"x9",23,22,17
2000,39,"x10",24,23,21
2000,39,"x11",29,23,11
2000,39,"x12",3,2,1
2000,39,"x13",20,19,17
2000,39,"x14",2,1,0
2000,40,"x1",28,25,20
2000,40,"x2",8,7,5
2000,40,"x3",18,4,3
2000,40,"x4",19,11,9
2000,40,"x5",29,12,4
2000,40,"x6",26,5,3
2000,40,"x7",13,1,0
2000,40,"x8",29,16,5
2000,40,"x9",25,23,22
2000,40,"x10",24,23,20
2000,40,"x11",25,23,19
2000,40,"x12",11,8,3
2000,40,"x13",25,15,8
2000,40,"x14",24,14,7
2000,41,"x1",29,25,23
2000,41,"x2",19,5,4
2000,41,"x3",23,12,9
2000,41,"x4",25,21,11
2000,41,"x5",4,3,2
2000,41,"x6",8,5,3
2000,41,"x7",1,0,0
2000,41,"x8",28,21,18
2000,41,"x9",23,22,18
2000,41,"x10",23,20,18
2000,41,"x11",25,21,13
2000,41,"x12",26,23,6
2000,41,"x13",3,2,1
2000,41,"x14",18,9,2
2000,42,"x1",5,4,3
2000,42,"x2",27,13,5
2000,42,"x3",15,3,2
2000,42,"x4",29,23,13
2000,42,"x5",27,18,7
2000,42,"x6",15,3,2
2000,42,"x7",28,1,0
2000,42,"x8",2,1,0
2000,42,"x9",23,22,12
2000,42,"x10",28,23,21
2000,42,"x11",29,18,11
2000,42,"x12",17,7,3
2000,42,"x13",23,3,2
2000,42,"x14",22,2,1
2000,43,"x1",16,4,3
2000,43,"x2",20,15,5
2000,43,"x3",3,2,1
2000,43,"x4",18,4,1
2000,43,"x5",21,4,3
2000,43,"x6",21,13,5
2000,43,"x7",18,1,0
2000,43,"x8",14,2,1
2000,43,"x9",25,23,22
2000,43,"x10",28,21,20
2000,43,"x11",23,11,1
2000,43,"x12",17,13,3
2000,43,"x13",12,9,3
2000,43,"x14",10,2,1
2000,44,"x1",25,24,20
2000,44,"x2",23,5,4
2000,44,"x3",3,2,1
2000,44,"x4",23,3,0
2000,44,"x5",6,4,3
2000,44,"x6",3,2,1
2000,44,"x7",21,14,1
2000,44,"x8",24,2,1
2000,44,"x9",24,23,22
2000,44,"x10",23,21,14
2000,44,"x11",27,11,7
2000,44,"x12",6,2,1
2000,44,"x13",7,3,2
2000,44,"x14",22,2,1
2000,45,"x1",27,16,4
2000,45,"x2",5,4,3
2000,45,"x3",29,24,13
2000,45,"x4",3,2,1
2000,45,"x5",3,2,1
2000,45,"x6",3,2,1
2000,45,"x7",2,1,0
2000,45,"x8",2,1,0
2000,45,"x9",23,22,13
2000,45,"x10",24,23,21
2000,45,"x11",28,13,11
2000,45,"x12",24,22,3
2000,45,"x13",24,8,3
2000,45,"x14",2,1,0
2000,46,"x1",10,4,3
2000,46,"x2",25,18,5
2000,46,"x3",22,20,18
2000,46,"x4",26,22,18
2000,46,"x5",25,23,22
2000,46,"x6",8,5,3
2000,46,"x7",6,1,0
2000,46,"x8",27,15,5
2000,46,"x9",24,23,22
2000,46,"x10",24,23,21
2000,46,"x11",26,14,5
2000,46,"x12",19,16,10
2000,46,"x13",28,13,3
2000,46,"x14",25,20,4
2000,47,"x1",29,4,3
2000,47,"x2",6,4,3
2000,47,"x3",3,2,1
2000,47,"x4",15,8,6
2000,47,"x5",29,22,4
2000,47,"x6",3,2,1
2000,47,"x7",16,2,1
2000,47,"x8",12,2,1
2000,47,"x9",25,24,23
2000,47,"x10",27,24,23
2000,47,"x11",29,25,23
2000,47,"x12",21,15,4
2000,47,"x13",24,20,15
2000,47,"x14",3,2,0
2000,48,"x1",4,3,2
2000,48,"x2",17,5,3
2000,48,"x3",22,13,12
2000,48,"x4",3,2,1
2000,48,"x5",24,12,7
2000,48,"x6",11,3,2
2000,48,"x7",19,8,3
2000,48,"x8",28,2,1
2000,48,"x9",24,23,17
2000,48,"x10",23,21,16
2000,48,"x11",11,10,0
2000,48,"x12",20,3,2
2000,48,"x13",26,17,13
2000,48,"x14",20,16,2
2000,49,"x1",28,4,3
2000,49,"x2",5,3,2
2000,49,"x3",5,4,3
2000,49,"x4",10,3,2
2000,49,"x5",22,3,2
2000,49,"x6",5,3,2
2000,49,"x7",7,1,0
2000,49,"x8",6,2,1
2000,49,"x9",27,23,22
2000,49,"x10",27,25,24
2000,49,"x11",23,21,19
2000,49,"x12",16,6,3
2000,49,"x13",19,18,3
2000,49,"x14",17,2,0
2000,50,"x1",13,4,3
2000,50,"x2",26,7,5
2000,50,"x3",5,4,3
2000,50,"x4",18,4,3
2000,50,"x5",3,2,1
2000,50,"x6",15,3,2
2000,50,"x7",20,17,13
2000,50,"x8",27,20,2
2000,50,"x9",24,23,17
2000,50,"x10",23,15,14
2000,50,"x11",11,0,0
2000,50,"x12",3,2,1
2000,50,"x13",29,12,3
2000,50,"x14",27,2,1
2000,51,"x1",13,10,4
2000,51,"x2",5,4,3
2000,51,"x3",19,3,2
2000,51,"x4",15,3,2
2000,51,"x5",14,6,4
2000,51,"x6",5,3,2
2000,51,"x7",18,1,0
2000,51,"x8",11,3,2
2000,51,"x9",24,23,22
2000,51,"x10",23,21,19
2000,51,"x11",28,25,23
2000,51,"x12",4,3,2
2000,51,"x13",23,14,10
2000,51,"x14",22,3,2
2000,52,"x1",28,5,4
2000,52,"x2",7,5,4
2000,52,"x3",17,5,4
2000,52,"x4",21,15,4
2000,52,"x5",23,3,2
2000,52,"x6",3,2,1
2000,52,"x7",28,1,0
2000,52,"x8",5,2,1
2000,52,"x9",29,24,23
2000,52,"x10",29,24,23
2000,52,"x11",11,0,0
2000,52,"x12",26,8,3
2000,52,"x13",22,18,4
2000,52,"x14",3,2,1
2000,53,"x1",26,20,16
2000,53,"x2",28,7,6
2000,53,"x3",14,8,3
2000,53,"x4",3,1,0
2000,53,"x5",27,9,4
2000,53,"x6",29,26,13
2000,53,"x7",12,6,1
2000,53,"x8",2,1,0
2000,53,"x9",24,23,22
2000,53,"x10",24,23,22
2000,53,"x11",25,23,14
2000,53,"x12",29,3,2
2000,53,"x13",11,3,2
2000,53,"x14",21,10,7
2000,54,"x1",4,3,2
2000,54,"x2",7,5,4
2000,54,"x3",27,20,18
2000,54,"x4",17,3,2
2000,54,"x5",20,4,3
2000,54,"x6",5,3,2
2000,54,"x7",5,2,1
2000,54,"x8",17,2,1
2000,54,"x9",24,23,22
2000,54,"x10",24,23,21
2000,54,"x11",11,5,0
2000,54,"x12",29,28,21
2000,54,"x13",5,3,2
2000,54,"x14",25,2,1
2000,55,"x1",4,3,2
2000,55,"x2",29,27,21
2000,55,"x3",25,13,10
2000,55,"x4",11,8,3
2000,55,"x5",22,4,3
2000,55,"x6",8,3,2
2000,55,"x7",1,0,0
2000,55,"x8",9,8,2
2000,55,"x9",24,23,13
2000,55,"x10",24,23,20
2000,55,"x11",23,16,11
2000,55,"x12",11,3,2
2000,55,"x13",26,13,12
2000,55,"x14",25,9,2
2000,56,"x1",26,4,3
2000,56,"x2",29,18,5
2000,56,"x3",27,23,14
2000,56,"x4",29,28,27
2000,56,"x5",17,14,11
2000,56,"x6",24,5,3
2000,56,"x7",2,1,0
2000,56,"x8",26,19,2
2000,56,"x9",25,24,23
2000,56,"x10",25,23,16
2000,56,"x11",24,18,11
2000,56,"x12",25,21,19
2000,56,"x13",18,3,2
2000,56,"x14",2,1,0
2000,57,"x1",5,4,3
2000,57,"x2",28,5,3
2000,57,"x3",22,18,6
2000,57,"x4",27,9,1
2000,57,"x5",19,4,3
2000,57,"x6",20,18,13
2000,57,"x7",17,1,0
2000,57,"x8",2,1,0
2000,57,"x9",23,22,13
2000,57,"x10",28,24,23
2000,57,"x11",29,28,16
2000,57,"x12",24,15,6
2000,57,"x13",28,25,24
2000,57,"x14",3,2,0
2000,58,"x1",4,3,2
2000,58,"x2",26,11,5
2000,58,"x3",3,2,1
2000,58,"x4",22,18,4
2000,58,"x5",14,4,3
2000,58,"x6",3,2,1
2000,58,"x7",26,9,2
2000,58,"x8",2,1,0
2000,58,"x9",28,24,23
2000,58,"x10",24,23,20
2000,58,"x11",23,21,18
2000,58,"x12",3,2,1
2000,58,"x13",3,2,1
2000,58,"x14",2,1,0
2000,59,"x1",5,4,3
2000,59,"x2",22,5,4
2000,59,"x3",19,17,10
2000,59,"x4",3,2,1
2000,59,"x5",4,3,2
2000,59,"x6",9,3,2
2000,59,"x7",14,2,1
2000,59,"x8",19,13,2
2000,59,"x9",25,24,23
2000,59,"x10",24,23,21
2000,59,"x11",29,23,11
2000,59,"x12",26,24,15
2000,59,"x13",20,8,4
2000,59,"x14",25,3,2
2000,60,"x1",4,3,2
2000,60,"x2",5,4,3
2000,60,"x3",13,10,4
2000,60,"x4",9,4,3
2000,60,"x5",7,4,3
2000,60,"x6",27,3,2
2000,60,"x7",4,3,2
2000,60,"x8",29,2,1
2000,60,"x9",24,23,22
2000,60,"x10",24,23,21
2000,60,"x11",26,16,15
2000,60,"x12",26,4,3
2000,60,"x13",16,4,3
2000,60,"x14",21,8,3
2000,61,"x1",4,3,2
2000,61,"x2",25,4,3
2000,61,"x3",22,21,19
2000,61,"x4",20,3,2
2000,61,"x5",22,4,3
2000,61,"x6",18,5,3
2000,61,"x7",5,2,1
2000,61,"x8",20,2,1
2000,61,"x9",26,23,22
2000,61,"x10",26,24,16
2000,61,"x11",26,14,12
2000,61,"x12",9,5,2
2000,61,"x13",11,3,2
2000,61,"x14",10,2,1
2000,62,"x1",29,15,5
2000,62,"x2",16,14,5
2000,62,"x3",23,21,19
2000,62,"x4",26,22,18
2000,62,"x5",28,21,7
2000,62,"x6",3,2,1
2000,62,"x7",26,10,7
2000,62,"x8",8,2,1
2000,62,"x9",24,23,22
2000,62,"x10",24,23,21
2000,62,"x11",29,23,17
2000,62,"x12",25,3,2
2000,62,"x13",25,21,17
2000,62,"x14",24,20,16
2000,63,"x1",11,4,3
2000,63,"x2",25,9,5
2000,63,"x3",26,22,15
2000,63,"x4",3,2,1
2000,63,"x5",25,9,4
2000,63,"x6",22,20,12
2000,63,"x7",18,1,0
2000,63,"x8",29,8,2
2000,63,"x9",25,24,23
2000,63,"x10",24,23,21
2000,63,"x11",25,14,11
2000,63,"x12",23,11,3
2000,63,"x13",21,20,3
2000,63,"x14",2,1,0
2000,64,"x1",22,19,11
2000,64,"x2",11,7,5
2000,64,"x3",15,12,4
2000,64,"x4",3,2,1
2000,64,"x5",13,4,3
2000,64,"x6",17,3,2
2000,64,"x7",1,0,0
2000,64,"x8",2,1,0
2000,64,"x9",24,23,22
2000,64,"x10",24,23,15
2000,64,"x11",29,11,8
2000,64,"x12",25,3,2
2000,64,"x13",19,14,10
2000,64,"x14",19,10,9
2000,65,"x1",24,4,3
2000,65,"x2",4,3,2
2000,65,"x3",3,2,1
2000,65,"x4",27,10,3
2000,65,"x5",3,2,1
2000,65,"x6",23,18,14
2000,65,"x7",14,9,1
2000,65,"x8",27,2,1
2000,65,"x9",28,25,24
2000,65,"x10",25,24,23
2000,65,"x11",23,18,11
2000,65,"x12",24,11,10
2000,65,"x13",22,3,2
2000,65,"x14",21,3,2
2000,66,"x1",12,11,4
2000,66,"x2",15,13,5
2000,66,"x3",10,3,2
2000,66,"x4",29,23,16
2000,66,"x5",18,4,3
2000,66,"x6",3,2,1
2000,66,"x7",9,8,4
2000,66,"x8",16,2,1
2000,66,"x9",24,23,22
2000,66,"x10",24,23,21
2000,66,"x11",23,21,11
2000,66,"x12",28,7,5
2000,66,"x13",28,22,3
2000,66,"x14",2,1,0
2000,67,"x1",20,15,9
2000,67,"x2",21,18,5
2000,67,"x3",3,2,1
2000,67,"x4",12,6,3
2000,67,"x5",11,4,3
2000,67,"x6",19,6,3
2000,67,"x7",19,5,1
2000,67,"x8",2,1,0
2000,67,"x9",24,23,22
2000,67,"x10",24,23,20
2000,67,"x11",27,23,11
2000,67,"x12",26,20,3
2000,67,"x13",17,11,6
2000,67,"x14",2,0,0
2000,68,"x1",4,3,2
2000,68,"x2",11,7,5
2000,68,"x3",26,10,3
2000,68,"x4",3,2,1
2000,68,"x5",27,4,3
2000,68,"x6",5,3,2
2000,68,"x7",24,14,1
2000,68,"x8",16,2,1
2000,68,"x9",25,24,23
2000,68,"x10",25,24,23
2000,68,"x11",27,11,10
2000,68,"x12",6,3,2
2000,68,"x13",22,3,2
2000,68,"x14",2,0,0
2000,69,"x1",26,4,3
2000,69,"x2",20,7,5
2000,69,"x3",27,3,2
2000,69,"x4",8,6,3
2000,69,"x5",4,3,2
2000,69,"x6",20,5,3
2000,69,"x7",4,1,0
2000,69,"x8",21,2,1
2000,69,"x9",23,22,13
2000,69,"x10",24,23,21
2000,69,"x11",23,15,11
2000,69,"x12",20,4,3
2000,69,"x13",23,14,11
2000,69,"x14",26,9,3
2000,70,"x1",28,24,4
2000,70,"x2",27,22,21
2000,70,"x3",12,10,3
2000,70,"x4",24,20,3
2000,70,"x5",21,4,3
2000,70,"x6",19,8,3
2000,70,"x7",22,3,1
2000,70,"x8",2,1,0
2000,70,"x9",24,23,22
2000,70,"x10",24,23,22
2000,70,"x11",29,21,19
2000,70,"x12",29,26,3
2000,70,"x13",3,1,0
2000,70,"x14",2,1,0
2000,71,"x1",17,4,3
2000,71,"x2",5,4,3
2000,71,"x3",23,17,16
2000,71,"x4",6,3,1
2000,71,"x5",29,3,2
2000,71,"x6",3,2,1
2000,71,"x7",25,1,0
2000,71,"x8",24,2,1
2000,71,"x9",25,24,23
2000,71,"x10",24,23,21
2000,71,"x11",16,11,4
2000,71,"x12",5,3,2
2000,71,"x13",9,3,2
2000,71,"x14",2,1,0
2000,72,"x1",24,21,17
2000,72,"x2",10,8,5
2000,72,"x3",21,16,12
2000,72,"x4",24,4,2
2000,72,"x5",25,23,4
2000,72,"x6",27,25,19
2000,72,"x7",27,21,11
2000,72,"x8",13,4,2
2000,72,"x9",24,23,22
2000,72,"x10",24,23,22
2000,72,"x11",29,11,7
2000,72,"x12",17,10,3
2000,72,"x13",26,3,2
2000,72,"x14",2,1,0
2000,73,"x1",12,8,4
2000,73,"x2",25,15,10
2000,73,"x3",28,3,2
2000,73,"x4",3,1,0
2000,73,"x5",4,3,2
2000,73,"x6",7,5,3
2000,73,"x7",1,0,0
2000,73,"x8",2,1,0
2000,73,"x9",24,23,22
2000,73,"x10",24,23,21
2000,73,"x11",11,1,0
2000,73,"x12",10,9,3
2000,73,"x13",18,6,3
2000,73,"x14",19,5,2
2000,74,"x1",29,4,3
2000,74,"x2",17,5,4
2000,74,"x3",24,9,7
2000,74,"x4",3,1,0
2000,74,"x5",15,4,3
2000,74,"x6",6,5,3
2000,74,"x7",29,1,0
2000,74,"x8",24,14,6
2000,74,"x9",23,22,12
2000,74,"x10",24,23,14
2000,74,"x11",24,23,0
2000,74,"x12",20,3,2
2000,74,"x13",25,22,9
2000,74,"x14",21,13,9
2000,75,"x1",24,13,10
2000,75,"x2",5,4,3
2000,75,"x3",29,3,2
2000,75,"x4",19,18,17
2000,75,"x5",18,4,3
2000,75,"x6",29,28,3
2000,75,"x7",20,1,0
2000,75,"x8",27,21,13
2000,75,"x9",24,23,13
2000,75,"x10",24,23,17
2000,75,"x11",23,11,1
2000,75,"x12",28,26,16
2000,75,"x13",21,18,17
2000,75,"x14",2,1,0
2000,76,"x1",12,4,3
2000,76,"x2",19,7,5
2000,76,"x3",4,3,2
2000,76,"x4",29,10,4
2000,76,"x5",9,4,3
2000,76,"x6",19,5,3
2000,76,"x7",26,11,1
2000,76,"x8",6,2,1
2000,76,"x9",24,23,22
2000,76,"x10",24,23,21
2000,76,"x11",23,21,13
2000,76,"x12",10,6,3
2000,76,"x13",28,27,16
2000,76,"x14",26,23,15
2000,77,"x1",29,28,27
2000,77,"x2",27,5,4
2000,77,"x3",12,8,5
2000,77,"x4",3,1,0
2000,77,"x5",4,3,2
2000,77,"x6",27,19,18
2000,77,"x7",24,13,1
2000,77,"x8",23,6,2
2000,77,"x9",28,24,23
2000,77,"x10",24,23,21
2000,77,"x11",27,23,21
2000,77,"x12",19,16,3
2000,77,"x13",21,5,3
2000,77,"x14",4,2,1
2000,78,"x1",25,14,4
2000,78,"x2",25,23,12
2000,78,"x3",23,18,17
2000,78,"x4",4,3,1
2000,78,"x5",29,7,4
2000,78,"x6",3,2,1
2000,78,"x7",19,11,1
2000,78,"x8",2,1,0
2000,78,"x9",24,23,22
2000,78,"x10",23,22,20
2000,78,"x11",25,13,10
2000,78,"x12",8,2,1
2000,78,"x13",24,18,16
2000,78,"x14",2,1,0
2000,79,"x1",4,3,2
2000,79,"x2",28,7,6
2000,79,"x3",14,13,7
2000,79,"x4",28,21,4
2000,79,"x5",10,4,3
2000,79,"x6",10,6,5
2000,79,"x7",23,1,0
2000,79,"x8",25,15,2
2000,79,"x9",24,23,22
2000,79,"x10",24,23,20
2000,79,"x11",14,11,5
2000,79,"x12",27,4,2
2000,79,"x13",5,3,2
2000,79,"x14",4,2,1
2000,80,"x1",29,18,16
2000,80,"x2",5,4,3
2000,80,"x3",8,6,3
2000,80,"x4",23,3,2
2000,80,"x5",5,4,3
2000,80,"x6",28,13,5
2000,80,"x7",20,1,0
2000,80,"x8",28,2,1
2000,80,"x9",24,22,13
2000,80,"x10",23,14,12
2000,80,"x11",29,14,11
2000,80,"x12",13,10,3
2000,80,"x13",25,20,17
2000,80,"x14",2,1,0
2000,81,"x1",24,23,13
2000,81,"x2",12,6,5
2000,81,"x3",3,2,1
2000,81,"x4",29,18,2
2000,81,"x5",11,6,4
2000,81,"x6",12,9,5
2000,81,"x7",1,0,0
2000,81,"x8",14,2,1
2000,81,"x9",23,22,17
2000,81,"x10",23,14,12
2000,81,"x11",22,11,0
2000,81,"x12",15,14,10
2000,81,"x13",29,26,17
2000,81,"x14",12,2,1
2000,82,"x1",4,3,2
2000,82,"x2",11,5,4
2000,82,"x3",10,9,5
2000,82,"x4",25,16,14
2000,82,"x5",19,13,3
2000,82,"x6",12,5,3
2000,82,"x7",29,19,1
2000,82,"x8",2,1,0
2000,82,"x9",24,23,22
2000,82,"x10",24,23,22
2000,82,"x11",23,18,11
2000,82,"x12",3,2,1
2000,82,"x13",4,3,2
2000,82,"x14",24,20,12
2000,83,"x1",14,9,4
2000,83,"x2",26,5,3
2000,83,"x3",25,23,22
2000,83,"x4",22,21,3
2000,83,"x5",24,4,2
2000,83,"x6",20,6,3
2000,83,"x7",27,15,4
2000,83,"x8",2,1,0
2000,83,"x9",24,23,22
2000,83,"x10",28,24,23
2000,83,"x11",26,25,23
2000,83,"x12",28,24,19
2000,83,"x13",3,2,1
2000,83,"x14",2,1,0
2000,84,"x1",23,6,4
2000,84,"x2",14,6,5
2000,84,"x3",3,2,1
2000,84,"x4",3,2,1
2000,84,"x5",28,6,4
2000,84,"x6",22,12,5
2000,84,"x7",10,1,0
2000,84,"x8",2,1,0
2000,84,"x9",23,21,13
2000,84,"x10",23,19,14
2000,84,"x11",29,25,23
2000,84,"x12",4,3,2
2000,84,"x13",6,3,2
2000,84,"x14",5,2,0
2000,85,"x1",9,4,3
2000,85,"x2",9,5,4
2000,85,"x3",13,4,3
2000,85,"x4",3,2,1
2000,85,"x5",25,21,16
2000,85,"x6",25,20,19
2000,85,"x7",21,15,1
2000,85,"x8",14,13,3
2000,85,"x9",24,23,22
2000,85,"x10",24,23,22
2000,85,"x11",23,18,11
2000,85,"x12",25,14,4
2000,85,"x13",6,3,2
2000,85,"x14",2,1,0
2000,86,"x1",17,10,4
2000,86,"x2",18,17,5
2000,86,"x3",11,3,2
2000,86,"x4",13,3,1
2000,86,"x5",25,4,3
2000,86,"x6",11,3,2
2000,86,"x7",16,1,0
2000,86,"x8",15,10,9
2000,86,"x9",25,23,22
2000,86,"x10",27,24,23
2000,86,"x11",23,18,15
2000,86,"x12",3,2,1
2000,86,"x13",13,9,3
2000,86,"x14",12,2,0
2000,87,"x1",24,23,11
2000,87,"x2",5,4,3
2000,87,"x3",19,4,3
2000,87,"x4",21,7,4
2000,87,"x5",28,4,3
2000,87,"x6",13,10,8
2000,87,"x7",4,1,0
2000,87,"x8",22,20,11
2000,87,"x9",23,22,13
2000,87,"x10",29,24,23
2000,87,"x11",25,21,16
2000,87,"x12",24,9,3
2000,87,"x13",23,15,5
2000,87,"x14",23,22,3
2000,88,"x1",18,6,4
2000,88,"x2",29,21,8
2000,88,"x3",22,12,10
2000,88,"x4",6,4,3
2000,88,"x5",18,15,5
2000,88,"x6",26,3,2
2000,88,"x7",25,11,1
2000,88,"x8",25,23,2
2000,88,"x9",25,23,22
2000,88,"x10",24,23,21
2000,88,"x11",18,11,7
2000,88,"x12",17,3,2
2000,88,"x13",23,22,16
2000,88,"x14",22,11,8
2000,89,"x1",25,16,4
2000,89,"x2",8,5,4
2000,89,"x3",29,27,25
2000,89,"x4",28,8,4
2000,89,"x5",28,19,6
2000,89,"x6",5,3,2
2000,89,"x7",7,1,0
2000,89,"x8",2,1,0
2000,89,"x9",24,23,22
2000,89,"x10",24,23,13
2000,89,"x11",29,23,22
2000,89,"x12",23,4,3
2000,89,"x13",27,25,23
2000,89,"x14",26,22,13
2000,90,"x1",16,4,3
2000,90,"x2",5,4,3
2000,90,"x3",6,4,3
2000,90,"x4",19,18,4
2000,90,"x5",9,4,3
2000,90,"x6",28,27,3
2000,90,"x7",21,3,1
2000,90,"x8",2,1,0
2000,90,"x9",24,23,22
2000,90,"x10",24,23,21
2000,90,"x11",23,15,11
2000,90,"x12",22,15,2
2000,90,"x13",27,25,12
2000,90,"x14",26,11,2
2000,91,"x1",23,15,14
2000,91,"x2",13,6,5
2000,91,"x3",16,11,3
2000,91,"x4",24,3,1
2000,91,"x5",4,3,2
2000,91,"x6",29,28,3
2000,91,"x7",3,2,1
2000,91,"x8",4,3,2
2000,91,"x9",27,25,23
2000,91,"x10",24,23,22
2000,91,"x11",25,23,22
2000,91,"x12",3,2,1
2000,91,"x13",25,14,10
2000,91,"x14",24,6,2
2000,92,"x1",19,4,3
2000,92,"x2",17,7,5
2000,92,"x3",24,22,17
2000,92,"x4",14,7,3
2000,92,"x5",29,16,4
2000,92,"x6",23,22,9
2000,92,"x7",9,1,0
2000,92,"x8",2,1,0
2000,92,"x9",23,22,12
2000,92,"x10",24,23,16
2000,92,"x11",23,19,11
2000,92,"x12",12,5,3
2000,92,"x13",23,21,3
2000,92,"x14",5,2,1
2000,93,"x1",4,3,2
2000,93,"x2",19,5,3
2000,93,"x3",3,2,1
2000,93,"x4",20,19,3
2000,93,"x5",5,4,3
2000,93,"x6",19,3,2
2000,93,"x7",24,13,1
2000,93,"x8",2,1,0
2000,93,"x9",24,23,22
2000,93,"x10",24,23,21
2000,93,"x11",27,18,17
2000,93,"x12",19,17,13
2000,93,"x13",23,13,8
2000,93,"x14",12,3,2
2000,94,"x1",16,4,3
2000,94,"x2",18,9,7
2000,94,"x3",18,11,5
2000,94,"x4",25,3,1
2000,94,"x5",20,4,3
2000,94,"x6",3,2,1
2000,94,"x7",15,14,1
2000,94,"x8",2,1,0
2000,94,"x9",29,24,23
2000,94,"x10",28,23,22
2000,94,"x11",23,15,11
2000,94,"x12",26,18,17
2000,94,"x13",13,5,3
2000,94,"x14",8,7,2
2000,95,"x1",26,25,9
2000,95,"x2",25,15,5
2000,95,"x3",4,3,2
2000,95,"x4",22,20,4
2000,95,"x5",15,4,3
2000,95,"x6",5,3,2
2000,95,"x7",3,2,1
2000,95,"x8",11,2,1
2000,95,"x9",25,23,22
2000,95,"x10",24,23,21
2000,95,"x11",28,23,17
2000,95,"x12",3,2,1
2000,95,"x13",22,3,2
2000,95,"x14",28,2,1
2000,96,"x1",10,8,4
2000,96,"x2",7,5,4
2000,96,"x3",23,3,2
2000,96,"x4",24,19,13
2000,96,"x5",4,2,1
2000,96,"x6",26,9,5
2000,96,"x7",1,0,0
2000,96,"x8",26,2,1
2000,96,"x9",24,23,22
2000,96,"x10",24,23,21
2000,96,"x11",23,17,11
2000,96,"x12",21,15,3
2000,96,"x13",20,19,13
2000,96,"x14",27,12,2
2000,97,"x1",9,5,4
2000,97,"x2",7,5,4
2000,97,"x3",28,27,5
2000,97,"x4",3,2,1
2000,97,"x5",27,16,5
2000,97,"x6",18,5,3
2000,97,"x7",15,1,0
2000,97,"x8",24,18,6
2000,97,"x9",23,13,12
2000,97,"x10",23,14,12
2000,97,"x11",16,15,11
2000,97,"x12",14,3,2
2000,97,"x13",27,25,6
2000,97,"x14",14,12,5
2000,98,"x1",25,14,4
2000,98,"x2",5,4,3
2000,98,"x3",20,11,6
2000,98,"x4",19,3,1
2000,98,"x5",27,22,3
2000,98,"x6",7,3,2
2000,98,"x7",21,19,3
2000,98,"x8",2,1,0
2000,98,"x9",24,23,22
2000,98,"x10",24,23,14
2000,98,"x11",26,23,20
2000,98,"x12",14,5,4
2000,98,"x13",10,8,3
2000,98,"x14",7,2,1
2000,99,"x1",24,4,3
2000,99,"x2",24,6,5
2000,99,"x3",21,12,10
2000,99,"x4",29,3,2
2000,99,"x5",29,4,3
2000,99,"x6",3,2,1
2000,99,"x7",21,3,1
2000,99,"x8",25,2,1
2000,99,"x9",24,23,22
2000,99,"x10",25,24,23
2000,99,"x11",29,18,17
2000,99,"x12",9,3,2
2000,99,"x13",22,3,1
2000,99,"x14",27,21,2
2000,100,"x1",4,3,2
2000,100,"x2",7,5,4
2000,100,"x3",29,3,2
2000,100,"x4",5,4,3
2000,100,"x5",16,7,4
2000,100,"x6",3,2,1
2000,100,"x7",24,22,11
2000,100,"x8",5,2,1
2000,100,"x9",23,22,21
2000,100,"x10",23,22,20
2000,100,"x11",23,17,13
2000,100,"x12",4,3,2
2000,100,"x13",25,14,3
2000,100,"x14",13,2,0
5000,1,"x1",31,9,4
5000,1,"x2",28,18,7
5000,1,"x3",22,16,13
5000,1,"x4",22,3,2
5000,1,"x5",14,4,3
5000,1,"x6",23,6,5
5000,1,"x7",17,15,7
5000,1,"x8",27,17,2
5000,1,"x9",24,23,22
5000,1,"x10",25,24,23
5000,1,"x11",23,16,12
5000,1,"x12",25,24,11
5000,1,"x13",13,3,2
5000,1,"x14",16,2,1
5000,2,"x1",4,3,2
5000,2,"x2",7,5,4
5000,2,"x3",21,17,16
5000,2,"x4",3,2,1
5000,2,"x5",29,4,3
5000,2,"x6",5,3,2
5000,2,"x7",1,0,0
5000,2,"x8",19,6,2
5000,2,"x9",29,28,24
5000,2,"x10",27,24,23
5000,2,"x11",23,22,18
5000,2,"x12",31,10,4
5000,2,"x13",31,22,12
5000,2,"x14",30,7,6
5000,3,"x1",24,13,4
5000,3,"x2",28,20,8
5000,3,"x3",25,20,19
5000,3,"x4",14,13,11
5000,3,"x5",6,4,3
5000,3,"x6",22,5,3
5000,3,"x7",23,21,7
5000,3,"x8",6,2,1
5000,3,"x9",24,23,22
5000,3,"x10",24,23,21
5000,3,"x11",23,11,7
5000,3,"x12",30,21,10
5000,3,"x13",19,17,7
5000,3,"x14",29,16,3
5000,4,"x1",7,4,3
5000,4,"x2",30,28,7
5000,4,"x3",16,9,6
5000,4,"x4",28,26,6
5000,4,"x5",8,4,3
5000,4,"x6",27,22,15
5000,4,"x7",21,1,0
5000,4,"x8",15,6,4
5000,4,"x9",24,23,22
5000,4,"x10",24,23,21
5000,4,"x11",26,23,20
5000,4,"x12",10,3,2
5000,4,"x13",24,20,3
5000,4,"x14",19,2,1
5000,5,"x1",7,4,3
5000,5,"x2",24,8,7
5000,5,"x3",19,9,8
5000,5,"x4",4,3,1
5000,5,"x5",6,5,4
5000,5,"x6",5,3,2
5000,5,"x7",12,1,0
5000,5,"x8",30,2,1
5000,5,"x9",25,24,23
5000,5,"x10",24,23,21
5000,5,"x11",23,22,18
5000,5,"x12",30,8,4
5000,5,"x13",19,7,6
5000,5,"x14",9,2,1
5000,6,"x1",4,3,2
5000,6,"x2",24,7,6
5000,6,"x3",21,19,4
5000,6,"x4",27,16,11
5000,6,"x5",25,4,3
5000,6,"x6",14,7,5
5000,6,"x7",31,7,1
5000,6,"x8",2,1,0
5000,6,"x9",29,25,24
5000,6,"x10",28,24,23
5000,6,"x11",28,23,13
5000,6,"x12",29,5,3
5000,6,"x13",5,3,2
5000,6,"x14",2,1,0
5000,7,"x1",22,7,4
5000,7,"x2",10,7,6
5000,7,"x3",9,4,3
5000,7,"x4",4,3,2
5000,7,"x5",26,16,15
5000,7,"x6",25,22,10
5000,7,"x7",23,19,11
5000,7,"x8",2,1,0
5000,7,"x9",28,24,23
5000,7,"x10",31,27,24
5000,7,"x11",29,26,23
5000,7,"x12",29,19,4
5000,7,"x13",25,24,22
5000,7,"x14",21,16,2
5000,8,"x1",20,19,4
5000,8,"x2",27,22,8
5000,8,"x3",28,18,7
5000,8,"x4",4,3,2
5000,8,"x5",4,3,2
5000,8,"x6",17,9,7
5000,8,"x7",16,13,3
5000,8,"x8",14,2,1
5000,8,"x9",24,23,22
5000,8,"x10",30,24,23
5000,8,"x11",25,24,23
5000,8,"x12",25,13,4
5000,8,"x13",27,26,19
5000,8,"x14",31,21,8
5000,9,"x1",4,3,2
5000,9,"x2",13,12,11
5000,9,"x3",31,27,8
5000,9,"x4",21,4,3
5000,9,"x5",6,4,3
5000,9,"x6",6,5,3
5000,9,"x7",4,1,0
5000,9,"x8",17,11,3
5000,9,"x9",24,23,22
5000,9,"x10",27,24,23
5000,9,"x11",26,23,11
5000,9,"x12",25,5,3
5000,9,"x13",30,25,7
5000,9,"x14",4,3,2
5000,10,"x1",20,4,3
5000,10,"x2",19,8,7
5000,10,"x3",26,25,23
5000,10,"x4",15,3,2
5000,10,"x5",20,18,14
5000,10,"x6",31,5,3
5000,10,"x7",2,1,0
5000,10,"x8",2,1,0
5000,10,"x9",31,27,24
5000,10,"x10",30,24,23
5000,10,"x11",31,30,23
5000,10,"x12",3,2,1
5000,10,"x13",30,29,26
5000,10,"x14",25,11,2
5000,11,"x1",6,4,3
5000,11,"x2",27,15,10
5000,11,"x3",18,4,3
5000,11,"x4",17,4,3
5000,11,"x5",18,8,4
5000,11,"x6",25,6,5
5000,11,"x7",31,17,1
5000,11,"x8",17,2,1
5000,11,"x9",29,24,23
5000,11,"x10",24,23,20
5000,11,"x11",27,24,23
5000,11,"x12",25,9,4
5000,11,"x13",26,3,2
5000,11,"x14",20,2,1
5000,12,"x1",4,3,2
5000,12,"x2",14,7,5
5000,12,"x3",21,4,3
5000,12,"x4",18,10,8
5000,12,"x5",4,3,2
5000,12,"x6",7,5,3
5000,12,"x7",11,3,1
5000,12,"x8",26,2,1
5000,12,"x9",31,24,23
5000,12,"x10",30,24,23
5000,12,"x11",26,23,20
5000,12,"x12",11,4,3
5000,12,"x13",21,14,8
5000,12,"x14",26,3,2
5000,13,"x1",4,3,2
5000,13,"x2",13,7,5
5000,13,"x3",26,4,3
5000,13,"x4",4,3,2
5000,13,"x5",22,4,3
5000,13,"x6",18,5,3
5000,13,"x7",10,1,0
5000,13,"x8",26,2,1
5000,13,"x9",24,23,22
5000,13,"x10",24,23,22
5000,13,"x11",25,23,22
5000,13,"x12",15,6,5
5000,13,"x13",26,21,6
5000,13,"x14",29,5,2
5000,14,"x1",4,3,2
5000,14,"x2",10,7,5
5000,14,"x3",25,19,4
5000,14,"x4",31,4,3
5000,14,"x5",21,15,7
5000,14,"x6",28,24,11
5000,14,"x7",15,1,0
5000,14,"x8",28,15,10
5000,14,"x9",25,24,23
5000,14,"x10",25,24,23
5000,14,"x11",28,23,20
5000,14,"x12",26,16,4
5000,14,"x13",10,3,2
5000,14,"x14",2,1,0
5000,15,"x1",26,8,6
5000,15,"x2",26,7,5
5000,15,"x3",28,12,4
5000,15,"x4",4,3,2
5000,15,"x5",23,16,7
5000,15,"x6",28,23,5
5000,15,"x7",1,0,0
5000,15,"x8",5,2,1
5000,15,"x9",26,25,24
5000,15,"x10",26,25,24
5000,15,"x11",28,26,23
5000,15,"x12",21,10,5
5000,15,"x13",8,3,2
5000,15,"x14",2,1,0
5000,16,"x1",31,15,11
5000,16,"x2",14,8,7
5000,16,"x3",12,3,2
5000,16,"x4",17,6,4
5000,16,"x5",13,4,3
5000,16,"x6",18,6,5
5000,16,"x7",29,19,3
5000,16,"x8",10,9,2
5000,16,"x9",24,23,22
5000,16,"x10",24,23,21
5000,16,"x11",29,28,25
5000,16,"x12",8,4,3
5000,16,"x13",29,19,16
5000,16,"x14",28,24,15
5000,17,"x1",4,3,2
5000,17,"x2",5,4,3
5000,17,"x3",30,10,4
5000,17,"x4",14,9,4
5000,17,"x5",19,17,7
5000,17,"x6",11,5,3
5000,17,"x7",12,1,0
5000,17,"x8",16,2,1
5000,17,"x9",24,23,22
5000,17,"x10",23,22,21
5000,17,"x11",11,3,0
5000,17,"x12",27,3,2
5000,17,"x13",14,3,2
5000,17,"x14",13,2,1
5000,18,"x1",16,4,3
5000,18,"x2",15,11,7
5000,18,"x3",25,11,4
5000,18,"x4",3,2,1
5000,18,"x5",20,15,7
5000,18,"x6",17,13,6
5000,18,"x7",30,8,1
5000,18,"x8",2,1,0
5000,18,"x9",30,24,23
5000,18,"x10",24,23,21
5000,18,"x11",31,27,23
5000,18,"x12",5,4,3
5000,18,"x13",29,24,22
5000,18,"x14",29,21,19
5000,19,"x1",25,16,14
5000,19,"x2",8,5,4
5000,19,"x3",23,17,4
5000,19,"x4",27,16,3
5000,19,"x5",29,22,4
5000,19,"x6",5,4,3
5000,19,"x7",24,20,17
5000,19,"x8",2,1,0
5000,19,"x9",25,24,23
5000,19,"x10",24,23,21
5000,19,"x11",29,23,17
5000,19,"x12",31,20,4
5000,19,"x13",31,26,23
5000,19,"x14",5,2,1
5000,20,"x1",4,3,2
5000,20,"x2",7,5,4
5000,20,"x3",15,4,3
5000,20,"x4",31,8,4
5000,20,"x5",4,3,2
5000,20,"x6",5,3,2
5000,20,"x7",3,1,0
5000,20,"x8",13,2,1
5000,20,"x9",24,23,22
5000,20,"x10",24,23,21
5000,20,"x11",30,23,18
5000,20,"x12",25,3,2
5000,20,"x13",30,28,21
5000,20,"x14",2,1,0
5000,21,"x1",5,4,3
5000,21,"x2",29,16,15
5000,21,"x3",31,4,3
5000,21,"x4",29,4,3
5000,21,"x5",29,27,4
5000,21,"x6",19,15,7
5000,21,"x7",26,1,0
5000,21,"x8",2,1,0
5000,21,"x9",25,24,23
5000,21,"x10",25,24,23
5000,21,"x11",27,25,23
5000,21,"x12",26,4,3
5000,21,"x13",26,3,2
5000,21,"x14",27,6,2
5000,22,"x1",9,4,3
5000,22,"x2",10,9,5
5000,22,"x3",10,4,3
5000,22,"x4",25,24,8
5000,22,"x5",25,17,10
5000,22,"x6",27,7,5
5000,22,"x7",15,1,0
5000,22,"x8",2,1,0
5000,22,"x9",28,24,23
5000,22,"x10",28,24,23
5000,22,"x11",23,22,20
5000,22,"x12",9,4,3
5000,22,"x13",23,12,11
5000,22,"x14",30,8,4
5000,23,"x1",4,3,2
5000,23,"x2",20,7,5
5000,23,"x3",23,20,13
5000,23,"x4",25,3,1
5000,23,"x5",15,4,3
5000,23,"x6",22,19,9
5000,23,"x7",1,0,0
5000,23,"x8",25,8,2
5000,23,"x9",24,23,22
5000,23,"x10",24,23,21
5000,23,"x11",29,27,23
5000,23,"x12",29,24,23
5000,23,"x13",3,2,1
5000,23,"x14",2,1,0
5000,24,"x1",27,4,3
5000,24,"x2",23,11,5
5000,24,"x3",24,23,16
5000,24,"x4",15,10,5
5000,24,"x5",7,4,3
5000,24,"x6",19,6,4
5000,24,"x7",4,3,2
5000,24,"x8",21,13,10
5000,24,"x9",25,24,23
5000,24,"x10",31,26,24
5000,24,"x11",25,23,14
5000,24,"x12",23,16,5
5000,24,"x13",23,9,3
5000,24,"x14",2,1,0
5000,25,"x1",17,5,4
5000,25,"x2",31,7,5
5000,25,"x3",13,5,4
5000,25,"x4",4,3,2
5000,25,"x5",30,4,3
5000,25,"x6",18,5,3
5000,25,"x7",4,3,1
5000,25,"x8",14,5,2
5000,25,"x9",26,24,23
5000,25,"x10",25,24,23
5000,25,"x11",26,25,23
5000,25,"x12",4,3,2
5000,25,"x13",18,3,2
5000,25,"x14",30,22,2
5000,26,"x1",23,13,4
5000,26,"x2",22,20,7
5000,26,"x3",27,26,15
5000,26,"x4",6,4,3
5000,26,"x5",26,6,4
5000,26,"x6",5,3,2
5000,26,"x7",30,4,1
5000,26,"x8",13,9,2
5000,26,"x9",27,24,23
5000,26,"x10",27,25,24
5000,26,"x11",29,23,11
5000,26,"x12",10,3,2
5000,26,"x13",24,17,10
5000,26,"x14",23,16,9
5000,27,"x1",16,12,4
5000,27,"x2",18,16,8
5000,27,"x3",30,23,15
5000,27,"x4",23,12,4
5000,27,"x5",23,4,3
5000,27,"x6",19,15,5
5000,27,"x7",29,1,0
5000,27,"x8",11,2,1
5000,27,"x9",26,25,24
5000,27,"x10",24,23,21
5000,27,"x11",29,23,22
5000,27,"x12",18,17,3
5000,27,"x13",29,24,4
5000,27,"x14",24,2,1
5000,28,"x1",7,4,3
5000,28,"x2",7,6,5
5000,28,"x3",31,21,8
5000,28,"x4",30,19,17
5000,28,"x5",4,3,2
5000,28,"x6",5,3,2
5000,28,"x7",29,20,12
5000,28,"x8",2,1,0
5000,28,"x9",29,24,23
5000,28,"x10",24,23,21
5000,28,"x11",25,24,22
5000,28,"x12",28,22,19
5000,28,"x13",3,2,1
5000,28,"x14",2,1,0
5000,29,"x1",31,29,16
5000,29,"x2",28,23,13
5000,29,"x3",28,4,3
5000,29,"x4",19,3,2
5000,29,"x5",20,4,3
5000,29,"x6",5,3,2
5000,29,"x7",1,0,0
5000,29,"x8",30,2,1
5000,29,"x9",25,24,23
5000,29,"x10",24,23,21
5000,29,"x11",30,26,22
5000,29,"x12",28,19,6
5000,29,"x13",31,30,26
5000,29,"x14",25,21,13
5000,30,"x1",18,7,4
5000,30,"x2",8,7,5
5000,30,"x3",17,16,4
5000,30,"x4",9,4,3
5000,30,"x5",15,4,3
5000,30,"x6",6,5,3
5000,30,"x7",2,1,0
5000,30,"x8",5,2,1
5000,30,"x9",24,23,22
5000,30,"x10",29,24,23
5000,30,"x11",23,22,21
5000,30,"x12",31,27,4
5000,30,"x13",31,26,17
5000,30,"x14",26,2,1
5000,31,"x1",30,4,3
5000,31,"x2",30,18,7
5000,31,"x3",23,22,18
5000,31,"x4",23,13,3
5000,31,"x5",13,5,4
5000,31,"x6",20,5,4
5000,31,"x7",18,1,0
5000,31,"x8",22,4,2
5000,31,"x9",25,24,23
5000,31,"x10",24,23,21
5000,31,"x11",23,22,17
5000,31,"x12",16,4,3
5000,31,"x13",19,11,10
5000,31,"x14",26,2,1
5000,32,"x1",4,3,2
5000,32,"x2",28,12,6
5000,32,"x3",14,10,8
5000,32,"x4",19,12,3
5000,32,"x5",5,4,3
5000,32,"x6",5,3,2
5000,32,"x7",26,1,0
5000,32,"x8",2,1,0
5000,32,"x9",24,23,22
5000,32,"x10",27,24,23
5000,32,"x11",29,11,7
5000,32,"x12",31,4,3
5000,32,"x13",22,11,10
5000,32,"x14",10,9,2
5000,33,"x1",24,19,5
5000,33,"x2",19,13,10
5000,33,"x3",18,14,7
5000,33,"x4",4,3,2
5000,33,"x5",19,7,4
5000,33,"x6",30,5,4
5000,33,"x7",28,16,1
5000,33,"x8",19,5,2
5000,33,"x9",24,23,22
5000,33,"x10",27,24,23
5000,33,"x11",23,22,14
5000,33,"x12",8,4,3
5000,33,"x13",31,28,23
5000,33,"x14",28,22,3
5000,34,"x1",22,4,3
5000,34,"x2",24,5,4
5000,34,"x3",28,15,6
5000,34,"x4",21,9,4
5000,34,"x5",31,30,25
5000,34,"x6",28,10,5
5000,34,"x7",18,1,0
5000,34,"x8",8,2,1
5000,34,"x9",26,24,23
5000,34,"x10",26,25,24
5000,34,"x11",26,24,23
5000,34,"x12",3,2,1
5000,34,"x13",5,3,2
5000,34,"x14",17,2,1
5000,35,"x1",27,25,17
5000,35,"x2",20,8,7
5000,35,"x3",31,22,20
5000,35,"x4",14,4,3
5000,35,"x5",4,3,2
5000,35,"x6",6,3,2
5000,35,"x7",30,3,1
5000,35,"x8",13,3,2
5000,35,"x9",24,23,22
5000,35,"x10",24,23,21
5000,35,"x11",23,20,11
5000,35,"x12",23,11,7
5000,35,"x13",28,25,9
5000,35,"x14",2,1,0
5000,36,"x1",4,3,2
5000,36,"x2",25,13,10
5000,36,"x3",15,6,3
5000,36,"x4",23,12,4
5000,36,"x5",30,9,7
5000,36,"x6",5,3,2
5000,36,"x7",14,5,1
5000,36,"x8",27,16,3
5000,36,"x9",24,23,22
5000,36,"x10",24,23,22
5000,36,"x11",26,20,11
5000,36,"x12",18,17,16
5000,36,"x13",20,3,2
5000,36,"x14",24,10,2
5000,37,"x1",24,14,4
5000,37,"x2",26,25,7
5000,37,"x3",30,29,19
5000,37,"x4",28,25,3
5000,37,"x5",31,9,4
5000,37,"x6",5,3,2
5000,37,"x7",26,22,3
5000,37,"x8",16,13,11
5000,37,"x9",27,24,23
5000,37,"x10",30,27,24
5000,37,"x11",28,27,24
5000,37,"x12",28,4,3
5000,37,"x13",17,7,6
5000,37,"x14",31,24,2
5000,38,"x1",30,20,15
5000,38,"x2",7,5,4
5000,38,"x3",21,10,4
5000,38,"x4",6,4,3
5000,38,"x5",13,5,4
5000,38,"x6",28,10,7
5000,38,"x7",21,3,1
5000,38,"x8",25,24,15
5000,38,"x9",24,23,22
5000,38,"x10",24,23,21
5000,38,"x11",29,11,10
5000,38,"x12",3,2,1
5000,38,"x13",10,9,4
5000,38,"x14",30,8,6
5000,39,"x1",4,3,2
5000,39,"x2",18,8,7
5000,39,"x3",30,24,21
5000,39,"x4",30,3,1
5000,39,"x5",16,11,4
5000,39,"x6",23,21,5
5000,39,"x7",3,2,1
5000,39,"x8",26,2,1
5000,39,"x9",24,23,22
5000,39,"x10",24,23,21
5000,39,"x11",30,23,18
5000,39,"x12",14,5,4
5000,39,"x13",28,25,23
5000,39,"x14",19,10,3
5000,40,"x1",19,10,6
5000,40,"x2",20,7,5
5000,40,"x3",24,11,6
5000,40,"x4",27,14,4
5000,40,"x5",14,9,6
5000,40,"x6",31,30,12
5000,40,"x7",2,1,0
5000,40,"x8",10,5,2
5000,40,"x9",24,23,22
5000,40,"x10",24,23,22
5000,40,"x11",25,23,21
5000,40,"x12",3,2,1
5000,40,"x13",26,25,13
5000,40,"x14",24,7,3
5000,41,"x1",4,3,2
5000,41,"x2",25,19,8
5000,41,"x3",26,16,15
5000,41,"x4",31,29,25
5000,41,"x5",22,7,6
5000,41,"x6",26,25,18
5000,41,"x7",16,1,0
5000,41,"x8",23,2,1
5000,41,"x9",24,23,22
5000,41,"x10",29,24,23
5000,41,"x11",13,11,5
5000,41,"x12",12,3,2
5000,41,"x13",3,2,1
5000,41,"x14",28,26,21
5000,42,"x1",23,21,13
5000,42,"x2",11,10,7
5000,42,"x3",18,6,4
5000,42,"x4",19,3,2
5000,42,"x5",27,4,3
5000,42,"x6",22,5,4
5000,42,"x7",17,8,6
5000,42,"x8",31,30,2
5000,42,"x9",25,24,23
5000,42,"x10",24,23,22
5000,42,"x11",31,23,13
5000,42,"x12",27,5,3
5000,42,"x13",27,20,7
5000,42,"x14",10,2,1
5000,43,"x1",29,22,15
5000,43,"x2",29,7,5
5000,43,"x3",7,3,2
5000,43,"x4",11,4,3
5000,43,"x5",19,4,3
5000,43,"x6",5,3,2
5000,43,"x7",31,13,7
5000,43,"x8",2,1,0
5000,43,"x9",24,23,22
5000,43,"x10",24,23,21
5000,43,"x11",30,26,23
5000,43,"x12",4,3,2
5000,43,"x13",24,23,17
5000,43,"x14",30,2,1
5000,44,"x1",24,21,4
5000,44,"x2",21,8,7
5000,44,"x3",24,23,17
5000,44,"x4",3,2,1
5000,44,"x5",14,12,4
5000,44,"x6",26,24,5
5000,44,"x7",4,1,0
5000,44,"x8",20,2,1
5000,44,"x9",27,25,24
5000,44,"x10",26,24,23
5000,44,"x11",27,18,11
5000,44,"x12",20,4,3
5000,44,"x13",23,13,9
5000,44,"x14",16,2,1
5000,45,"x1",4,3,2
5000,45,"x2",5,4,3
5000,45,"x3",4,3,2
5000,45,"x4",4,3,2
5000,45,"x5",22,5,4
5000,45,"x6",29,18,9
5000,45,"x7",5,2,1
5000,45,"x8",2,1,0
5000,45,"x9",25,24,23
5000,45,"x10",24,23,22
5000,45,"x11",27,23,19
5000,45,"x12",20,14,9
5000,45,"x13",20,6,3
5000,45,"x14",22,17,5
5000,46,"x1",29,23,4
5000,46,"x2",10,7,5
5000,46,"x3",27,26,17
5000,46,"x4",23,17,11
5000,46,"x5",30,12,4
5000,46,"x6",13,6,5
5000,46,"x7",15,6,2
5000,46,"x8",28,18,7
5000,46,"x9",27,24,23
5000,46,"x10",24,23,21
5000,46,"x11",23,13,11
5000,46,"x12",23,4,3
5000,46,"x13",20,3,2
5000,46,"x14",2,1,0
5000,47,"x1",4,3,2
5000,47,"x2",10,8,6
5000,47,"x3",27,17,14
5000,47,"x4",4,3,2
5000,47,"x5",16,7,4
5000,47,"x6",31,29,20
5000,47,"x7",24,15,1
5000,47,"x8",23,22,2
5000,47,"x9",24,23,22
5000,47,"x10",30,24,23
5000,47,"x11",29,23,11
5000,47,"x12",30,29,28
5000,47,"x13",29,21,19
5000,47,"x14",18,2,1
5000,48,"x1",22,4,3
5000,48,"x2",24,13,7
5000,48,"x3",11,7,4
5000,48,"x4",19,4,3
5000,48,"x5",4,3,2
5000,48,"x6",26,3,2
5000,48,"x7",5,1,0
5000,48,"x8",2,1,0
5000,48,"x9",31,30,24
5000,48,"x10",30,24,23
5000,48,"x11",29,23,22
5000,48,"x12",29,6,4
5000,48,"x13",23,15,14
5000,48,"x14",14,2,1
5000,49,"x1",14,11,10
5000,49,"x2",24,11,8
5000,49,"x3",27,23,4
5000,49,"x4",11,5,3
5000,49,"x5",19,5,4
5000,49,"x6",29,6,5
5000,49,"x7",30,5,1
5000,49,"x8",12,8,5
5000,49,"x9",24,23,22
5000,49,"x10",28,27,24
5000,49,"x11",23,20,11
5000,49,"x12",3,2,1
5000,49,"x13",25,15,7
5000,49,"x14",24,2,1
5000,50,"x1",24,4,3
5000,50,"x2",30,26,15
5000,50,"x3",22,21,19
5000,50,"x4",21,5,4
5000,50,"x5",31,26,18
5000,50,"x6",18,5,3
5000,50,"x7",24,1,0
5000,50,"x8",26,10,2
5000,50,"x9",25,23,22
5000,50,"x10",24,23,21
5000,50,"x11",23,15,13
5000,50,"x12",30,29,8
5000,50,"x13",30,4,3
5000,50,"x14",29,27,3
5000,51,"x1",6,4,3
5000,51,"x2",5,4,3
5000,51,"x3",21,19,4
5000,51,"x4",4,3,2
5000,51,"x5",21,9,4
5000,51,"x6",23,22,5
5000,51,"x7",26,19,18
5000,51,"x8",2,1,0
5000,51,"x9",28,24,23
5000,51,"x10",27,24,23
5000,51,"x11",23,19,15
5000,51,"x12",5,4,3
5000,51,"x13",19,11,10
5000,51,"x14",31,2,1
5000,52,"x1",30,16,11
5000,52,"x2",19,10,7
5000,52,"x3",28,10,4
5000,52,"x4",4,3,2
5000,52,"x5",12,11,8
5000,52,"x6",5,3,2
5000,52,"x7",27,16,1
5000,52,"x8",17,3,2
5000,52,"x9",30,24,23
5000,52,"x10",30,24,23
5000,52,"x11",23,18,11
5000,52,"x12",3,2,1
5000,52,"x13",3,2,1
5000,52,"x14",2,1,0
5000,53,"x1",4,3,2
5000,53,"x2",14,7,5
5000,53,"x3",23,13,5
5000,53,"x4",17,4,3
5000,53,"x5",31,14,4
5000,53,"x6",3,2,1
5000,53,"x7",1,0,0
5000,53,"x8",31,26,12
5000,53,"x9",24,23,22
5000,53,"x10",24,23,22
5000,53,"x11",23,22,17
5000,53,"x12",20,5,4
5000,53,"x13",31,29,20
5000,53,"x14",19,6,2
5000,54,"x1",28,4,3
5000,54,"x2",30,5,4
5000,54,"x3",27,22,21
5000,54,"x4",23,6,3
5000,54,"x5",4,3,2
5000,54,"x6",5,3,2
5000,54,"x7",3,1,0
5000,54,"x8",18,2,1
5000,54,"x9",26,24,23
5000,54,"x10",27,23,21
5000,54,"x11",29,24,11
5000,54,"x12",31,19,14
5000,54,"x13",31,3,2
5000,54,"x14",25,9,7
5000,55,"x1",4,3,2
5000,55,"x2",22,18,12
5000,55,"x3",29,9,5
5000,55,"x4",20,8,4
5000,55,"x5",30,24,7
5000,55,"x6",11,5,3
5000,55,"x7",11,3,2
5000,55,"x8",26,23,19
5000,55,"x9",31,24,23
5000,55,"x10",24,23,21
5000,55,"x11",31,29,23
5000,55,"x12",12,6,4
5000,55,"x13",23,14,4
5000,55,"x14",2,1,0
5000,56,"x1",5,4,3
5000,56,"x2",10,5,4
5000,56,"x3",30,26,21
5000,56,"x4",3,2,1
5000,56,"x5",29,15,4
5000,56,"x6",9,5,3
5000,56,"x7",18,10,7
5000,56,"x8",29,24,10
5000,56,"x9",24,23,22
5000,56,"x10",24,23,20
5000,56,"x11",23,17,11
5000,56,"x12",16,4,3
5000,56,"x13",21,4,3
5000,56,"x14",9,3,2
5000,57,"x1",25,4,3
5000,57,"x2",23,19,7
5000,57,"x3",4,3,2
5000,57,"x4",10,5,4
5000,57,"x5",4,3,2
5000,57,"x6",10,5,4
5000,57,"x7",30,18,14
5000,57,"x8",30,28,15
5000,57,"x9",23,22,13
5000,57,"x10",23,21,20
5000,57,"x11",31,28,26
5000,57,"x12",6,3,2
5000,57,"x13",3,2,1
5000,57,"x14",2,1,0
5000,58,"x1",30,29,18
5000,58,"x2",29,7,6
5000,58,"x3",16,4,3
5000,58,"x4",22,14,3
5000,58,"x5",31,18,14
5000,58,"x6",5,3,2
5000,58,"x7",1,0,0
5000,58,"x8",15,3,2
5000,58,"x9",31,28,24
5000,58,"x10",24,23,21
5000,58,"x11",23,11,0
5000,58,"x12",4,3,2
5000,58,"x13",23,15,3
5000,58,"x14",2,1,0
5000,59,"x1",25,9,4
5000,59,"x2",23,8,7
5000,59,"x3",31,6,4
5000,59,"x4",4,3,1
5000,59,"x5",4,3,2
5000,59,"x6",30,10,5
5000,59,"x7",11,1,0
5000,59,"x8",18,6,2
5000,59,"x9",24,23,22
5000,59,"x10",24,23,21
5000,59,"x11",31,30,16
5000,59,"x12",28,27,14
5000,59,"x13",29,20,3
5000,59,"x14",9,4,2
5000,60,"x1",4,3,2
5000,60,"x2",24,15,10
5000,60,"x3",4,3,2
5000,60,"x4",29,3,2
5000,60,"x5",31,29,23
5000,60,"x6",29,18,12
5000,60,"x7",17,8,1
5000,60,"x8",26,12,2
5000,60,"x9",24,23,22
5000,60,"x10",24,23,22
5000,60,"x11",23,17,14
5000,60,"x12",30,4,3
5000,60,"x13",23,22,11
5000,60,"x14",10,2,1
5000,61,"x1",31,5,4
5000,61,"x2",28,10,7
5000,61,"x3",26,7,5
5000,61,"x4",21,4,3
5000,61,"x5",16,8,5
5000,61,"x6",5,3,2
5000,61,"x7",25,24,20
5000,61,"x8",29,17,3
5000,61,"x9",24,23,22
5000,61,"x10",27,24,23
5000,61,"x11",28,23,21
5000,61,"x12",15,4,3
5000,61,"x13",24,22,19
5000,61,"x14",23,18,3
5000,62,"x1",5,4,3
5000,62,"x2",29,26,14
5000,62,"x3",29,25,12
5000,62,"x4",28,4,3
5000,62,"x5",29,28,27
5000,62,"x6",22,8,3
5000,62,"x7",20,4,1
5000,62,"x8",2,1,0
5000,62,"x9",24,23,22
5000,62,"x10",24,23,22
5000,62,"x11",31,11,10
5000,62,"x12",25,6,5
5000,62,"x13",30,27,9
5000,62,"x14",10,8,2
5000,63,"x1",28,27,25
5000,63,"x2",31,7,5
5000,63,"x3",21,19,14
5000,63,"x4",4,3,2
5000,63,"x5",23,5,4
5000,63,"x6",23,14,7
5000,63,"x7",19,4,1
5000,63,"x8",30,10,2
5000,63,"x9",24,23,22
5000,63,"x10",24,23,21
5000,63,"x11",30,28,25
5000,63,"x12",27,25,5
5000,63,"x13",26,10,3
5000,63,"x14",26,9,2
5000,64,"x1",22,17,16
5000,64,"x2",26,25,22
5000,64,"x3",27,14,6
5000,64,"x4",23,16,3
5000,64,"x5",4,3,2
5000,64,"x6",30,5,3
5000,64,"x7",3,1,0
5000,64,"x8",2,1,0
5000,64,"x9",24,23,22
5000,64,"x10",28,24,23
5000,64,"x11",29,25,23
5000,64,"x12",21,11,3
5000,64,"x13",28,19,18
5000,64,"x14",29,18,3
5000,65,"x1",17,6,4
5000,65,"x2",26,7,5
5000,65,"x3",22,19,10
5000,65,"x4",21,4,3
5000,65,"x5",25,14,12
5000,65,"x6",23,3,2
5000,65,"x7",22,21,18
5000,65,"x8",21,19,2
5000,65,"x9",27,24,23
5000,65,"x10",28,27,24
5000,65,"x11",29,28,26
5000,65,"x12",22,6,5
5000,65,"x13",22,10,8
5000,65,"x14",27,6,2
5000,66,"x1",22,4,3
5000,66,"x2",26,10,5
5000,66,"x3",26,14,4
5000,66,"x4",26,24,11
5000,66,"x5",29,21,10
5000,66,"x6",26,3,2
5000,66,"x7",8,1,0
5000,66,"x8",14,2,1
5000,66,"x9",24,23,22
5000,66,"x10",25,24,23
5000,66,"x11",26,23,20
5000,66,"x12",20,14,3
5000,66,"x13",23,21,18
5000,66,"x14",17,2,1
5000,67,"x1",4,3,2
5000,67,"x2",29,28,5
5000,67,"x3",10,5,4
5000,67,"x4",3,1,0
5000,67,"x5",27,10,7
5000,67,"x6",24,5,3
5000,67,"x7",16,1,0
5000,67,"x8",13,7,2
5000,67,"x9",27,24,23
5000,67,"x10",27,24,23
5000,67,"x11",27,23,21
5000,67,"x12",29,19,7
5000,67,"x13",20,19,4
5000,67,"x14",18,16,10
5000,68,"x1",30,4,3
5000,68,"x2",13,7,5
5000,68,"x3",30,24,19
5000,68,"x4",16,3,2
5000,68,"x5",9,4,3
5000,68,"x6",30,28,22
5000,68,"x7",25,2,1
5000,68,"x8",20,16,2
5000,68,"x9",24,23,22
5000,68,"x10",24,23,21
5000,68,"x11",23,17,11
5000,68,"x12",9,5,3
5000,68,"x13",25,24,3
5000,68,"x14",2,1,0
5000,69,"x1",30,11,4
5000,69,"x2",18,8,5
5000,69,"x3",30,22,18
5000,69,"x4",4,3,2
5000,69,"x5",31,11,4
5000,69,"x6",14,5,4
5000,69,"x7",1,0,0
5000,69,"x8",27,2,1
5000,69,"x9",26,25,24
5000,69,"x10",24,23,21
5000,69,"x11",29,23,17
5000,69,"x12",17,4,3
5000,69,"x13",25,22,13
5000,69,"x14",2,1,0
5000,70,"x1",14,6,4
5000,70,"x2",7,5,4
5000,70,"x3",7,4,3
5000,70,"x4",4,3,1
5000,70,"x5",31,29,26
5000,70,"x6",5,3,2
5000,70,"x7",16,12,1
5000,70,"x8",20,2,1
5000,70,"x9",23,22,13
5000,70,"x10",23,21,20
5000,70,"x11",26,23,15
5000,70,"x12",25,3,2
5000,70,"x13",22,20,9
5000,70,"x14",8,3,2
5000,71,"x1",21,18,4
5000,71,"x2",5,4,3
5000,71,"x3",4,3,2
5000,71,"x4",4,3,2
5000,71,"x5",27,4,3
5000,71,"x6",5,3,2
5000,71,"x7",26,1,0
5000,71,"x8",22,2,1
5000,71,"x9",29,28,24
5000,71,"x10",24,23,22
5000,71,"x11",23,11,6
5000,71,"x12",4,3,2
5000,71,"x13",18,3,2
5000,71,"x14",27,2,1
5000,72,"x1",20,11,4
5000,72,"x2",24,18,6
5000,72,"x3",25,19,14
5000,72,"x4",19,3,1
5000,72,"x5",20,16,5
5000,72,"x6",5,3,2
5000,72,"x7",28,10,3
5000,72,"x8",26,12,2
5000,72,"x9",27,24,23
5000,72,"x10",26,24,23
5000,72,"x11",23,15,14
5000,72,"x12",3,2,1
5000,72,"x13",20,19,16
5000,72,"x14",31,20,18
5000,73,"x1",6,4,3
5000,73,"x2",29,24,17
5000,73,"x3",29,17,7
5000,73,"x4",4,3,2
5000,73,"x5",31,25,12
5000,73,"x6",18,12,5
5000,73,"x7",1,0,0
5000,73,"x8",30,25,8
5000,73,"x9",25,24,23
5000,73,"x10",31,24,23
5000,73,"x11",23,22,17
5000,73,"x12",24,3,2
5000,73,"x13",9,3,2
5000,73,"x14",2,1,0
5000,74,"x1",4,3,2
5000,74,"x2",15,5,4
5000,74,"x3",31,20,6
5000,74,"x4",24,17,4
5000,74,"x5",15,4,3
5000,74,"x6",9,8,5
5000,74,"x7",26,18,1
5000,74,"x8",18,2,1
5000,74,"x9",24,23,22
5000,74,"x10",31,24,23
5000,74,"x11",23,19,17
5000,74,"x12",3,2,1
5000,74,"x13",22,19,3
5000,74,"x14",21,18,2
5000,75,"x1",30,24,13
5000,75,"x2",21,7,6
5000,75,"x3",4,3,2
5000,75,"x4",4,3,2
5000,75,"x5",26,24,20
5000,75,"x6",29,22,21
5000,75,"x7",21,13,4
5000,75,"x8",10,2,1
5000,75,"x9",24,23,22
5000,75,"x10",24,23,21
5000,75,"x11",19,11,0
5000,75,"x12",6,3,2
5000,75,"x13",25,21,12
5000,75,"x14",23,20,2
5000,76,"x1",30,4,3
5000,76,"x2",30,7,5
5000,76,"x3",30,20,16
5000,76,"x4",8,3,2
5000,76,"x5",25,5,4
5000,76,"x6",5,3,2
5000,76,"x7",17,1,0
5000,76,"x8",19,2,1
5000,76,"x9",24,23,22
5000,76,"x10",31,27,24
5000,76,"x11",31,26,18
5000,76,"x12",23,10,4
5000,76,"x13",28,22,12
5000,76,"x14",16,2,1
5000,77,"x1",31,21,15
5000,77,"x2",10,8,7
5000,77,"x3",20,16,5
5000,77,"x4",4,3,1
5000,77,"x5",11,4,3
5000,77,"x6",26,23,15
5000,77,"x7",13,3,1
5000,77,"x8",22,21,5
5000,77,"x9",24,23,22
5000,77,"x10",24,23,21
5000,77,"x11",27,26,23
5000,77,"x12",23,4,3
5000,77,"x13",25,23,15
5000,77,"x14",24,2,1
5000,78,"x1",11,4,3
5000,78,"x2",15,11,5
5000,78,"x3",27,22,17
5000,78,"x4",14,6,3
5000,78,"x5",4,3,2
5000,78,"x6",5,3,2
5000,78,"x7",20,8,3
5000,78,"x8",3,2,1
5000,78,"x9",24,23,22
5000,78,"x10",28,27,23
5000,78,"x11",28,23,11
5000,78,"x12",5,4,3
5000,78,"x13",27,9,4
5000,78,"x14",2,1,0
5000,79,"x1",27,22,4
5000,79,"x2",19,14,8
5000,79,"x3",7,4,3
5000,79,"x4",3,2,1
5000,79,"x5",23,17,6
5000,79,"x6",5,4,3
5000,79,"x7",1,0,0
5000,79,"x8",5,2,1
5000,79,"x9",28,27,24
5000,79,"x10",28,26,24
5000,79,"x11",11,4,3
5000,79,"x12",22,3,2
5000,79,"x13",30,13,4
5000,79,"x14",25,2,1
5000,80,"x1",30,29,13
5000,80,"x2",7,5,4
5000,80,"x3",27,17,12
5000,80,"x4",5,4,3
5000,80,"x5",25,14,9
5000,80,"x6",27,6,5
5000,80,"x7",7,3,1
5000,80,"x8",4,2,1
5000,80,"x9",25,24,23
5000,80,"x10",24,23,21
5000,80,"x11",27,23,21
5000,80,"x12",17,14,7
5000,80,"x13",30,27,21
5000,80,"x14",26,20,19
5000,81,"x1",4,3,2
5000,81,"x2",10,8,7
5000,81,"x3",22,19,4
5000,81,"x4",7,3,2
5000,81,"x5",4,3,2
5000,81,"x6",29,28,26
5000,81,"x7",17,4,1
5000,81,"x8",28,20,10
5000,81,"x9",30,28,27
5000,81,"x10",26,24,23
5000,81,"x11",29,23,22
5000,81,"x12",17,13,3
5000,81,"x13",27,23,21
5000,81,"x14",20,7,2
5000,82,"x1",4,3,2
5000,82,"x2",14,7,5
5000,82,"x3",31,24,4
5000,82,"x4",11,3,2
5000,82,"x5",15,4,3
5000,82,"x6",18,16,6
5000,82,"x7",26,15,11
5000,82,"x8",28,24,19
5000,82,"x9",25,24,23
5000,82,"x10",24,23,21
5000,82,"x11",23,15,11
5000,82,"x12",4,3,2
5000,82,"x13",30,25,3
5000,82,"x14",15,12,2
5000,83,"x1",13,8,5
5000,83,"x2",5,4,3
5000,83,"x3",20,10,8
5000,83,"x4",9,6,3
5000,83,"x5",30,23,4
5000,83,"x6",29,21,5
5000,83,"x7",12,10,1
5000,83,"x8",25,15,2
5000,83,"x9",24,23,22
5000,83,"x10",27,24,23
5000,83,"x11",29,25,23
5000,83,"x12",27,4,3
5000,83,"x13",5,3,2
5000,83,"x14",4,2,1
5000,84,"x1",17,4,3
5000,84,"x2",7,5,4
5000,84,"x3",29,16,13
5000,84,"x4",10,4,3
5000,84,"x5",4,3,2
5000,84,"x6",30,19,16
5000,84,"x7",3,1,0
5000,84,"x8",28,21,16
5000,84,"x9",24,23,22
5000,84,"x10",31,24,23
5000,84,"x11",29,23,22
5000,84,"x12",15,3,2
5000,84,"x13",25,21,18
5000,84,"x14",20,3,2
5000,85,"x1",4,3,2
5000,85,"x2",21,8,7
5000,85,"x3",28,26,23
5000,85,"x4",4,3,1
5000,85,"x5",27,23,4
5000,85,"x6",31,5,3
5000,85,"x7",13,1,0
5000,85,"x8",2,1,0
5000,85,"x9",25,24,23
5000,85,"x10",29,24,23
5000,85,"x11",23,21,11
5000,85,"x12",24,7,5
5000,85,"x13",18,3,2
5000,85,"x14",30,16,2
5000,86,"x1",4,3,2
5000,86,"x2",31,7,5
5000,86,"x3",8,4,3
5000,86,"x4",31,18,4
5000,86,"x5",18,7,5
5000,86,"x6",12,5,3
5000,86,"x7",27,16,10
5000,86,"x8",25,2,1
5000,86,"x9",29,24,23
5000,86,"x10",24,23,21
5000,86,"x11",31,29,23
5000,86,"x12",23,20,5
5000,86,"x13",27,22,6
5000,86,"x14",29,26,2
5000,87,"x1",21,4,3
5000,87,"x2",30,10,5
5000,87,"x3",21,14,11
5000,87,"x4",15,10,6
5000,87,"x5",15,8,4
5000,87,"x6",26,5,4
5000,87,"x7",18,1,0
5000,87,"x8",3,2,1
5000,87,"x9",24,23,22
5000,87,"x10",31,27,24
5000,87,"x11",29,27,23
5000,87,"x12",30,24,8
5000,87,"x13",4,3,2
5000,87,"x14",3,2,0
5000,88,"x1",4,3,2
5000,88,"x2",26,23,8
5000,88,"x3",23,22,20
5000,88,"x4",25,4,3
5000,88,"x5",22,4,3
5000,88,"x6",23,11,5
5000,88,"x7",31,25,1
5000,88,"x8",5,2,1
5000,88,"x9",27,24,23
5000,88,"x10",24,23,21
5000,88,"x11",25,23,21
5000,88,"x12",9,4,3
5000,88,"x13",24,11,3
5000,88,"x14",10,6,2
5000,89,"x1",17,10,4
5000,89,"x2",31,19,16
5000,89,"x3",27,22,4
5000,89,"x4",3,2,1
5000,89,"x5",4,3,2
5000,89,"x6",30,17,5
5000,89,"x7",27,26,1
5000,89,"x8",2,1,0
5000,89,"x9",27,24,23
5000,89,"x10",27,25,24
5000,89,"x11",31,23,22
5000,89,"x12",31,19,3
5000,89,"x13",9,3,2
5000,89,"x14",8,2,1
5000,90,"x1",5,4,3
5000,90,"x2",6,5,4
5000,90,"x3",30,28,7
5000,90,"x4",30,3,2
5000,90,"x5",23,19,9
5000,90,"x6",9,5,3
5000,90,"x7",1,0,0
5000,90,"x8",8,2,1
5000,90,"x9",24,23,22
5000,90,"x10",24,23,21
5000,90,"x11",29,23,19
5000,90,"x12",30,4,3
5000,90,"x13",24,15,14
5000,90,"x14",23,14,2
5000,91,"x1",4,3,2
5000,91,"x2",7,5,4
5000,91,"x3",25,11,5
5000,91,"x4",7,4,3
5000,91,"x5",14,9,4
5000,91,"x6",8,5,3
5000,91,"x7",28,25,24
5000,91,"x8",23,16,15
5000,91,"x9",24,23,22
5000,91,"x10",24,23,22
5000,91,"x11",30,23,20
5000,91,"x12",28,12,4
5000,91,"x13",20,8,3
5000,91,"x14",7,2,1
5000,92,"x1",4,3,2
5000,92,"x2",7,5,4
5000,92,"x3",4,3,2
5000,92,"x4",4,3,2
5000,92,"x5",4,3,2
5000,92,"x6",7,5,3
5000,92,"x7",22,9,5
5000,92,"x8",2,1,0
5000,92,"x9",24,23,22
5000,92,"x10",27,24,23
5000,92,"x11",23,18,16
5000,92,"x12",26,22,4
5000,92,"x13",30,22,21
5000,92,"x14",30,29,21
5000,93,"x1",4,3,2
5000,93,"x2",18,16,7
5000,93,"x3",14,3,2
5000,93,"x4",23,3,2
5000,93,"x5",4,3,2
5000,93,"x6",5,4,3
5000,93,"x7",3,2,1
5000,93,"x8",20,19,12
5000,93,"x9",24,23,22
5000,93,"x10",24,23,21
5000,93,"x11",24,23,15
5000,93,"x12",26,3,2
5000,93,"x13",17,16,8
5000,93,"x14",15,2,1
5000,94,"x1",14,12,4
5000,94,"x2",20,5,4
5000,94,"x3",27,16,11
5000,94,"x4",30,19,4
5000,94,"x5",25,24,11
5000,94,"x6",29,18,10
5000,94,"x7",27,15,6
5000,94,"x8",2,1,0
5000,94,"x9",24,23,22
5000,94,"x10",31,28,24
5000,94,"x11",11,10,0
5000,94,"x12",23,18,9
5000,94,"x13",25,19,3
5000,94,"x14",4,2,1
5000,95,"x1",4,3,2
5000,95,"x2",27,26,7
5000,95,"x3",27,12,10
5000,95,"x4",17,10,5
5000,95,"x5",17,12,9
5000,95,"x6",28,12,6
5000,95,"x7",21,4,1
5000,95,"x8",29,2,1
5000,95,"x9",24,23,22
5000,95,"x10",29,24,23
5000,95,"x11",23,21,13
5000,95,"x12",6,3,2
5000,95,"x13",31,28,27
5000,95,"x14",31,21,2
5000,96,"x1",16,15,4
5000,96,"x2",31,10,7
5000,96,"x3",23,17,9
5000,96,"x4",31,21,3
5000,96,"x5",10,4,3
5000,96,"x6",28,13,5
5000,96,"x7",31,27,1
5000,96,"x8",4,2,1
5000,96,"x9",24,23,22
5000,96,"x10",23,22,21
5000,96,"x11",30,18,16
5000,96,"x12",31,30,19
5000,96,"x13",22,4,3
5000,96,"x14",21,6,3
5000,97,"x1",4,3,2
5000,97,"x2",29,24,8
5000,97,"x3",26,25,12
5000,97,"x4",28,27,9
5000,97,"x5",16,13,9
5000,97,"x6",25,8,6
5000,97,"x7",25,1,0
5000,97,"x8",14,2,1
5000,97,"x9",29,25,24
5000,97,"x10",28,27,25
5000,97,"x11",30,20,14
5000,97,"x12",19,13,3
5000,97,"x13",15,3,2
5000,97,"x14",14,2,1
5000,98,"x1",19,12,4
5000,98,"x2",13,7,5
5000,98,"x3",21,4,3
5000,98,"x4",4,3,2
5000,98,"x5",5,4,3
5000,98,"x6",18,14,5
5000,98,"x7",30,4,1
5000,98,"x8",29,17,15
5000,98,"x9",28,26,24
5000,98,"x10",28,27,24
5000,98,"x11",23,20,18
5000,98,"x12",13,3,2
5000,98,"x13",29,27,22
5000,98,"x14",26,9,2
5000,99,"x1",27,9,6
5000,99,"x2",24,12,10
5000,99,"x3",12,11,6
5000,99,"x4",3,2,1
5000,99,"x5",24,13,10
5000,99,"x6",18,3,2
5000,99,"x7",28,21,3
5000,99,"x8",16,3,2
5000,99,"x9",24,23,22
5000,99,"x10",31,24,23
5000,99,"x11",30,26,23
5000,99,"x12",10,3,2
5000,99,"x13",23,21,9
5000,99,"x14",2,1,0
5000,100,"x1",19,5,4
5000,100,"x2",8,7,5
5000,100,"x3",15,12,10
5000,100,"x4",3,2,1
5000,100,"x5",18,5,4
5000,100,"x6",18,5,3
5000,100,"x7",1,0,0
5000,100,"x8",17,13,9
5000,100,"x9",24,23,22
5000,100,"x10",24,23,21
5000,100,"x11",28,23,21
5000,100,"x12",10,4,3
5000,100,"x13",12,3,2
5000,100,"x14",2,1,0
