"Size","Serie","name_serie","Coefficient","Error","Estimator","Value"
100,"x1","AR(5)","Pearson","RMSE","p1",18.6221642136461
100,"x1","AR(5)","Pearson","RMSE","p2",13.3169065476934
100,"x1","AR(5)","Pearson","RMSE","p3",8.09289812119243
100,"x10","SARIMA(4,0,0) × (2,0,0)[12] 
Additive decomposition","Pearson","RMSE","p1",3.7841775856849
100,"x10","SARIMA(4,0,0) × (2,0,0)[12] 
Additive decomposition","Pearson","RMSE","p2",6.41404708432983
100,"x10","SARIMA(4,0,0) × (2,0,0)[12] 
Additive decomposition","Pearson","RMSE","p3",9.84403372606982
100,"x11","SARIMA(4,0,0) × (2,0,0)[12] 
 Multiplicative decomposition","Pearson","RMSE","p1",8.91711836862111
100,"x11","SARIMA(4,0,0) × (2,0,0)[12] 
 Multiplicative decomposition","Pearson","RMSE","p2",15.7511904312023
100,"x11","SARIMA(4,0,0) × (2,0,0)[12] 
 Multiplicative decomposition","Pearson","RMSE","p3",20.5732836465159
100,"x12","ARMA(1,0,1)-GARCH(1,1)","Pearson","RMSE","p1",22.3824708198179
100,"x12","ARMA(1,0,1)-GARCH(1,1)","Pearson","RMSE","p2",16.4968178749721
100,"x12","ARMA(1,0,1)-GARCH(1,1)","Pearson","RMSE","p3",11.0794855476236
100,"x13","ARIMA(3,1,0)","Pearson","RMSE","p1",21.2168565060897
100,"x13","ARIMA(3,1,0)","Pearson","RMSE","p2",15.278907028973
100,"x13","ARIMA(3,1,0)","Pearson","RMSE","p3",9.30591209930547
100,"x14","ARIMA(3,1,0) 
Differentiated","Pearson","RMSE","p1",20.6734128774133
100,"x14","ARIMA(3,1,0) 
Differentiated","Pearson","RMSE","p2",13.6003676420897
100,"x14","ARIMA(3,1,0) 
Differentiated","Pearson","RMSE","p3",8.33876489655393
100,"x2","ARMA(1,3)","Pearson","RMSE","p1",22.3315919719128
100,"x2","ARMA(1,3)","Pearson","RMSE","p2",15.4102238789707
100,"x2","ARMA(1,3)","Pearson","RMSE","p3",10.5945740829917
100,"x3","ARIMA(2,1,1)","Pearson","RMSE","p1",20.8931807056752
100,"x3","ARIMA(2,1,1)","Pearson","RMSE","p2",14.3408507418493
100,"x3","ARIMA(2,1,1)","Pearson","RMSE","p3",9.42576256862011
100,"x4","NLAR(3)","Pearson","RMSE","p1",21.1387085698252
100,"x4","NLAR(3)","Pearson","RMSE","p2",15.4154143635518
100,"x4","NLAR(3)","Pearson","RMSE","p3",10.7522090753482
100,"x5","NLAR(4)","Pearson","RMSE","p1",19.3256306494769
100,"x5","NLAR(4)","Pearson","RMSE","p2",13.3828248139173
100,"x5","NLAR(4)","Pearson","RMSE","p3",9.06393954083984
100,"x6","NLARMA(2,2)","Pearson","RMSE","p1",22.9407933603003
100,"x6","NLARMA(2,2)","Pearson","RMSE","p2",16.658481323338
100,"x6","NLARMA(2,2)","Pearson","RMSE","p3",11.1601971308754
100,"x7","SETAR(2,2,[2])","Pearson","RMSE","p1",20.4714435250668
100,"x7","SETAR(2,2,[2])","Pearson","RMSE","p2",13.9599426932921
100,"x7","SETAR(2,2,[2])","Pearson","RMSE","p3",8.95712007288057
100,"x8","ARIMA(2,1,1) 
Differentiated","Pearson","RMSE","p1",21.2763953713969
100,"x8","ARIMA(2,1,1) 
Differentiated","Pearson","RMSE","p2",14.9015099906016
100,"x8","ARIMA(2,1,1) 
Differentiated","Pearson","RMSE","p3",10.0831542683825
100,"x9","SARIMA(4,0,0) × (2,0,0)[12]","Pearson","RMSE","p1",5.45664732230332
100,"x9","SARIMA(4,0,0) × (2,0,0)[12]","Pearson","RMSE","p2",10.0414142430237
100,"x9","SARIMA(4,0,0) × (2,0,0)[12]","Pearson","RMSE","p3",14.9869943617791
500,"x1","AR(5)","Pearson","RMSE","p1",14.4839566417468
500,"x1","AR(5)","Pearson","RMSE","p2",7.25499827705011
500,"x1","AR(5)","Pearson","RMSE","p3",3.81641192745228
500,"x10","SARIMA(4,0,0) × (2,0,0)[12] 
Additive decomposition","Pearson","RMSE","p1",3.12009615236454
500,"x10","SARIMA(4,0,0) × (2,0,0)[12] 
Additive decomposition","Pearson","RMSE","p2",3.40807863759039
500,"x10","SARIMA(4,0,0) × (2,0,0)[12] 
Additive decomposition","Pearson","RMSE","p3",5.74673820527784
500,"x11","SARIMA(4,0,0) × (2,0,0)[12] 
 Multiplicative decomposition","Pearson","RMSE","p1",15.4748182541831
500,"x11","SARIMA(4,0,0) × (2,0,0)[12] 
 Multiplicative decomposition","Pearson","RMSE","p2",20.9251045397628
500,"x11","SARIMA(4,0,0) × (2,0,0)[12] 
 Multiplicative decomposition","Pearson","RMSE","p3",22.8339659279767
500,"x12","ARMA(1,0,1)-GARCH(1,1)","Pearson","RMSE","p1",17.5272644756676
500,"x12","ARMA(1,0,1)-GARCH(1,1)","Pearson","RMSE","p2",9.36536171218176
500,"x12","ARMA(1,0,1)-GARCH(1,1)","Pearson","RMSE","p3",5.24356748788456
500,"x13","ARIMA(3,1,0)","Pearson","RMSE","p1",16.2851159037939
500,"x13","ARIMA(3,1,0)","Pearson","RMSE","p2",7.57627876995032
500,"x13","ARIMA(3,1,0)","Pearson","RMSE","p3",3.95031644302074
500,"x14","ARIMA(3,1,0) 
Differentiated","Pearson","RMSE","p1",16.0020311210796
500,"x14","ARIMA(3,1,0) 
Differentiated","Pearson","RMSE","p2",7.96868872525461
500,"x14","ARIMA(3,1,0) 
Differentiated","Pearson","RMSE","p3",4.2017853348309
500,"x2","ARMA(1,3)","Pearson","RMSE","p1",16.4593438508344
500,"x2","ARMA(1,3)","Pearson","RMSE","p2",9.31665175908169
500,"x2","ARMA(1,3)","Pearson","RMSE","p3",5.30518614188041
500,"x3","ARIMA(2,1,1)","Pearson","RMSE","p1",16.80907492993
500,"x3","ARIMA(2,1,1)","Pearson","RMSE","p2",9.09780193233508
500,"x3","ARIMA(2,1,1)","Pearson","RMSE","p3",4.66797600679352
500,"x4","NLAR(3)","Pearson","RMSE","p1",16.4625332194046
500,"x4","NLAR(3)","Pearson","RMSE","p2",9.19130023446085
500,"x4","NLAR(3)","Pearson","RMSE","p3",4.59184058956754
500,"x5","NLAR(4)","Pearson","RMSE","p1",15.1464517296956
500,"x5","NLAR(4)","Pearson","RMSE","p2",8.7091905479212
500,"x5","NLAR(4)","Pearson","RMSE","p3",5.03686410378521
500,"x6","NLARMA(2,2)","Pearson","RMSE","p1",18.0506232579377
500,"x6","NLARMA(2,2)","Pearson","RMSE","p2",9.42920993509
500,"x6","NLARMA(2,2)","Pearson","RMSE","p3",4.71805044483418
500,"x7","SETAR(2,2,[2])","Pearson","RMSE","p1",17.2998554907259
500,"x7","SETAR(2,2,[2])","Pearson","RMSE","p2",9.05704145954958
500,"x7","SETAR(2,2,[2])","Pearson","RMSE","p3",5.4
500,"x8","ARIMA(2,1,1) 
Differentiated","Pearson","RMSE","p1",15.7931947369745
500,"x8","ARIMA(2,1,1) 
Differentiated","Pearson","RMSE","p2",9.39015441832561
500,"x8","ARIMA(2,1,1) 
Differentiated","Pearson","RMSE","p3",5.35910440278971
500,"x9","SARIMA(4,0,0) × (2,0,0)[12]","Pearson","RMSE","p1",3.7662979170533
500,"x9","SARIMA(4,0,0) × (2,0,0)[12]","Pearson","RMSE","p2",7.05939090856995
500,"x9","SARIMA(4,0,0) × (2,0,0)[12]","Pearson","RMSE","p3",10.0386752114012
1000,"x1","AR(5)","Pearson","RMSE","p1",14.2460520847005
1000,"x1","AR(5)","Pearson","RMSE","p2",7.45385806143369
1000,"x1","AR(5)","Pearson","RMSE","p3",4.26380112106557
1000,"x10","SARIMA(4,0,0) × (2,0,0)[12] 
Additive decomposition","Pearson","RMSE","p1",3.48425027803687
1000,"x10","SARIMA(4,0,0) × (2,0,0)[12] 
Additive decomposition","Pearson","RMSE","p2",2.4114311103575
1000,"x10","SARIMA(4,0,0) × (2,0,0)[12] 
Additive decomposition","Pearson","RMSE","p3",3.44528663539044
1000,"x11","SARIMA(4,0,0) × (2,0,0)[12] 
 Multiplicative decomposition","Pearson","RMSE","p1",15.9268640981205
1000,"x11","SARIMA(4,0,0) × (2,0,0)[12] 
 Multiplicative decomposition","Pearson","RMSE","p2",21.0691717919808
1000,"x11","SARIMA(4,0,0) × (2,0,0)[12] 
 Multiplicative decomposition","Pearson","RMSE","p3",22.5678975538263
1000,"x12","ARMA(1,0,1)-GARCH(1,1)","Pearson","RMSE","p1",17.262531679913
1000,"x12","ARMA(1,0,1)-GARCH(1,1)","Pearson","RMSE","p2",10.2046558001728
1000,"x12","ARMA(1,0,1)-GARCH(1,1)","Pearson","RMSE","p3",5.31648380040794
1000,"x13","ARIMA(3,1,0)","Pearson","RMSE","p1",16.5909613946872
1000,"x13","ARIMA(3,1,0)","Pearson","RMSE","p2",8.73097932651315
1000,"x13","ARIMA(3,1,0)","Pearson","RMSE","p3",4.9300101419774
1000,"x14","ARIMA(3,1,0) 
Differentiated","Pearson","RMSE","p1",16.7384288390518
1000,"x14","ARIMA(3,1,0) 
Differentiated","Pearson","RMSE","p2",8.82043082847998
1000,"x14","ARIMA(3,1,0) 
Differentiated","Pearson","RMSE","p3",4.89336285186374
1000,"x2","ARMA(1,3)","Pearson","RMSE","p1",17.8068806925862
1000,"x2","ARMA(1,3)","Pearson","RMSE","p2",10.7958325292679
1000,"x2","ARMA(1,3)","Pearson","RMSE","p3",6.39179161112125
1000,"x3","ARIMA(2,1,1)","Pearson","RMSE","p1",16.297085629032
1000,"x3","ARIMA(2,1,1)","Pearson","RMSE","p2",9.17414846184647
1000,"x3","ARIMA(2,1,1)","Pearson","RMSE","p3",4.54422710700071
1000,"x4","NLAR(3)","Pearson","RMSE","p1",15.9332984657917
1000,"x4","NLAR(3)","Pearson","RMSE","p2",8.79829528942965
1000,"x4","NLAR(3)","Pearson","RMSE","p3",4.82441706323158
1000,"x5","NLAR(4)","Pearson","RMSE","p1",14.5904078078716
1000,"x5","NLAR(4)","Pearson","RMSE","p2",7.24844810976805
1000,"x5","NLAR(4)","Pearson","RMSE","p3",4.15632048812408
1000,"x6","NLARMA(2,2)","Pearson","RMSE","p1",16.5292165573569
1000,"x6","NLARMA(2,2)","Pearson","RMSE","p2",8.83119470966415
1000,"x6","NLARMA(2,2)","Pearson","RMSE","p3",4.86518242206806
1000,"x7","SETAR(2,2,[2])","Pearson","RMSE","p1",15.8295609541137
1000,"x7","SETAR(2,2,[2])","Pearson","RMSE","p2",8.25348411278534
1000,"x7","SETAR(2,2,[2])","Pearson","RMSE","p3",3.4416565778706
1000,"x8","ARIMA(2,1,1) 
Differentiated","Pearson","RMSE","p1",16.2408435741497
1000,"x8","ARIMA(2,1,1) 
Differentiated","Pearson","RMSE","p2",8.87411967464942
1000,"x8","ARIMA(2,1,1) 
Differentiated","Pearson","RMSE","p3",4.12976996938086
1000,"x9","SARIMA(4,0,0) × (2,0,0)[12]","Pearson","RMSE","p1",1.75926120857592
1000,"x9","SARIMA(4,0,0) × (2,0,0)[12]","Pearson","RMSE","p2",3.47634865915374
1000,"x9","SARIMA(4,0,0) × (2,0,0)[12]","Pearson","RMSE","p3",7.06009914944542
2000,"x1","AR(5)","Pearson","RMSE","p1",13.8616377098812
2000,"x1","AR(5)","Pearson","RMSE","p2",7.39729680356277
2000,"x1","AR(5)","Pearson","RMSE","p3",3.67219280539571
2000,"x10","SARIMA(4,0,0) × (2,0,0)[12] 
Additive decomposition","Pearson","RMSE","p1",4.23674403286297
2000,"x10","SARIMA(4,0,0) × (2,0,0)[12] 
Additive decomposition","Pearson","RMSE","p2",2.87054001888146
2000,"x10","SARIMA(4,0,0) × (2,0,0)[12] 
Additive decomposition","Pearson","RMSE","p3",1.95576072156079
2000,"x11","SARIMA(4,0,0) × (2,0,0)[12] 
 Multiplicative decomposition","Pearson","RMSE","p1",15.8357191184992
2000,"x11","SARIMA(4,0,0) × (2,0,0)[12] 
 Multiplicative decomposition","Pearson","RMSE","p2",21.3349478555726
2000,"x11","SARIMA(4,0,0) × (2,0,0)[12] 
 Multiplicative decomposition","Pearson","RMSE","p3",23.2370393983399
2000,"x12","ARMA(1,0,1)-GARCH(1,1)","Pearson","RMSE","p1",17.52754974319
2000,"x12","ARMA(1,0,1)-GARCH(1,1)","Pearson","RMSE","p2",10.2520729611138
2000,"x12","ARMA(1,0,1)-GARCH(1,1)","Pearson","RMSE","p3",5.26022813193496
2000,"x13","ARIMA(3,1,0)","Pearson","RMSE","p1",15.5573133927423
2000,"x13","ARIMA(3,1,0)","Pearson","RMSE","p2",8.3916625289629
2000,"x13","ARIMA(3,1,0)","Pearson","RMSE","p3",4.61735855224608
2000,"x14","ARIMA(3,1,0) 
Differentiated","Pearson","RMSE","p1",15.3230218951746
2000,"x14","ARIMA(3,1,0) 
Differentiated","Pearson","RMSE","p2",8.16180127177818
2000,"x14","ARIMA(3,1,0) 
Differentiated","Pearson","RMSE","p3",4.66154480832267
2000,"x2","ARMA(1,3)","Pearson","RMSE","p1",18.0846620095594
2000,"x2","ARMA(1,3)","Pearson","RMSE","p2",10.3805105847449
2000,"x2","ARMA(1,3)","Pearson","RMSE","p3",5.97034337370976
2000,"x3","ARIMA(2,1,1)","Pearson","RMSE","p1",15.939887076137
2000,"x3","ARIMA(2,1,1)","Pearson","RMSE","p2",7.59111322534449
2000,"x3","ARIMA(2,1,1)","Pearson","RMSE","p3",4.0024992192379
2000,"x4","NLAR(3)","Pearson","RMSE","p1",16.4887840667528
2000,"x4","NLAR(3)","Pearson","RMSE","p2",8.66025403784439
2000,"x4","NLAR(3)","Pearson","RMSE","p3",4.10304764778573
2000,"x5","NLAR(4)","Pearson","RMSE","p1",15.0590504348714
2000,"x5","NLAR(4)","Pearson","RMSE","p2",7.20555341386073
2000,"x5","NLAR(4)","Pearson","RMSE","p3",3.23728281124773
2000,"x6","NLARMA(2,2)","Pearson","RMSE","p1",15.6721089837967
2000,"x6","NLARMA(2,2)","Pearson","RMSE","p2",8.67323469070219
2000,"x6","NLARMA(2,2)","Pearson","RMSE","p3",4.55027471698138
2000,"x7","SETAR(2,2,[2])","Pearson","RMSE","p1",15.6529549925885
2000,"x7","SETAR(2,2,[2])","Pearson","RMSE","p2",7.93725393319377
2000,"x7","SETAR(2,2,[2])","Pearson","RMSE","p3",3.49714169000914
2000,"x8","ARIMA(2,1,1) 
Differentiated","Pearson","RMSE","p1",16.2255970614335
2000,"x8","ARIMA(2,1,1) 
Differentiated","Pearson","RMSE","p2",8.52085676443396
2000,"x8","ARIMA(2,1,1) 
Differentiated","Pearson","RMSE","p3",4.08289113251872
2000,"x9","SARIMA(4,0,0) × (2,0,0)[12]","Pearson","RMSE","p1",1.60312195418814
2000,"x9","SARIMA(4,0,0) × (2,0,0)[12]","Pearson","RMSE","p2",1.49331845230681
2000,"x9","SARIMA(4,0,0) × (2,0,0)[12]","Pearson","RMSE","p3",3.80065783779598
5000,"x1","AR(5)","Pearson","RMSE","p1",15.7307024636537
5000,"x1","AR(5)","Pearson","RMSE","p2",8.28130424510536
5000,"x1","AR(5)","Pearson","RMSE","p3",4.82907858705985
5000,"x10","SARIMA(4,0,0) × (2,0,0)[12] 
Additive decomposition","Pearson","RMSE","p1",6.81102048154313
5000,"x10","SARIMA(4,0,0) × (2,0,0)[12] 
Additive decomposition","Pearson","RMSE","p2",5.5937465083788
5000,"x10","SARIMA(4,0,0) × (2,0,0)[12] 
Additive decomposition","Pearson","RMSE","p3",4.42323411091929
5000,"x11","SARIMA(4,0,0) × (2,0,0)[12] 
 Multiplicative decomposition","Pearson","RMSE","p1",16.8825353546202
5000,"x11","SARIMA(4,0,0) × (2,0,0)[12] 
 Multiplicative decomposition","Pearson","RMSE","p2",22.2174480982853
5000,"x11","SARIMA(4,0,0) × (2,0,0)[12] 
 Multiplicative decomposition","Pearson","RMSE","p3",23.3248794209102
5000,"x12","ARMA(1,0,1)-GARCH(1,1)","Pearson","RMSE","p1",19.3366232832933
5000,"x12","ARMA(1,0,1)-GARCH(1,1)","Pearson","RMSE","p2",11.0691011378522
5000,"x12","ARMA(1,0,1)-GARCH(1,1)","Pearson","RMSE","p3",6.16198020120156
5000,"x13","ARIMA(3,1,0)","Pearson","RMSE","p1",17.5231275747225
5000,"x13","ARIMA(3,1,0)","Pearson","RMSE","p2",9.65323779879062
5000,"x13","ARIMA(3,1,0)","Pearson","RMSE","p3",4.48720402923691
5000,"x14","ARIMA(3,1,0) 
Differentiated","Pearson","RMSE","p1",17.3893645657338
5000,"x14","ARIMA(3,1,0) 
Differentiated","Pearson","RMSE","p2",9.76191579558029
5000,"x14","ARIMA(3,1,0) 
Differentiated","Pearson","RMSE","p3",5.22158979622107
5000,"x2","ARMA(1,3)","Pearson","RMSE","p1",20.0424549394529
5000,"x2","ARMA(1,3)","Pearson","RMSE","p2",13.3403523191856
5000,"x2","ARMA(1,3)","Pearson","RMSE","p3",7.94480962641648
5000,"x3","ARIMA(2,1,1)","Pearson","RMSE","p1",18.1293960186213
5000,"x3","ARIMA(2,1,1)","Pearson","RMSE","p2",9.72728122344574
5000,"x3","ARIMA(2,1,1)","Pearson","RMSE","p3",5.32822672190289
5000,"x4","NLAR(3)","Pearson","RMSE","p1",16.6412138980304
5000,"x4","NLAR(3)","Pearson","RMSE","p2",8.91767907025141
5000,"x4","NLAR(3)","Pearson","RMSE","p3",4.38406204335659
5000,"x5","NLAR(4)","Pearson","RMSE","p1",17.0326157709261
5000,"x5","NLAR(4)","Pearson","RMSE","p2",9.41886405040438
5000,"x5","NLAR(4)","Pearson","RMSE","p3",5.27114788257738
5000,"x6","NLARMA(2,2)","Pearson","RMSE","p1",18.5755215269989
5000,"x6","NLARMA(2,2)","Pearson","RMSE","p2",10.6110791157167
5000,"x6","NLARMA(2,2)","Pearson","RMSE","p3",5.29339210714642
5000,"x7","SETAR(2,2,[2])","Pearson","RMSE","p1",18.7227134785533
5000,"x7","SETAR(2,2,[2])","Pearson","RMSE","p2",10.3145528259833
5000,"x7","SETAR(2,2,[2])","Pearson","RMSE","p3",4.45028089001133
5000,"x8","ARIMA(2,1,1) 
Differentiated","Pearson","RMSE","p1",17.6469544114558
5000,"x8","ARIMA(2,1,1) 
Differentiated","Pearson","RMSE","p2",9.31020944984591
5000,"x8","ARIMA(2,1,1) 
Differentiated","Pearson","RMSE","p3",3.90640499692492
5000,"x9","SARIMA(4,0,0) × (2,0,0)[12]","Pearson","RMSE","p1",2.71016604657353
5000,"x9","SARIMA(4,0,0) × (2,0,0)[12]","Pearson","RMSE","p2",1.14455231422596
5000,"x9","SARIMA(4,0,0) × (2,0,0)[12]","Pearson","RMSE","p3",1.55080624192708
100,"x1","AR(5)","Spearman","RMSE","p1",18.6975934280324
100,"x1","AR(5)","Spearman","RMSE","p2",13.3180328877804
100,"x1","AR(5)","Spearman","RMSE","p3",8.74213932627478
100,"x10","SARIMA(4,0,0) × (2,0,0)[12] 
Additive decomposition","Spearman","RMSE","p1",4.47883913531174
100,"x10","SARIMA(4,0,0) × (2,0,0)[12] 
Additive decomposition","Spearman","RMSE","p2",8.16639455328972
100,"x10","SARIMA(4,0,0) × (2,0,0)[12] 
Additive decomposition","Spearman","RMSE","p3",12.5741798937346
100,"x11","SARIMA(4,0,0) × (2,0,0)[12] 
 Multiplicative decomposition","Spearman","RMSE","p1",8.75699720223776
100,"x11","SARIMA(4,0,0) × (2,0,0)[12] 
 Multiplicative decomposition","Spearman","RMSE","p2",14.7285437161995
100,"x11","SARIMA(4,0,0) × (2,0,0)[12] 
 Multiplicative decomposition","Spearman","RMSE","p3",18.6950528215354
100,"x12","ARMA(1,0,1)-GARCH(1,1)","Spearman","RMSE","p1",22.6264226072086
100,"x12","ARMA(1,0,1)-GARCH(1,1)","Spearman","RMSE","p2",15.4975804563164
100,"x12","ARMA(1,0,1)-GARCH(1,1)","Spearman","RMSE","p3",10.034689830782
100,"x13","ARIMA(3,1,0)","Spearman","RMSE","p1",20.8689961426035
100,"x13","ARIMA(3,1,0)","Spearman","RMSE","p2",14.2374506144885
100,"x13","ARIMA(3,1,0)","Spearman","RMSE","p3",9.08157475331233
100,"x14","ARIMA(3,1,0) 
Differentiated","Spearman","RMSE","p1",20.4718098857917
100,"x14","ARIMA(3,1,0) 
Differentiated","Spearman","RMSE","p2",13.9724729378876
100,"x14","ARIMA(3,1,0) 
Differentiated","Spearman","RMSE","p3",9.1192104921424
100,"x2","ARMA(1,3)","Spearman","RMSE","p1",22.5
100,"x2","ARMA(1,3)","Spearman","RMSE","p2",15.2924818129694
100,"x2","ARMA(1,3)","Spearman","RMSE","p3",9.8666103601997
100,"x3","ARIMA(2,1,1)","Spearman","RMSE","p1",21.365509589055
100,"x3","ARIMA(2,1,1)","Spearman","RMSE","p2",15.3661966667097
100,"x3","ARIMA(2,1,1)","Spearman","RMSE","p3",10.5955179203284
100,"x4","NLAR(3)","Spearman","RMSE","p1",21.148404195116
100,"x4","NLAR(3)","Spearman","RMSE","p2",15.0550655926834
100,"x4","NLAR(3)","Spearman","RMSE","p3",9.61041102138717
100,"x5","NLAR(4)","Spearman","RMSE","p1",18.6180020410354
100,"x5","NLAR(4)","Spearman","RMSE","p2",13.1009541637241
100,"x5","NLAR(4)","Spearman","RMSE","p3",8.91319246959247
100,"x6","NLARMA(2,2)","Spearman","RMSE","p1",21.1799433427004
100,"x6","NLARMA(2,2)","Spearman","RMSE","p2",14.6894519979474
100,"x6","NLARMA(2,2)","Spearman","RMSE","p3",9.38456179051531
100,"x7","SETAR(2,2,[2])","Spearman","RMSE","p1",20.8469422218224
100,"x7","SETAR(2,2,[2])","Spearman","RMSE","p2",14.0648498036772
100,"x7","SETAR(2,2,[2])","Spearman","RMSE","p3",9.13947482079796
100,"x8","ARIMA(2,1,1) 
Differentiated","Spearman","RMSE","p1",22.1368471106434
100,"x8","ARIMA(2,1,1) 
Differentiated","Spearman","RMSE","p2",15.7154382694216
100,"x8","ARIMA(2,1,1) 
Differentiated","Spearman","RMSE","p3",9.68658866681145
100,"x9","SARIMA(4,0,0) × (2,0,0)[12]","Spearman","RMSE","p1",6.11637147334921
100,"x9","SARIMA(4,0,0) × (2,0,0)[12]","Spearman","RMSE","p2",10.9045861911399
100,"x9","SARIMA(4,0,0) × (2,0,0)[12]","Spearman","RMSE","p3",15.7084372233523
500,"x1","AR(5)","Spearman","RMSE","p1",14.9035230734213
500,"x1","AR(5)","Spearman","RMSE","p2",7.81696872195354
500,"x1","AR(5)","Spearman","RMSE","p3",4.83683780997461
500,"x10","SARIMA(4,0,0) × (2,0,0)[12] 
Additive decomposition","Spearman","RMSE","p1",4.48497491631782
500,"x10","SARIMA(4,0,0) × (2,0,0)[12] 
Additive decomposition","Spearman","RMSE","p2",7.58287544405155
500,"x10","SARIMA(4,0,0) × (2,0,0)[12] 
Additive decomposition","Spearman","RMSE","p3",10.3846039885977
500,"x11","SARIMA(4,0,0) × (2,0,0)[12] 
 Multiplicative decomposition","Spearman","RMSE","p1",11.9341945685497
500,"x11","SARIMA(4,0,0) × (2,0,0)[12] 
 Multiplicative decomposition","Spearman","RMSE","p2",17.8548312789564
500,"x11","SARIMA(4,0,0) × (2,0,0)[12] 
 Multiplicative decomposition","Spearman","RMSE","p3",21.3954434401346
500,"x12","ARMA(1,0,1)-GARCH(1,1)","Spearman","RMSE","p1",17.2949414569694
500,"x12","ARMA(1,0,1)-GARCH(1,1)","Spearman","RMSE","p2",9.21818854222455
500,"x12","ARMA(1,0,1)-GARCH(1,1)","Spearman","RMSE","p3",4.49499721913151
500,"x13","ARIMA(3,1,0)","Spearman","RMSE","p1",16.8496290760361
500,"x13","ARIMA(3,1,0)","Spearman","RMSE","p2",10.2783753580028
500,"x13","ARIMA(3,1,0)","Spearman","RMSE","p3",6.41209794061195
500,"x14","ARIMA(3,1,0) 
Differentiated","Spearman","RMSE","p1",15.6032047990148
500,"x14","ARIMA(3,1,0) 
Differentiated","Spearman","RMSE","p2",9.07276143189051
500,"x14","ARIMA(3,1,0) 
Differentiated","Spearman","RMSE","p3",4.77493455452533
500,"x2","ARMA(1,3)","Spearman","RMSE","p1",17.0298267753962
500,"x2","ARMA(1,3)","Spearman","RMSE","p2",9.60885008728932
500,"x2","ARMA(1,3)","Spearman","RMSE","p3",4.81196425589384
500,"x3","ARIMA(2,1,1)","Spearman","RMSE","p1",18.6502010713022
500,"x3","ARIMA(2,1,1)","Spearman","RMSE","p2",10.9242848736199
500,"x3","ARIMA(2,1,1)","Spearman","RMSE","p3",6.47495173727187
500,"x4","NLAR(3)","Spearman","RMSE","p1",16.4473402105021
500,"x4","NLAR(3)","Spearman","RMSE","p2",8.62032481986613
500,"x4","NLAR(3)","Spearman","RMSE","p3",5.24690384893796
500,"x5","NLAR(4)","Spearman","RMSE","p1",15.3858701411392
500,"x5","NLAR(4)","Spearman","RMSE","p2",8.81107257943095
500,"x5","NLAR(4)","Spearman","RMSE","p3",4.85592421687159
500,"x6","NLARMA(2,2)","Spearman","RMSE","p1",17.0066163595231
500,"x6","NLARMA(2,2)","Spearman","RMSE","p2",8.4581321815162
500,"x6","NLARMA(2,2)","Spearman","RMSE","p3",4.66529741817175
500,"x7","SETAR(2,2,[2])","Spearman","RMSE","p1",17.4228298505151
500,"x7","SETAR(2,2,[2])","Spearman","RMSE","p2",9.6052069212485
500,"x7","SETAR(2,2,[2])","Spearman","RMSE","p3",4.33935479074943
500,"x8","ARIMA(2,1,1) 
Differentiated","Spearman","RMSE","p1",16.2778991273444
500,"x8","ARIMA(2,1,1) 
Differentiated","Spearman","RMSE","p2",9.03714556704715
500,"x8","ARIMA(2,1,1) 
Differentiated","Spearman","RMSE","p3",4.85540935452409
500,"x9","SARIMA(4,0,0) × (2,0,0)[12]","Spearman","RMSE","p1",4.2
500,"x9","SARIMA(4,0,0) × (2,0,0)[12]","Spearman","RMSE","p2",7.76434156899347
500,"x9","SARIMA(4,0,0) × (2,0,0)[12]","Spearman","RMSE","p3",10.8494239478417
1000,"x1","AR(5)","Spearman","RMSE","p1",14.6297641812847
1000,"x1","AR(5)","Spearman","RMSE","p2",7.17356257378438
1000,"x1","AR(5)","Spearman","RMSE","p3",3.90128184062623
1000,"x10","SARIMA(4,0,0) × (2,0,0)[12] 
Additive decomposition","Spearman","RMSE","p1",2.79284800875379
1000,"x10","SARIMA(4,0,0) × (2,0,0)[12] 
Additive decomposition","Spearman","RMSE","p2",5.18507473427336
1000,"x10","SARIMA(4,0,0) × (2,0,0)[12] 
Additive decomposition","Spearman","RMSE","p3",8.44274836768217
1000,"x11","SARIMA(4,0,0) × (2,0,0)[12] 
 Multiplicative decomposition","Spearman","RMSE","p1",7.55744665875982
1000,"x11","SARIMA(4,0,0) × (2,0,0)[12] 
 Multiplicative decomposition","Spearman","RMSE","p2",13.8086929142479
1000,"x11","SARIMA(4,0,0) × (2,0,0)[12] 
 Multiplicative decomposition","Spearman","RMSE","p3",18.3101064988711
1000,"x12","ARMA(1,0,1)-GARCH(1,1)","Spearman","RMSE","p1",17.5798179740292
1000,"x12","ARMA(1,0,1)-GARCH(1,1)","Spearman","RMSE","p2",10.1641526946421
1000,"x12","ARMA(1,0,1)-GARCH(1,1)","Spearman","RMSE","p3",5.65862174031804
1000,"x13","ARIMA(3,1,0)","Spearman","RMSE","p1",17.8415245985314
1000,"x13","ARIMA(3,1,0)","Spearman","RMSE","p2",11.1977676346672
1000,"x13","ARIMA(3,1,0)","Spearman","RMSE","p3",6.69813406852983
1000,"x14","ARIMA(3,1,0) 
Differentiated","Spearman","RMSE","p1",16.9485987621396
1000,"x14","ARIMA(3,1,0) 
Differentiated","Spearman","RMSE","p2",9.32925506136476
1000,"x14","ARIMA(3,1,0) 
Differentiated","Spearman","RMSE","p3",5.54166040099896
1000,"x2","ARMA(1,3)","Spearman","RMSE","p1",17.8842109135405
1000,"x2","ARMA(1,3)","Spearman","RMSE","p2",9.95288902781499
1000,"x2","ARMA(1,3)","Spearman","RMSE","p3",5.8172158288996
1000,"x3","ARIMA(2,1,1)","Spearman","RMSE","p1",18.1828215632228
1000,"x3","ARIMA(2,1,1)","Spearman","RMSE","p2",11.4913010577567
1000,"x3","ARIMA(2,1,1)","Spearman","RMSE","p3",6.63777071011044
1000,"x4","NLAR(3)","Spearman","RMSE","p1",16.2214364345455
1000,"x4","NLAR(3)","Spearman","RMSE","p2",8.75385629308592
1000,"x4","NLAR(3)","Spearman","RMSE","p3",4.96185449202211
1000,"x5","NLAR(4)","Spearman","RMSE","p1",14.7527963451001
1000,"x5","NLAR(4)","Spearman","RMSE","p2",6.42028036770981
1000,"x5","NLAR(4)","Spearman","RMSE","p3",3.76164857476081
1000,"x6","NLARMA(2,2)","Spearman","RMSE","p1",16.0658021897445
1000,"x6","NLARMA(2,2)","Spearman","RMSE","p2",8.86453608487212
1000,"x6","NLARMA(2,2)","Spearman","RMSE","p3",5.32024435529046
1000,"x7","SETAR(2,2,[2])","Spearman","RMSE","p1",16.1993827042885
1000,"x7","SETAR(2,2,[2])","Spearman","RMSE","p2",8.64349466361841
1000,"x7","SETAR(2,2,[2])","Spearman","RMSE","p3",3.71416208585463
1000,"x8","ARIMA(2,1,1) 
Differentiated","Spearman","RMSE","p1",16.1941347407016
1000,"x8","ARIMA(2,1,1) 
Differentiated","Spearman","RMSE","p2",8.04456338156397
1000,"x8","ARIMA(2,1,1) 
Differentiated","Spearman","RMSE","p3",3.59583091927304
1000,"x9","SARIMA(4,0,0) × (2,0,0)[12]","Spearman","RMSE","p1",2.52388589282479
1000,"x9","SARIMA(4,0,0) × (2,0,0)[12]","Spearman","RMSE","p2",5.06902357461474
1000,"x9","SARIMA(4,0,0) × (2,0,0)[12]","Spearman","RMSE","p3",8.69511357027612
2000,"x1","AR(5)","Spearman","RMSE","p1",14.335096790744
2000,"x1","AR(5)","Spearman","RMSE","p2",7.64166212286306
2000,"x1","AR(5)","Spearman","RMSE","p3",4.33128156554154
2000,"x10","SARIMA(4,0,0) × (2,0,0)[12] 
Additive decomposition","Spearman","RMSE","p1",1.93261480900877
2000,"x10","SARIMA(4,0,0) × (2,0,0)[12] 
Additive decomposition","Spearman","RMSE","p2",2.343074902772
2000,"x10","SARIMA(4,0,0) × (2,0,0)[12] 
Additive decomposition","Spearman","RMSE","p3",5.19182048996303
2000,"x11","SARIMA(4,0,0) × (2,0,0)[12] 
 Multiplicative decomposition","Spearman","RMSE","p1",5.62938717801503
2000,"x11","SARIMA(4,0,0) × (2,0,0)[12] 
 Multiplicative decomposition","Spearman","RMSE","p2",10.2781321260237
2000,"x11","SARIMA(4,0,0) × (2,0,0)[12] 
 Multiplicative decomposition","Spearman","RMSE","p3",15.3256321239941
2000,"x12","ARMA(1,0,1)-GARCH(1,1)","Spearman","RMSE","p1",17.5218435103159
2000,"x12","ARMA(1,0,1)-GARCH(1,1)","Spearman","RMSE","p2",10.0336932382847
2000,"x12","ARMA(1,0,1)-GARCH(1,1)","Spearman","RMSE","p3",5.53985559378582
2000,"x13","ARIMA(3,1,0)","Spearman","RMSE","p1",18.6071222922837
2000,"x13","ARIMA(3,1,0)","Spearman","RMSE","p2",12.1010330137555
2000,"x13","ARIMA(3,1,0)","Spearman","RMSE","p3",7.37495762699692
2000,"x14","ARIMA(3,1,0) 
Differentiated","Spearman","RMSE","p1",15.3972400124178
2000,"x14","ARIMA(3,1,0) 
Differentiated","Spearman","RMSE","p2",8.41308504652128
2000,"x14","ARIMA(3,1,0) 
Differentiated","Spearman","RMSE","p3",4.6341126442934
2000,"x2","ARMA(1,3)","Spearman","RMSE","p1",17.598011251275
2000,"x2","ARMA(1,3)","Spearman","RMSE","p2",9.71133358504382
2000,"x2","ARMA(1,3)","Spearman","RMSE","p3",5.26545344676031
2000,"x3","ARIMA(2,1,1)","Spearman","RMSE","p1",18.4356990645866
2000,"x3","ARIMA(2,1,1)","Spearman","RMSE","p2",11.6161525472077
2000,"x3","ARIMA(2,1,1)","Spearman","RMSE","p3",7.24120155775269
2000,"x4","NLAR(3)","Spearman","RMSE","p1",16.4426275272537
2000,"x4","NLAR(3)","Spearman","RMSE","p2",8.87947070494633
2000,"x4","NLAR(3)","Spearman","RMSE","p3",4.7370877129308
2000,"x5","NLAR(4)","Spearman","RMSE","p1",15.1408388142797
2000,"x5","NLAR(4)","Spearman","RMSE","p2",6.86185106221346
2000,"x5","NLAR(4)","Spearman","RMSE","p3",3.77888872553824
2000,"x6","NLARMA(2,2)","Spearman","RMSE","p1",16.4301552031623
2000,"x6","NLARMA(2,2)","Spearman","RMSE","p2",8.78919791562347
2000,"x6","NLARMA(2,2)","Spearman","RMSE","p3",4.24381903478459
2000,"x7","SETAR(2,2,[2])","Spearman","RMSE","p1",15.533673100719
2000,"x7","SETAR(2,2,[2])","Spearman","RMSE","p2",7.5136542374533
2000,"x7","SETAR(2,2,[2])","Spearman","RMSE","p3",3.62560339805666
2000,"x8","ARIMA(2,1,1) 
Differentiated","Spearman","RMSE","p1",15.8708852935178
2000,"x8","ARIMA(2,1,1) 
Differentiated","Spearman","RMSE","p2",7.86987928751134
2000,"x8","ARIMA(2,1,1) 
Differentiated","Spearman","RMSE","p3",3.75832409459323
2000,"x9","SARIMA(4,0,0) × (2,0,0)[12]","Spearman","RMSE","p1",1.80138835346518
2000,"x9","SARIMA(4,0,0) × (2,0,0)[12]","Spearman","RMSE","p2",2.08326666559997
2000,"x9","SARIMA(4,0,0) × (2,0,0)[12]","Spearman","RMSE","p3",5.74108003776293
5000,"x1","AR(5)","Spearman","RMSE","p1",15.1874948559662
5000,"x1","AR(5)","Spearman","RMSE","p2",7.95392984630868
5000,"x1","AR(5)","Spearman","RMSE","p3",4.35086198356142
5000,"x10","SARIMA(4,0,0) × (2,0,0)[12] 
Additive decomposition","Spearman","RMSE","p1",3.32264954516723
5000,"x10","SARIMA(4,0,0) × (2,0,0)[12] 
Additive decomposition","Spearman","RMSE","p2",1.35830777072061
5000,"x10","SARIMA(4,0,0) × (2,0,0)[12] 
Additive decomposition","Spearman","RMSE","p3",2.2494443758404
5000,"x11","SARIMA(4,0,0) × (2,0,0)[12] 
 Multiplicative decomposition","Spearman","RMSE","p1",4.40056814513763
5000,"x11","SARIMA(4,0,0) × (2,0,0)[12] 
 Multiplicative decomposition","Spearman","RMSE","p2",5.64446631666803
5000,"x11","SARIMA(4,0,0) × (2,0,0)[12] 
 Multiplicative decomposition","Spearman","RMSE","p3",9.12797896579522
5000,"x12","ARMA(1,0,1)-GARCH(1,1)","Spearman","RMSE","p1",19.0285312097387
5000,"x12","ARMA(1,0,1)-GARCH(1,1)","Spearman","RMSE","p2",10.9599270070562
5000,"x12","ARMA(1,0,1)-GARCH(1,1)","Spearman","RMSE","p3",5.66083032778761
5000,"x13","ARIMA(3,1,0)","Spearman","RMSE","p1",20.445415133961
5000,"x13","ARIMA(3,1,0)","Spearman","RMSE","p2",14.4180442501748
5000,"x13","ARIMA(3,1,0)","Spearman","RMSE","p3",9.28789534824763
5000,"x14","ARIMA(3,1,0) 
Differentiated","Spearman","RMSE","p1",17.1043854025802
5000,"x14","ARIMA(3,1,0) 
Differentiated","Spearman","RMSE","p2",9.0487568206909
5000,"x14","ARIMA(3,1,0) 
Differentiated","Spearman","RMSE","p3",4.24970587217516
5000,"x2","ARMA(1,3)","Spearman","RMSE","p1",19.9639675415484
5000,"x2","ARMA(1,3)","Spearman","RMSE","p2",12.0621308233662
5000,"x2","ARMA(1,3)","Spearman","RMSE","p3",6.77163200417743
5000,"x3","ARIMA(2,1,1)","Spearman","RMSE","p1",20.9463600656534
5000,"x3","ARIMA(2,1,1)","Spearman","RMSE","p2",14.4379707715454
5000,"x3","ARIMA(2,1,1)","Spearman","RMSE","p3",8.97607932228765
5000,"x4","NLAR(3)","Spearman","RMSE","p1",16.133350550955
5000,"x4","NLAR(3)","Spearman","RMSE","p2",8.69079973305104
5000,"x4","NLAR(3)","Spearman","RMSE","p3",4.43565102324338
5000,"x5","NLAR(4)","Spearman","RMSE","p1",17.0786416321674
5000,"x5","NLAR(4)","Spearman","RMSE","p2",9.73524524601204
5000,"x5","NLAR(4)","Spearman","RMSE","p3",5.79913786695919
5000,"x6","NLARMA(2,2)","Spearman","RMSE","p1",18.7596641760987
5000,"x6","NLARMA(2,2)","Spearman","RMSE","p2",10.519980988576
5000,"x6","NLARMA(2,2)","Spearman","RMSE","p3",5.13809303146605
5000,"x7","SETAR(2,2,[2])","Spearman","RMSE","p1",17.793678652825
5000,"x7","SETAR(2,2,[2])","Spearman","RMSE","p2",9.60286415607344
5000,"x7","SETAR(2,2,[2])","Spearman","RMSE","p3",4.85437946600799
5000,"x8","ARIMA(2,1,1) 
Differentiated","Spearman","RMSE","p1",17.171487996094
5000,"x8","ARIMA(2,1,1) 
Differentiated","Spearman","RMSE","p2",10.18822850156
5000,"x8","ARIMA(2,1,1) 
Differentiated","Spearman","RMSE","p3",4.51386752131695
5000,"x9","SARIMA(4,0,0) × (2,0,0)[12]","Spearman","RMSE","p1",2.84780617317963
5000,"x9","SARIMA(4,0,0) × (2,0,0)[12]","Spearman","RMSE","p2",1.12694276695846
5000,"x9","SARIMA(4,0,0) × (2,0,0)[12]","Spearman","RMSE","p3",1.93390796058137
100,"x1","AR(5)","Kendall","RMSE","p1",14.2549991231147
100,"x1","AR(5)","Kendall","RMSE","p2",7.1445783640464
100,"x1","AR(5)","Kendall","RMSE","p3",5.18941229813165
100,"x10","SARIMA(4,0,0) × (2,0,0)[12] 
Additive decomposition","Kendall","RMSE","p1",8.99416477500829
100,"x10","SARIMA(4,0,0) × (2,0,0)[12] 
Additive decomposition","Kendall","RMSE","p2",15.054899534703
100,"x10","SARIMA(4,0,0) × (2,0,0)[12] 
Additive decomposition","Kendall","RMSE","p3",18.7275198571514
100,"x11","SARIMA(4,0,0) × (2,0,0)[12] 
 Multiplicative decomposition","Kendall","RMSE","p1",12.527170470621
100,"x11","SARIMA(4,0,0) × (2,0,0)[12] 
 Multiplicative decomposition","Kendall","RMSE","p2",18.9715576587691
100,"x11","SARIMA(4,0,0) × (2,0,0)[12] 
 Multiplicative decomposition","Kendall","RMSE","p3",22.0949089158566
100,"x12","ARMA(1,0,1)-GARCH(1,1)","Kendall","RMSE","p1",11.9949989578991
100,"x12","ARMA(1,0,1)-GARCH(1,1)","Kendall","RMSE","p2",7.14947550523813
100,"x12","ARMA(1,0,1)-GARCH(1,1)","Kendall","RMSE","p3",3.26802692767364
100,"x13","ARIMA(3,1,0)","Kendall","RMSE","p1",7.19339975255095
100,"x13","ARIMA(3,1,0)","Kendall","RMSE","p2",4.2935998882057
100,"x13","ARIMA(3,1,0)","Kendall","RMSE","p3",3.87749919406826
100,"x14","ARIMA(3,1,0) 
Differentiated","Kendall","RMSE","p1",15.0504152766626
100,"x14","ARIMA(3,1,0) 
Differentiated","Kendall","RMSE","p2",8.7997159045051
100,"x14","ARIMA(3,1,0) 
Differentiated","Kendall","RMSE","p3",5.48862460002504
100,"x2","ARMA(1,3)","Kendall","RMSE","p1",12.5099960031968
100,"x2","ARMA(1,3)","Kendall","RMSE","p2",6.41833311693932
100,"x2","ARMA(1,3)","Kendall","RMSE","p3",3.47850542618522
100,"x3","ARIMA(2,1,1)","Kendall","RMSE","p1",9.17087782057966
100,"x3","ARIMA(2,1,1)","Kendall","RMSE","p2",4.75131560728184
100,"x3","ARIMA(2,1,1)","Kendall","RMSE","p3",3.26036807738022
100,"x4","NLAR(3)","Kendall","RMSE","p1",16.8252786009623
100,"x4","NLAR(3)","Kendall","RMSE","p2",10.8148046676766
100,"x4","NLAR(3)","Kendall","RMSE","p3",6.05061980296234
100,"x5","NLAR(4)","Kendall","RMSE","p1",15.1031453677703
100,"x5","NLAR(4)","Kendall","RMSE","p2",8.34505841801003
100,"x5","NLAR(4)","Kendall","RMSE","p3",5.21248501196886
100,"x6","NLARMA(2,2)","Kendall","RMSE","p1",12.835887191776
100,"x6","NLARMA(2,2)","Kendall","RMSE","p2",7.03811054189972
100,"x6","NLARMA(2,2)","Kendall","RMSE","p3",3.33091578998929
100,"x7","SETAR(2,2,[2])","Kendall","RMSE","p1",9.53152663532973
100,"x7","SETAR(2,2,[2])","Kendall","RMSE","p2",4.60868744872116
100,"x7","SETAR(2,2,[2])","Kendall","RMSE","p3",2.12837966537928
100,"x8","ARIMA(2,1,1) 
Differentiated","Kendall","RMSE","p1",13.7885822331377
100,"x8","ARIMA(2,1,1) 
Differentiated","Kendall","RMSE","p2",6.4436014774348
100,"x8","ARIMA(2,1,1) 
Differentiated","Kendall","RMSE","p3",2.90946730519523
100,"x9","SARIMA(4,0,0) × (2,0,0)[12]","Kendall","RMSE","p1",10.3896583196946
100,"x9","SARIMA(4,0,0) × (2,0,0)[12]","Kendall","RMSE","p2",16.7874953462391
100,"x9","SARIMA(4,0,0) × (2,0,0)[12]","Kendall","RMSE","p3",20.9161420916956
500,"x1","AR(5)","Kendall","RMSE","p1",11.3064141088145
500,"x1","AR(5)","Kendall","RMSE","p2",5.21871631725657
500,"x1","AR(5)","Kendall","RMSE","p3",3.2649655434629
500,"x10","SARIMA(4,0,0) × (2,0,0)[12] 
Additive decomposition","Kendall","RMSE","p1",7.85334323711883
500,"x10","SARIMA(4,0,0) × (2,0,0)[12] 
Additive decomposition","Kendall","RMSE","p2",12.0289234763548
500,"x10","SARIMA(4,0,0) × (2,0,0)[12] 
Additive decomposition","Kendall","RMSE","p3",14.4512975196001
500,"x11","SARIMA(4,0,0) × (2,0,0)[12] 
 Multiplicative decomposition","Kendall","RMSE","p1",11.0519229096117
500,"x11","SARIMA(4,0,0) × (2,0,0)[12] 
 Multiplicative decomposition","Kendall","RMSE","p2",17.6971749157881
500,"x11","SARIMA(4,0,0) × (2,0,0)[12] 
 Multiplicative decomposition","Kendall","RMSE","p3",21.3261576473588
500,"x12","ARMA(1,0,1)-GARCH(1,1)","Kendall","RMSE","p1",6.10737259384099
500,"x12","ARMA(1,0,1)-GARCH(1,1)","Kendall","RMSE","p2",2.04205778566621
500,"x12","ARMA(1,0,1)-GARCH(1,1)","Kendall","RMSE","p3",0.99498743710662
500,"x13","ARIMA(3,1,0)","Kendall","RMSE","p1",2.51992063367083
500,"x13","ARIMA(3,1,0)","Kendall","RMSE","p2",2.45153013442625
500,"x13","ARIMA(3,1,0)","Kendall","RMSE","p3",3.23264597504892
500,"x14","ARIMA(3,1,0) 
Differentiated","Kendall","RMSE","p1",11.674116668939
500,"x14","ARIMA(3,1,0) 
Differentiated","Kendall","RMSE","p2",5.14587213210744
500,"x14","ARIMA(3,1,0) 
Differentiated","Kendall","RMSE","p3",2.58650343127551
500,"x2","ARMA(1,3)","Kendall","RMSE","p1",8.53639268075222
500,"x2","ARMA(1,3)","Kendall","RMSE","p2",3.34514573673555
500,"x2","ARMA(1,3)","Kendall","RMSE","p3",1.60779351908135
500,"x3","ARIMA(2,1,1)","Kendall","RMSE","p1",4.37892680916226
500,"x3","ARIMA(2,1,1)","Kendall","RMSE","p2",3.09273341883842
500,"x3","ARIMA(2,1,1)","Kendall","RMSE","p3",1.4543039572249
500,"x4","NLAR(3)","Kendall","RMSE","p1",13.8047093413806
500,"x4","NLAR(3)","Kendall","RMSE","p2",7.64395185751454
500,"x4","NLAR(3)","Kendall","RMSE","p3",4.77074417675063
500,"x5","NLAR(4)","Kendall","RMSE","p1",14.4682410817625
500,"x5","NLAR(4)","Kendall","RMSE","p2",8.10493676718085
500,"x5","NLAR(4)","Kendall","RMSE","p3",4.57711699653832
500,"x6","NLARMA(2,2)","Kendall","RMSE","p1",10.299514551667
500,"x6","NLARMA(2,2)","Kendall","RMSE","p2",4.56563248630461
500,"x6","NLARMA(2,2)","Kendall","RMSE","p3",3.01330383466387
500,"x7","SETAR(2,2,[2])","Kendall","RMSE","p1",5.24452095047775
500,"x7","SETAR(2,2,[2])","Kendall","RMSE","p2",1.24096736459909
500,"x7","SETAR(2,2,[2])","Kendall","RMSE","p3",1.65075740192192
500,"x8","ARIMA(2,1,1) 
Differentiated","Kendall","RMSE","p1",10.8719823399415
500,"x8","ARIMA(2,1,1) 
Differentiated","Kendall","RMSE","p2",5.35116809678037
500,"x8","ARIMA(2,1,1) 
Differentiated","Kendall","RMSE","p3",2.65518360947035
500,"x9","SARIMA(4,0,0) × (2,0,0)[12]","Kendall","RMSE","p1",8.24954544202285
500,"x9","SARIMA(4,0,0) × (2,0,0)[12]","Kendall","RMSE","p2",11.6816094781498
500,"x9","SARIMA(4,0,0) × (2,0,0)[12]","Kendall","RMSE","p3",16.2366868541584
1000,"x1","AR(5)","Kendall","RMSE","p1",11.040380428228
1000,"x1","AR(5)","Kendall","RMSE","p2",4.59184058956754
1000,"x1","AR(5)","Kendall","RMSE","p3",2.41350367722943
1000,"x10","SARIMA(4,0,0) × (2,0,0)[12] 
Additive decomposition","Kendall","RMSE","p1",6.35570609767318
1000,"x10","SARIMA(4,0,0) × (2,0,0)[12] 
Additive decomposition","Kendall","RMSE","p2",10.7895783050127
1000,"x10","SARIMA(4,0,0) × (2,0,0)[12] 
Additive decomposition","Kendall","RMSE","p3",13.2825072934292
1000,"x11","SARIMA(4,0,0) × (2,0,0)[12] 
 Multiplicative decomposition","Kendall","RMSE","p1",7.62397534098845
1000,"x11","SARIMA(4,0,0) × (2,0,0)[12] 
 Multiplicative decomposition","Kendall","RMSE","p2",13.6753427744975
1000,"x11","SARIMA(4,0,0) × (2,0,0)[12] 
 Multiplicative decomposition","Kendall","RMSE","p3",17.8850496225199
1000,"x12","ARMA(1,0,1)-GARCH(1,1)","Kendall","RMSE","p1",5.97118078775044
1000,"x12","ARMA(1,0,1)-GARCH(1,1)","Kendall","RMSE","p2",3.72558720203943
1000,"x12","ARMA(1,0,1)-GARCH(1,1)","Kendall","RMSE","p3",2.9698484809835
1000,"x13","ARIMA(3,1,0)","Kendall","RMSE","p1",1.15325625946708
1000,"x13","ARIMA(3,1,0)","Kendall","RMSE","p2",1.9131126469709
1000,"x13","ARIMA(3,1,0)","Kendall","RMSE","p3",2.87749891398763
1000,"x14","ARIMA(3,1,0) 
Differentiated","Kendall","RMSE","p1",12.5471112213131
1000,"x14","ARIMA(3,1,0) 
Differentiated","Kendall","RMSE","p2",6.69664094901317
1000,"x14","ARIMA(3,1,0) 
Differentiated","Kendall","RMSE","p3",4.16533311993171
1000,"x2","ARMA(1,3)","Kendall","RMSE","p1",9.62159030514187
1000,"x2","ARMA(1,3)","Kendall","RMSE","p2",3.85421846812035
1000,"x2","ARMA(1,3)","Kendall","RMSE","p3",1.64468842033985
1000,"x3","ARIMA(2,1,1)","Kendall","RMSE","p1",5.00549697832293
1000,"x3","ARIMA(2,1,1)","Kendall","RMSE","p2",3.83992187420526
1000,"x3","ARIMA(2,1,1)","Kendall","RMSE","p3",2.59711378264411
1000,"x4","NLAR(3)","Kendall","RMSE","p1",13.5059246258818
1000,"x4","NLAR(3)","Kendall","RMSE","p2",7.04663040041125
1000,"x4","NLAR(3)","Kendall","RMSE","p3",4.37207044773983
1000,"x5","NLAR(4)","Kendall","RMSE","p1",14.1352396513112
1000,"x5","NLAR(4)","Kendall","RMSE","p2",6.47572389775846
1000,"x5","NLAR(4)","Kendall","RMSE","p3",3.47131099154196
1000,"x6","NLARMA(2,2)","Kendall","RMSE","p1",9.72548199319705
1000,"x6","NLARMA(2,2)","Kendall","RMSE","p2",4.23497343557194
1000,"x6","NLARMA(2,2)","Kendall","RMSE","p3",2.54361946839538
1000,"x7","SETAR(2,2,[2])","Kendall","RMSE","p1",4.48497491631782
1000,"x7","SETAR(2,2,[2])","Kendall","RMSE","p2",0.7
1000,"x7","SETAR(2,2,[2])","Kendall","RMSE","p3",1.10905365064094
1000,"x8","ARIMA(2,1,1) 
Differentiated","Kendall","RMSE","p1",11.0242913604458
1000,"x8","ARIMA(2,1,1) 
Differentiated","Kendall","RMSE","p2",4.44859528390704
1000,"x8","ARIMA(2,1,1) 
Differentiated","Kendall","RMSE","p3",2.51694258973064
1000,"x9","SARIMA(4,0,0) × (2,0,0)[12]","Kendall","RMSE","p1",6.27415332933457
1000,"x9","SARIMA(4,0,0) × (2,0,0)[12]","Kendall","RMSE","p2",10.3392456204503
1000,"x9","SARIMA(4,0,0) × (2,0,0)[12]","Kendall","RMSE","p3",14.0875831852025
2000,"x1","AR(5)","Kendall","RMSE","p1",10.9861276162258
2000,"x1","AR(5)","Kendall","RMSE","p2",5.02394267483219
2000,"x1","AR(5)","Kendall","RMSE","p3",2.93257565972304
2000,"x10","SARIMA(4,0,0) × (2,0,0)[12] 
Additive decomposition","Kendall","RMSE","p1",2.7367864366808
2000,"x10","SARIMA(4,0,0) × (2,0,0)[12] 
Additive decomposition","Kendall","RMSE","p2",8.24560488987921
2000,"x10","SARIMA(4,0,0) × (2,0,0)[12] 
Additive decomposition","Kendall","RMSE","p3",11.2955743545868
2000,"x11","SARIMA(4,0,0) × (2,0,0)[12] 
 Multiplicative decomposition","Kendall","RMSE","p1",5.29858471669558
2000,"x11","SARIMA(4,0,0) × (2,0,0)[12] 
 Multiplicative decomposition","Kendall","RMSE","p2",9.77726955749917
2000,"x11","SARIMA(4,0,0) × (2,0,0)[12] 
 Multiplicative decomposition","Kendall","RMSE","p3",14.95242455256
2000,"x12","ARMA(1,0,1)-GARCH(1,1)","Kendall","RMSE","p1",6.33442972965996
2000,"x12","ARMA(1,0,1)-GARCH(1,1)","Kendall","RMSE","p2",1.43003496460751
2000,"x12","ARMA(1,0,1)-GARCH(1,1)","Kendall","RMSE","p3",0.997496867163
2000,"x13","ARIMA(3,1,0)","Kendall","RMSE","p1",2.67675176286483
2000,"x13","ARIMA(3,1,0)","Kendall","RMSE","p2",1.97989898732233
2000,"x13","ARIMA(3,1,0)","Kendall","RMSE","p3",2.44131112314674
2000,"x14","ARIMA(3,1,0) 
Differentiated","Kendall","RMSE","p1",12.0409717215846
2000,"x14","ARIMA(3,1,0) 
Differentiated","Kendall","RMSE","p2",5.85320425066476
2000,"x14","ARIMA(3,1,0) 
Differentiated","Kendall","RMSE","p3",3.1851216617266
2000,"x2","ARMA(1,3)","Kendall","RMSE","p1",9.31906647685271
2000,"x2","ARMA(1,3)","Kendall","RMSE","p2",3.83731677086998
2000,"x2","ARMA(1,3)","Kendall","RMSE","p3",2.81247222208505
2000,"x3","ARIMA(2,1,1)","Kendall","RMSE","p1",7.05265907300218
2000,"x3","ARIMA(2,1,1)","Kendall","RMSE","p2",5.65199079970943
2000,"x3","ARIMA(2,1,1)","Kendall","RMSE","p3",4.50055552126624
2000,"x4","NLAR(3)","Kendall","RMSE","p1",13.481283321702
2000,"x4","NLAR(3)","Kendall","RMSE","p2",6.52188623022512
2000,"x4","NLAR(3)","Kendall","RMSE","p3",3.66196668472011
2000,"x5","NLAR(4)","Kendall","RMSE","p1",14.746525014389
2000,"x5","NLAR(4)","Kendall","RMSE","p2",6.21932472218649
2000,"x5","NLAR(4)","Kendall","RMSE","p3",3.42636833980236
2000,"x6","NLARMA(2,2)","Kendall","RMSE","p1",10.7286998280314
2000,"x6","NLARMA(2,2)","Kendall","RMSE","p2",3.81903129078566
2000,"x6","NLARMA(2,2)","Kendall","RMSE","p3",2.33238075793812
2000,"x7","SETAR(2,2,[2])","Kendall","RMSE","p1",4.52382581450701
2000,"x7","SETAR(2,2,[2])","Kendall","RMSE","p2",1.95320249846246
2000,"x7","SETAR(2,2,[2])","Kendall","RMSE","p3",0.924662100445346
2000,"x8","ARIMA(2,1,1) 
Differentiated","Kendall","RMSE","p1",9.84657300790483
2000,"x8","ARIMA(2,1,1) 
Differentiated","Kendall","RMSE","p2",4.62222889956783
2000,"x8","ARIMA(2,1,1) 
Differentiated","Kendall","RMSE","p3",2.37381549409384
2000,"x9","SARIMA(4,0,0) × (2,0,0)[12]","Kendall","RMSE","p1",3.36600653594137
2000,"x9","SARIMA(4,0,0) × (2,0,0)[12]","Kendall","RMSE","p2",7.07212839249967
2000,"x9","SARIMA(4,0,0) × (2,0,0)[12]","Kendall","RMSE","p3",12.0258055863214
100,"x1","AR(5)","Xi","RMSE","p1",18.958639191672
100,"x1","AR(5)","Xi","RMSE","p2",13.6749771480613
100,"x1","AR(5)","Xi","RMSE","p3",9.91614844584327
100,"x10","SARIMA(4,0,0) × (2,0,0)[12] 
Additive decomposition","Xi","RMSE","p1",7.5379042180171
100,"x10","SARIMA(4,0,0) × (2,0,0)[12] 
Additive decomposition","Xi","RMSE","p2",12.9763245952003
100,"x10","SARIMA(4,0,0) × (2,0,0)[12] 
Additive decomposition","Xi","RMSE","p3",17.5378162836768
100,"x11","SARIMA(4,0,0) × (2,0,0)[12] 
 Multiplicative decomposition","Xi","RMSE","p1",8.2912604590617
100,"x11","SARIMA(4,0,0) × (2,0,0)[12] 
 Multiplicative decomposition","Xi","RMSE","p2",13.0996183150503
100,"x11","SARIMA(4,0,0) × (2,0,0)[12] 
 Multiplicative decomposition","Xi","RMSE","p3",17.8412443512217
100,"x12","ARMA(1,0,1)-GARCH(1,1)","Xi","RMSE","p1",23.3884586922696
100,"x12","ARMA(1,0,1)-GARCH(1,1)","Xi","RMSE","p2",18.1815840894021
100,"x12","ARMA(1,0,1)-GARCH(1,1)","Xi","RMSE","p3",13.8955028696338
100,"x13","ARIMA(3,1,0)","Xi","RMSE","p1",22.753681020881
100,"x13","ARIMA(3,1,0)","Xi","RMSE","p2",18.701604209265
100,"x13","ARIMA(3,1,0)","Xi","RMSE","p3",15.0598804776134
100,"x14","ARIMA(3,1,0) 
Differentiated","Xi","RMSE","p1",21.0701210248067
100,"x14","ARIMA(3,1,0) 
Differentiated","Xi","RMSE","p2",16.125755796241
100,"x14","ARIMA(3,1,0) 
Differentiated","Xi","RMSE","p3",12.2249744376011
100,"x2","ARMA(1,3)","Xi","RMSE","p1",23.2452145612812
100,"x2","ARMA(1,3)","Xi","RMSE","p2",17.3935332810789
100,"x2","ARMA(1,3)","Xi","RMSE","p3",11.9668291539572
100,"x3","ARIMA(2,1,1)","Xi","RMSE","p1",23.3205917592157
100,"x3","ARIMA(2,1,1)","Xi","RMSE","p2",18.5670406904278
100,"x3","ARIMA(2,1,1)","Xi","RMSE","p3",14.3391073641284
100,"x4","NLAR(3)","Xi","RMSE","p1",NA
100,"x4","NLAR(3)","Xi","RMSE","p2",NA
100,"x4","NLAR(3)","Xi","RMSE","p3",NA
100,"x5","NLAR(4)","Xi","RMSE","p1",NA
100,"x5","NLAR(4)","Xi","RMSE","p2",NA
100,"x5","NLAR(4)","Xi","RMSE","p3",12.1642920057026
100,"x6","NLARMA(2,2)","Xi","RMSE","p1",NA
100,"x6","NLARMA(2,2)","Xi","RMSE","p2",NA
100,"x6","NLARMA(2,2)","Xi","RMSE","p3",18.522013929376
100,"x7","SETAR(2,2,[2])","Xi","RMSE","p1",22.5178817831518
100,"x7","SETAR(2,2,[2])","Xi","RMSE","p2",16.5286115569336
100,"x7","SETAR(2,2,[2])","Xi","RMSE","p3",11.6195955179171
100,"x8","ARIMA(2,1,1) 
Differentiated","Xi","RMSE","p1",21.4681158931099
100,"x8","ARIMA(2,1,1) 
Differentiated","Xi","RMSE","p2",15.6313786979908
100,"x8","ARIMA(2,1,1) 
Differentiated","Xi","RMSE","p3",10.2083299319722
100,"x9","SARIMA(4,0,0) × (2,0,0)[12]","Xi","RMSE","p1",8.6789976379764
100,"x9","SARIMA(4,0,0) × (2,0,0)[12]","Xi","RMSE","p2",13.6550357011617
100,"x9","SARIMA(4,0,0) × (2,0,0)[12]","Xi","RMSE","p3",18.4722765245651
500,"x1","AR(5)","Xi","RMSE","p1",14.6770228588771
500,"x1","AR(5)","Xi","RMSE","p2",8.12588456723328
500,"x1","AR(5)","Xi","RMSE","p3",5.64800849857718
500,"x10","SARIMA(4,0,0) × (2,0,0)[12] 
Additive decomposition","Xi","RMSE","p1",10.9057324375761
500,"x10","SARIMA(4,0,0) × (2,0,0)[12] 
Additive decomposition","Xi","RMSE","p2",17.2791782212002
500,"x10","SARIMA(4,0,0) × (2,0,0)[12] 
Additive decomposition","Xi","RMSE","p3",20.7267942528506
500,"x11","SARIMA(4,0,0) × (2,0,0)[12] 
 Multiplicative decomposition","Xi","RMSE","p1",10.163906729206
500,"x11","SARIMA(4,0,0) × (2,0,0)[12] 
 Multiplicative decomposition","Xi","RMSE","p2",15.799525309325
500,"x11","SARIMA(4,0,0) × (2,0,0)[12] 
 Multiplicative decomposition","Xi","RMSE","p3",19.8374645557339
500,"x12","ARMA(1,0,1)-GARCH(1,1)","Xi","RMSE","p1",19.655915140232
500,"x12","ARMA(1,0,1)-GARCH(1,1)","Xi","RMSE","p2",12.7330279195484
500,"x12","ARMA(1,0,1)-GARCH(1,1)","Xi","RMSE","p3",7.51431966314982
500,"x13","ARIMA(3,1,0)","Xi","RMSE","p1",18.3512942322878
500,"x13","ARIMA(3,1,0)","Xi","RMSE","p2",12.256426885516
500,"x13","ARIMA(3,1,0)","Xi","RMSE","p3",8.28402076289045
500,"x14","ARIMA(3,1,0) 
Differentiated","Xi","RMSE","p1",17.1438035453046
500,"x14","ARIMA(3,1,0) 
Differentiated","Xi","RMSE","p2",9.43742549639466
500,"x14","ARIMA(3,1,0) 
Differentiated","Xi","RMSE","p3",5.24499761677734
500,"x2","ARMA(1,3)","Xi","RMSE","p1",18.2823685555237
500,"x2","ARMA(1,3)","Xi","RMSE","p2",11.307298527942
500,"x2","ARMA(1,3)","Xi","RMSE","p3",6.14369595601866
500,"x3","ARIMA(2,1,1)","Xi","RMSE","p1",18.7803088366512
500,"x3","ARIMA(2,1,1)","Xi","RMSE","p2",12.9589737247978
500,"x3","ARIMA(2,1,1)","Xi","RMSE","p3",8.45014792769925
500,"x4","NLAR(3)","Xi","RMSE","p1",18.2701943065748
500,"x4","NLAR(3)","Xi","RMSE","p2",12.4420657448834
500,"x4","NLAR(3)","Xi","RMSE","p3",7.69317879683035
500,"x5","NLAR(4)","Xi","RMSE","p1",17.16493518776
500,"x5","NLAR(4)","Xi","RMSE","p2",10.9169592836101
500,"x5","NLAR(4)","Xi","RMSE","p3",7.36545993132812
500,"x6","NLARMA(2,2)","Xi","RMSE","p1",22.5286484281681
500,"x6","NLARMA(2,2)","Xi","RMSE","p2",17.1850225487196
500,"x6","NLARMA(2,2)","Xi","RMSE","p3",12.407658925035
500,"x7","SETAR(2,2,[2])","Xi","RMSE","p1",18.2861969802362
500,"x7","SETAR(2,2,[2])","Xi","RMSE","p2",11.1687062813918
500,"x7","SETAR(2,2,[2])","Xi","RMSE","p3",6.45600495662759
500,"x8","ARIMA(2,1,1) 
Differentiated","Xi","RMSE","p1",18.1674158866912
500,"x8","ARIMA(2,1,1) 
Differentiated","Xi","RMSE","p2",9.97271277035492
500,"x8","ARIMA(2,1,1) 
Differentiated","Xi","RMSE","p3",4.77807492616012
500,"x9","SARIMA(4,0,0) × (2,0,0)[12]","Xi","RMSE","p1",10.2820231472216
500,"x9","SARIMA(4,0,0) × (2,0,0)[12]","Xi","RMSE","p2",16.777067681809
500,"x9","SARIMA(4,0,0) × (2,0,0)[12]","Xi","RMSE","p3",20.3160035440044
1000,"x1","AR(5)","Xi","RMSE","p1",15.6275397935824
1000,"x1","AR(5)","Xi","RMSE","p2",8.50764362206128
1000,"x1","AR(5)","Xi","RMSE","p3",5.16430053347014
1000,"x10","SARIMA(4,0,0) × (2,0,0)[12] 
Additive decomposition","Xi","RMSE","p1",9.94409372441753
1000,"x10","SARIMA(4,0,0) × (2,0,0)[12] 
Additive decomposition","Xi","RMSE","p2",16.0416645021644
1000,"x10","SARIMA(4,0,0) × (2,0,0)[12] 
Additive decomposition","Xi","RMSE","p3",20.0499376557634
1000,"x11","SARIMA(4,0,0) × (2,0,0)[12] 
 Multiplicative decomposition","Xi","RMSE","p1",8.79346348147304
1000,"x11","SARIMA(4,0,0) × (2,0,0)[12] 
 Multiplicative decomposition","Xi","RMSE","p2",13.8361844451424
1000,"x11","SARIMA(4,0,0) × (2,0,0)[12] 
 Multiplicative decomposition","Xi","RMSE","p3",18.0520081985357
1000,"x12","ARMA(1,0,1)-GARCH(1,1)","Xi","RMSE","p1",18.6118241986109
1000,"x12","ARMA(1,0,1)-GARCH(1,1)","Xi","RMSE","p2",10.1459351466486
1000,"x12","ARMA(1,0,1)-GARCH(1,1)","Xi","RMSE","p3",5.91058372751795
1000,"x13","ARIMA(3,1,0)","Xi","RMSE","p1",18.1434561205962
1000,"x13","ARIMA(3,1,0)","Xi","RMSE","p2",11.7896140734122
1000,"x13","ARIMA(3,1,0)","Xi","RMSE","p3",8.12742271571991
1000,"x14","ARIMA(3,1,0) 
Differentiated","Xi","RMSE","p1",16.5870431361349
1000,"x14","ARIMA(3,1,0) 
Differentiated","Xi","RMSE","p2",9.00499861188218
1000,"x14","ARIMA(3,1,0) 
Differentiated","Xi","RMSE","p3",5.15654923374149
1000,"x2","ARMA(1,3)","Xi","RMSE","p1",18.8772349670178
1000,"x2","ARMA(1,3)","Xi","RMSE","p2",11.2436648829463
1000,"x2","ARMA(1,3)","Xi","RMSE","p3",6.36317530797321
1000,"x3","ARIMA(2,1,1)","Xi","RMSE","p1",18.8650470447333
1000,"x3","ARIMA(2,1,1)","Xi","RMSE","p2",12.3840623383444
1000,"x3","ARIMA(2,1,1)","Xi","RMSE","p3",8.5258430668175
1000,"x4","NLAR(3)","Xi","RMSE","p1",18.3025954443625
1000,"x4","NLAR(3)","Xi","RMSE","p2",11.9249737945205
1000,"x4","NLAR(3)","Xi","RMSE","p3",8.03367910735797
1000,"x5","NLAR(4)","Xi","RMSE","p1",16.0167100242216
1000,"x5","NLAR(4)","Xi","RMSE","p2",9.40212741883453
1000,"x5","NLAR(4)","Xi","RMSE","p3",5.45939557094006
1000,"x6","NLARMA(2,2)","Xi","RMSE","p1",22.0795153932327
1000,"x6","NLARMA(2,2)","Xi","RMSE","p2",16.2117241526002
1000,"x6","NLARMA(2,2)","Xi","RMSE","p3",12.1179618748369
1000,"x7","SETAR(2,2,[2])","Xi","RMSE","p1",17.4579494786759
1000,"x7","SETAR(2,2,[2])","Xi","RMSE","p2",10.3184301131519
1000,"x7","SETAR(2,2,[2])","Xi","RMSE","p3",5.49499772520426
1000,"x8","ARIMA(2,1,1) 
Differentiated","Xi","RMSE","p1",16.4846898666611
1000,"x8","ARIMA(2,1,1) 
Differentiated","Xi","RMSE","p2",8.49764673306675
1000,"x8","ARIMA(2,1,1) 
Differentiated","Xi","RMSE","p3",4.07921561087423
1000,"x9","SARIMA(4,0,0) × (2,0,0)[12]","Xi","RMSE","p1",8.80993757072092
1000,"x9","SARIMA(4,0,0) × (2,0,0)[12]","Xi","RMSE","p2",15.6432093893804
1000,"x9","SARIMA(4,0,0) × (2,0,0)[12]","Xi","RMSE","p3",20.0870605116826
2000,"x1","AR(5)","Xi","RMSE","p1",14.503964975137
2000,"x1","AR(5)","Xi","RMSE","p2",7.77721029675809
2000,"x1","AR(5)","Xi","RMSE","p3",4.61789995560753
2000,"x10","SARIMA(4,0,0) × (2,0,0)[12] 
Additive decomposition","Xi","RMSE","p1",9.11509736645747
2000,"x10","SARIMA(4,0,0) × (2,0,0)[12] 
Additive decomposition","Xi","RMSE","p2",14.7034009671232
2000,"x10","SARIMA(4,0,0) × (2,0,0)[12] 
Additive decomposition","Xi","RMSE","p3",18.7664594423136
2000,"x11","SARIMA(4,0,0) × (2,0,0)[12] 
 Multiplicative decomposition","Xi","RMSE","p1",6.03406993661824
2000,"x11","SARIMA(4,0,0) × (2,0,0)[12] 
 Multiplicative decomposition","Xi","RMSE","p2",10.9183332061263
2000,"x11","SARIMA(4,0,0) × (2,0,0)[12] 
 Multiplicative decomposition","Xi","RMSE","p3",15.7294310132312
2000,"x12","ARMA(1,0,1)-GARCH(1,1)","Xi","RMSE","p1",18.7420649876154
2000,"x12","ARMA(1,0,1)-GARCH(1,1)","Xi","RMSE","p2",9.77854794946571
2000,"x12","ARMA(1,0,1)-GARCH(1,1)","Xi","RMSE","p3",4.52769256906871
2000,"x13","ARIMA(3,1,0)","Xi","RMSE","p1",18.8535142612724
2000,"x13","ARIMA(3,1,0)","Xi","RMSE","p2",13.8146661197439
2000,"x13","ARIMA(3,1,0)","Xi","RMSE","p3",10.1636607578175
2000,"x14","ARIMA(3,1,0) 
Differentiated","Xi","RMSE","p1",16.4096008482839
2000,"x14","ARIMA(3,1,0) 
Differentiated","Xi","RMSE","p2",8.96381615161757
2000,"x14","ARIMA(3,1,0) 
Differentiated","Xi","RMSE","p3",5.29669708403265
2000,"x2","ARMA(1,3)","Xi","RMSE","p1",17.1525508307074
2000,"x2","ARMA(1,3)","Xi","RMSE","p2",9.82700361249552
2000,"x2","ARMA(1,3)","Xi","RMSE","p3",5.33572862878164
2000,"x3","ARIMA(2,1,1)","Xi","RMSE","p1",19.3080294178355
2000,"x3","ARIMA(2,1,1)","Xi","RMSE","p2",14.5516322108552
2000,"x3","ARIMA(2,1,1)","Xi","RMSE","p3",10.7983795080558
2000,"x4","NLAR(3)","Xi","RMSE","p1",18.259381150521
2000,"x4","NLAR(3)","Xi","RMSE","p2",11.7027774481103
2000,"x4","NLAR(3)","Xi","RMSE","p3",6.87095335452075
2000,"x5","NLAR(4)","Xi","RMSE","p1",15.9979686210469
2000,"x5","NLAR(4)","Xi","RMSE","p2",9.17769034125689
2000,"x5","NLAR(4)","Xi","RMSE","p3",4.81404196076436
2000,"x6","NLARMA(2,2)","Xi","RMSE","p1",21.4315188449162
2000,"x6","NLARMA(2,2)","Xi","RMSE","p2",15.9702849066634
2000,"x6","NLARMA(2,2)","Xi","RMSE","p3",11.1832463980724
2000,"x7","SETAR(2,2,[2])","Xi","RMSE","p1",17.1614393335757
2000,"x7","SETAR(2,2,[2])","Xi","RMSE","p2",9.69716453402746
2000,"x7","SETAR(2,2,[2])","Xi","RMSE","p3",5.78921410901342
2000,"x8","ARIMA(2,1,1) 
Differentiated","Xi","RMSE","p1",16.1553396745472
2000,"x8","ARIMA(2,1,1) 
Differentiated","Xi","RMSE","p2",8.89241249605528
2000,"x8","ARIMA(2,1,1) 
Differentiated","Xi","RMSE","p3",4.2029751367335
2000,"x9","SARIMA(4,0,0) × (2,0,0)[12]","Xi","RMSE","p1",8.85437744847146
2000,"x9","SARIMA(4,0,0) × (2,0,0)[12]","Xi","RMSE","p2",15.2042757144167
2000,"x9","SARIMA(4,0,0) × (2,0,0)[12]","Xi","RMSE","p3",19.8392288156571
5000,"x1","AR(5)","Xi","RMSE","p1",15.7049355299536
5000,"x1","AR(5)","Xi","RMSE","p2",7.87591264552877
5000,"x1","AR(5)","Xi","RMSE","p3",4.88518167522969
5000,"x10","SARIMA(4,0,0) × (2,0,0)[12] 
Additive decomposition","Xi","RMSE","p1",8.18229796573065
5000,"x10","SARIMA(4,0,0) × (2,0,0)[12] 
Additive decomposition","Xi","RMSE","p2",12.749509794498
5000,"x10","SARIMA(4,0,0) × (2,0,0)[12] 
Additive decomposition","Xi","RMSE","p3",16.6285898379869
5000,"x11","SARIMA(4,0,0) × (2,0,0)[12] 
 Multiplicative decomposition","Xi","RMSE","p1",4.50943455435379
5000,"x11","SARIMA(4,0,0) × (2,0,0)[12] 
 Multiplicative decomposition","Xi","RMSE","p2",6.82934843158555
5000,"x11","SARIMA(4,0,0) × (2,0,0)[12] 
 Multiplicative decomposition","Xi","RMSE","p3",10.8436617431567
5000,"x12","ARMA(1,0,1)-GARCH(1,1)","Xi","RMSE","p1",18.9468994825011
5000,"x12","ARMA(1,0,1)-GARCH(1,1)","Xi","RMSE","p2",11.0496606282727
5000,"x12","ARMA(1,0,1)-GARCH(1,1)","Xi","RMSE","p3",5.55112601190065
5000,"x13","ARIMA(3,1,0)","Xi","RMSE","p1",22.7492857030721
5000,"x13","ARIMA(3,1,0)","Xi","RMSE","p2",18.3476156489065
5000,"x13","ARIMA(3,1,0)","Xi","RMSE","p3",14.824978920727
5000,"x14","ARIMA(3,1,0) 
Differentiated","Xi","RMSE","p1",15.8721454126403
5000,"x14","ARIMA(3,1,0) 
Differentiated","Xi","RMSE","p2",8.49058301885094
5000,"x14","ARIMA(3,1,0) 
Differentiated","Xi","RMSE","p3",5.060632371552
5000,"x2","ARMA(1,3)","Xi","RMSE","p1",19.9654701923095
5000,"x2","ARMA(1,3)","Xi","RMSE","p2",11.3839799718728
5000,"x2","ARMA(1,3)","Xi","RMSE","p3",5.96657355607052
5000,"x3","ARIMA(2,1,1)","Xi","RMSE","p1",22.7363145650301
5000,"x3","ARIMA(2,1,1)","Xi","RMSE","p2",18.5193142421635
5000,"x3","ARIMA(2,1,1)","Xi","RMSE","p3",15.2134808640232
5000,"x4","NLAR(3)","Xi","RMSE","p1",20.2758477011443
5000,"x4","NLAR(3)","Xi","RMSE","p2",13.076696830622
5000,"x4","NLAR(3)","Xi","RMSE","p3",8.07898508477395
5000,"x5","NLAR(4)","Xi","RMSE","p1",17.4087621616242
5000,"x5","NLAR(4)","Xi","RMSE","p2",10.316006979447
5000,"x5","NLAR(4)","Xi","RMSE","p3",6.02453317693579
5000,"x6","NLARMA(2,2)","Xi","RMSE","p1",23.7817156656117
5000,"x6","NLARMA(2,2)","Xi","RMSE","p2",17.7804668105199
5000,"x6","NLARMA(2,2)","Xi","RMSE","p3",13.61928779342
5000,"x7","SETAR(2,2,[2])","Xi","RMSE","p1",18.7281873121773
5000,"x7","SETAR(2,2,[2])","Xi","RMSE","p2",11.4149025401008
5000,"x7","SETAR(2,2,[2])","Xi","RMSE","p3",5.88642506110457
5000,"x8","ARIMA(2,1,1) 
Differentiated","Xi","RMSE","p1",17.8167056438613
5000,"x8","ARIMA(2,1,1) 
Differentiated","Xi","RMSE","p2",8.94287425831315
5000,"x8","ARIMA(2,1,1) 
Differentiated","Xi","RMSE","p3",5.07740090991444
5000,"x9","SARIMA(4,0,0) × (2,0,0)[12]","Xi","RMSE","p1",8.20182906430023
5000,"x9","SARIMA(4,0,0) × (2,0,0)[12]","Xi","RMSE","p2",12.9653384066904
5000,"x9","SARIMA(4,0,0) × (2,0,0)[12]","Xi","RMSE","p3",18.1530989090017
100,"x1","AR(5)","Codec","RMSE","p1",16.6475223381739
100,"x1","AR(5)","Codec","RMSE","p2",10.8198890937015
100,"x1","AR(5)","Codec","RMSE","p3",7.71200363070454
100,"x10","SARIMA(4,0,0) × (2,0,0)[12] 
Additive decomposition","Codec","RMSE","p1",9.75217924363575
100,"x10","SARIMA(4,0,0) × (2,0,0)[12] 
Additive decomposition","Codec","RMSE","p2",17.7523237915491
100,"x10","SARIMA(4,0,0) × (2,0,0)[12] 
Additive decomposition","Codec","RMSE","p3",21.276865370632
100,"x11","SARIMA(4,0,0) × (2,0,0)[12] 
 Multiplicative decomposition","Codec","RMSE","p1",8.29035584278504
100,"x11","SARIMA(4,0,0) × (2,0,0)[12] 
 Multiplicative decomposition","Codec","RMSE","p2",16.4708834007166
100,"x11","SARIMA(4,0,0) × (2,0,0)[12] 
 Multiplicative decomposition","Codec","RMSE","p3",20.6248636359128
100,"x12","ARMA(1,0,1)-GARCH(1,1)","Codec","RMSE","p1",20.3013546346051
100,"x12","ARMA(1,0,1)-GARCH(1,1)","Codec","RMSE","p2",13.8068823417888
100,"x12","ARMA(1,0,1)-GARCH(1,1)","Codec","RMSE","p3",10.2078401241399
100,"x13","ARIMA(3,1,0)","Codec","RMSE","p1",21.1958722396603
100,"x13","ARIMA(3,1,0)","Codec","RMSE","p2",15.4990322278522
100,"x13","ARIMA(3,1,0)","Codec","RMSE","p3",11.409864153442
100,"x14","ARIMA(3,1,0) 
Differentiated","Codec","RMSE","p1",19.1373979422491
100,"x14","ARIMA(3,1,0) 
Differentiated","Codec","RMSE","p2",11.4195008647489
100,"x14","ARIMA(3,1,0) 
Differentiated","Codec","RMSE","p3",7.46156819978213
100,"x2","ARMA(1,3)","Codec","RMSE","p1",20.9936895280463
100,"x2","ARMA(1,3)","Codec","RMSE","p2",12.9209132804148
100,"x2","ARMA(1,3)","Codec","RMSE","p3",7.11090711512955
100,"x3","ARIMA(2,1,1)","Codec","RMSE","p1",20.8636046741688
100,"x3","ARIMA(2,1,1)","Codec","RMSE","p2",16.0279443472954
100,"x3","ARIMA(2,1,1)","Codec","RMSE","p3",11.4431202038605
100,"x4","NLAR(3)","Codec","RMSE","p1",14.4159633739823
100,"x4","NLAR(3)","Codec","RMSE","p2",4.25558456619064
100,"x4","NLAR(3)","Codec","RMSE","p3",2.91976026413129
100,"x5","NLAR(4)","Codec","RMSE","p1",13.7102151697193
100,"x5","NLAR(4)","Codec","RMSE","p2",5.61649356805472
100,"x5","NLAR(4)","Codec","RMSE","p3",4.35889894354067
100,"x6","NLARMA(2,2)","Codec","RMSE","p1",6.63362645918505
100,"x6","NLARMA(2,2)","Codec","RMSE","p2",1.79722007556114
100,"x6","NLARMA(2,2)","Codec","RMSE","p3",1.71172427686237
100,"x7","SETAR(2,2,[2])","Codec","RMSE","p1",17.2615178938586
100,"x7","SETAR(2,2,[2])","Codec","RMSE","p2",9.62003118498064
100,"x7","SETAR(2,2,[2])","Codec","RMSE","p3",6.05020660804241
100,"x8","ARIMA(2,1,1) 
Differentiated","Codec","RMSE","p1",19.8150195558824
100,"x8","ARIMA(2,1,1) 
Differentiated","Codec","RMSE","p2",12.6243811729526
100,"x8","ARIMA(2,1,1) 
Differentiated","Codec","RMSE","p3",8.46108740056501
100,"x9","SARIMA(4,0,0) × (2,0,0)[12]","Codec","RMSE","p1",8.58981955572991
100,"x9","SARIMA(4,0,0) × (2,0,0)[12]","Codec","RMSE","p2",15.6628541460361
100,"x9","SARIMA(4,0,0) × (2,0,0)[12]","Codec","RMSE","p3",19.9628404792504
500,"x1","AR(5)","Codec","RMSE","p1",16.4854481285769
500,"x1","AR(5)","Codec","RMSE","p2",9.73806962390391
500,"x1","AR(5)","Codec","RMSE","p3",6.79595467907196
500,"x10","SARIMA(4,0,0) × (2,0,0)[12] 
Additive decomposition","Codec","RMSE","p1",9.74063652950874
500,"x10","SARIMA(4,0,0) × (2,0,0)[12] 
Additive decomposition","Codec","RMSE","p2",16.1945978647202
500,"x10","SARIMA(4,0,0) × (2,0,0)[12] 
Additive decomposition","Codec","RMSE","p3",19.9126843996484
500,"x11","SARIMA(4,0,0) × (2,0,0)[12] 
 Multiplicative decomposition","Codec","RMSE","p1",8.17740790226341
500,"x11","SARIMA(4,0,0) × (2,0,0)[12] 
 Multiplicative decomposition","Codec","RMSE","p2",14.4383170764463
500,"x11","SARIMA(4,0,0) × (2,0,0)[12] 
 Multiplicative decomposition","Codec","RMSE","p3",18.3470706108632
500,"x12","ARMA(1,0,1)-GARCH(1,1)","Codec","RMSE","p1",18.2432179179003
500,"x12","ARMA(1,0,1)-GARCH(1,1)","Codec","RMSE","p2",9.50815439504429
500,"x12","ARMA(1,0,1)-GARCH(1,1)","Codec","RMSE","p3",5.68462839594639
500,"x13","ARIMA(3,1,0)","Codec","RMSE","p1",22.8503829289577
500,"x13","ARIMA(3,1,0)","Codec","RMSE","p2",19.058200334764
500,"x13","ARIMA(3,1,0)","Codec","RMSE","p3",15.663971399361
500,"x14","ARIMA(3,1,0) 
Differentiated","Codec","RMSE","p1",17.9831865919252
500,"x14","ARIMA(3,1,0) 
Differentiated","Codec","RMSE","p2",9.79719347568476
500,"x14","ARIMA(3,1,0) 
Differentiated","Codec","RMSE","p3",5.7026309717533
500,"x2","ARMA(1,3)","Codec","RMSE","p1",19.1028793641168
500,"x2","ARMA(1,3)","Codec","RMSE","p2",9.37149934642264
500,"x2","ARMA(1,3)","Codec","RMSE","p3",4.02367990774614
500,"x3","ARIMA(2,1,1)","Codec","RMSE","p1",15.1838730237051
500,"x3","ARIMA(2,1,1)","Codec","RMSE","p2",12.0511410248159
500,"x3","ARIMA(2,1,1)","Codec","RMSE","p3",10.0446503174575
500,"x4","NLAR(3)","Codec","RMSE","p1",10.1318803782911
500,"x4","NLAR(3)","Codec","RMSE","p2",1.86279360101972
500,"x4","NLAR(3)","Codec","RMSE","p3",2.79732014613987
500,"x5","NLAR(4)","Codec","RMSE","p1",8.90084265673762
500,"x5","NLAR(4)","Codec","RMSE","p2",2.81602556806574
500,"x5","NLAR(4)","Codec","RMSE","p3",3.79341534767813
500,"x6","NLARMA(2,2)","Codec","RMSE","p1",2.54852898747493
500,"x6","NLARMA(2,2)","Codec","RMSE","p2",0.809320702811932
500,"x6","NLARMA(2,2)","Codec","RMSE","p3",1.70146995271736
500,"x7","SETAR(2,2,[2])","Codec","RMSE","p1",13.9796280351088
500,"x7","SETAR(2,2,[2])","Codec","RMSE","p2",4.34108281422965
500,"x7","SETAR(2,2,[2])","Codec","RMSE","p3",1.97737199332852
500,"x8","ARIMA(2,1,1) 
Differentiated","Codec","RMSE","p1",17.632640188015
500,"x8","ARIMA(2,1,1) 
Differentiated","Codec","RMSE","p2",6.85346627627218
500,"x8","ARIMA(2,1,1) 
Differentiated","Codec","RMSE","p3",2.65706605111728
500,"x9","SARIMA(4,0,0) × (2,0,0)[12]","Codec","RMSE","p1",9.77599099835919
500,"x9","SARIMA(4,0,0) × (2,0,0)[12]","Codec","RMSE","p2",16.3778814258743
500,"x9","SARIMA(4,0,0) × (2,0,0)[12]","Codec","RMSE","p3",20.2818884722306
1000,"x1","AR(5)","Codec","RMSE","p1",16.5379865763641
1000,"x1","AR(5)","Codec","RMSE","p2",8.4154619599877
1000,"x1","AR(5)","Codec","RMSE","p3",5.43461130164798
1000,"x10","SARIMA(4,0,0) × (2,0,0)[12] 
Additive decomposition","Codec","RMSE","p1",8.29005428209008
1000,"x10","SARIMA(4,0,0) × (2,0,0)[12] 
Additive decomposition","Codec","RMSE","p2",15.2333515681875
1000,"x10","SARIMA(4,0,0) × (2,0,0)[12] 
Additive decomposition","Codec","RMSE","p3",19.3324856135987
1000,"x11","SARIMA(4,0,0) × (2,0,0)[12] 
 Multiplicative decomposition","Codec","RMSE","p1",7.06965345685345
1000,"x11","SARIMA(4,0,0) × (2,0,0)[12] 
 Multiplicative decomposition","Codec","RMSE","p2",13.6601610532233
1000,"x11","SARIMA(4,0,0) × (2,0,0)[12] 
 Multiplicative decomposition","Codec","RMSE","p3",17.6347667974374
1000,"x12","ARMA(1,0,1)-GARCH(1,1)","Codec","RMSE","p1",16.7311087498707
1000,"x12","ARMA(1,0,1)-GARCH(1,1)","Codec","RMSE","p2",6.47572389775846
1000,"x12","ARMA(1,0,1)-GARCH(1,1)","Codec","RMSE","p3",1.74928556845359
1000,"x13","ARIMA(3,1,0)","Codec","RMSE","p1",21.4528552878166
1000,"x13","ARIMA(3,1,0)","Codec","RMSE","p2",18.221964767829
1000,"x13","ARIMA(3,1,0)","Codec","RMSE","p3",15.2911739248496
1000,"x14","ARIMA(3,1,0) 
Differentiated","Codec","RMSE","p1",18.1255344748783
1000,"x14","ARIMA(3,1,0) 
Differentiated","Codec","RMSE","p2",9.48604237814696
1000,"x14","ARIMA(3,1,0) 
Differentiated","Codec","RMSE","p3",4.7270498199194
1000,"x2","ARMA(1,3)","Codec","RMSE","p1",18.3271656291965
1000,"x2","ARMA(1,3)","Codec","RMSE","p2",8.92356431029664
1000,"x2","ARMA(1,3)","Codec","RMSE","p3",3.07001628660175
1000,"x3","ARIMA(2,1,1)","Codec","RMSE","p1",6.8633082402002
1000,"x3","ARIMA(2,1,1)","Codec","RMSE","p2",4.21781934179263
1000,"x3","ARIMA(2,1,1)","Codec","RMSE","p3",3.72894086839682
1000,"x4","NLAR(3)","Codec","RMSE","p1",5.62627763268042
1000,"x4","NLAR(3)","Codec","RMSE","p2",1.53622914957372
1000,"x4","NLAR(3)","Codec","RMSE","p3",2.49499498997493
1000,"x5","NLAR(4)","Codec","RMSE","p1",5.37633704300614
1000,"x5","NLAR(4)","Codec","RMSE","p2",2.48596057893121
1000,"x5","NLAR(4)","Codec","RMSE","p3",3.48998567332303
1000,"x6","NLARMA(2,2)","Codec","RMSE","p1",2.37802439011882
1000,"x6","NLARMA(2,2)","Codec","RMSE","p2",0.803118920210451
1000,"x6","NLARMA(2,2)","Codec","RMSE","p3",1.67332005306815
1000,"x7","SETAR(2,2,[2])","Codec","RMSE","p1",14.7239600651455
1000,"x7","SETAR(2,2,[2])","Codec","RMSE","p2",2.34520787991171
1000,"x7","SETAR(2,2,[2])","Codec","RMSE","p3",1.86279360101972
1000,"x8","ARIMA(2,1,1) 
Differentiated","Codec","RMSE","p1",15.852760012061
1000,"x8","ARIMA(2,1,1) 
Differentiated","Codec","RMSE","p2",4.19642705167146
1000,"x8","ARIMA(2,1,1) 
Differentiated","Codec","RMSE","p3",1.4
1000,"x9","SARIMA(4,0,0) × (2,0,0)[12]","Codec","RMSE","p1",9.26255904164718
1000,"x9","SARIMA(4,0,0) × (2,0,0)[12]","Codec","RMSE","p2",16.3723852874283
1000,"x9","SARIMA(4,0,0) × (2,0,0)[12]","Codec","RMSE","p3",20.2405533521196
2000,"x1","AR(5)","Codec","RMSE","p1",15.97404144229
2000,"x1","AR(5)","Codec","RMSE","p2",8.45665418472341
2000,"x1","AR(5)","Codec","RMSE","p3",4.81611876929961
2000,"x10","SARIMA(4,0,0) × (2,0,0)[12] 
Additive decomposition","Codec","RMSE","p1",8.22100967035072
2000,"x10","SARIMA(4,0,0) × (2,0,0)[12] 
Additive decomposition","Codec","RMSE","p2",13.4881429411168
2000,"x10","SARIMA(4,0,0) × (2,0,0)[12] 
Additive decomposition","Codec","RMSE","p3",17.6629555850656
2000,"x11","SARIMA(4,0,0) × (2,0,0)[12] 
 Multiplicative decomposition","Codec","RMSE","p1",6.84799240653785
2000,"x11","SARIMA(4,0,0) × (2,0,0)[12] 
 Multiplicative decomposition","Codec","RMSE","p2",11.9678736624348
2000,"x11","SARIMA(4,0,0) × (2,0,0)[12] 
 Multiplicative decomposition","Codec","RMSE","p3",16.0948749606824
2000,"x12","ARMA(1,0,1)-GARCH(1,1)","Codec","RMSE","p1",16.5018180816539
2000,"x12","ARMA(1,0,1)-GARCH(1,1)","Codec","RMSE","p2",6.40507611195995
2000,"x12","ARMA(1,0,1)-GARCH(1,1)","Codec","RMSE","p3",1.47648230602334
2000,"x13","ARIMA(3,1,0)","Codec","RMSE","p1",13.4733069437314
2000,"x13","ARIMA(3,1,0)","Codec","RMSE","p2",12.1790804250567
2000,"x13","ARIMA(3,1,0)","Codec","RMSE","p3",10.7861021689951
2000,"x14","ARIMA(3,1,0) 
Differentiated","Codec","RMSE","p1",18.1022098098547
2000,"x14","ARIMA(3,1,0) 
Differentiated","Codec","RMSE","p2",9.57496736286866
2000,"x14","ARIMA(3,1,0) 
Differentiated","Codec","RMSE","p3",5.20192272145598
2000,"x2","ARMA(1,3)","Codec","RMSE","p1",18.2385580570395
2000,"x2","ARMA(1,3)","Codec","RMSE","p2",7.34710827468876
2000,"x2","ARMA(1,3)","Codec","RMSE","p3",2.48193472919817
2000,"x3","ARIMA(2,1,1)","Codec","RMSE","p1",0.99247166206396
2000,"x3","ARIMA(2,1,1)","Codec","RMSE","p2",0.3
2000,"x3","ARIMA(2,1,1)","Codec","RMSE","p3",1.12694276695846
2000,"x4","NLAR(3)","Codec","RMSE","p1",3.84382621875651
2000,"x4","NLAR(3)","Codec","RMSE","p2",1.28257553383807
2000,"x4","NLAR(3)","Codec","RMSE","p3",2.25277606521376
2000,"x5","NLAR(4)","Codec","RMSE","p1",1.48996644257513
2000,"x5","NLAR(4)","Codec","RMSE","p2",2.09165006633519
2000,"x5","NLAR(4)","Codec","RMSE","p3",3.11528489868904
2000,"x6","NLARMA(2,2)","Codec","RMSE","p1",1.27082650271388
2000,"x6","NLARMA(2,2)","Codec","RMSE","p2",0.632455532033676
2000,"x6","NLARMA(2,2)","Codec","RMSE","p3",1.42126704035519
2000,"x7","SETAR(2,2,[2])","Codec","RMSE","p1",13.7182360382084
2000,"x7","SETAR(2,2,[2])","Codec","RMSE","p2",2.18632111090754
2000,"x7","SETAR(2,2,[2])","Codec","RMSE","p3",1.86413518823072
2000,"x8","ARIMA(2,1,1) 
Differentiated","Codec","RMSE","p1",15.2993463912678
2000,"x8","ARIMA(2,1,1) 
Differentiated","Codec","RMSE","p2",4.06386515524322
2000,"x8","ARIMA(2,1,1) 
Differentiated","Codec","RMSE","p3",0.964365076099296
2000,"x9","SARIMA(4,0,0) × (2,0,0)[12]","Codec","RMSE","p1",8.52760224213114
2000,"x9","SARIMA(4,0,0) × (2,0,0)[12]","Codec","RMSE","p2",15.4445783367498
2000,"x9","SARIMA(4,0,0) × (2,0,0)[12]","Codec","RMSE","p3",19.6720614069802
5000,"x1","AR(5)","Codec","RMSE","p1",16.3191605176247
5000,"x1","AR(5)","Codec","RMSE","p2",7.50199973340442
5000,"x1","AR(5)","Codec","RMSE","p3",4.11703777004778
5000,"x10","SARIMA(4,0,0) × (2,0,0)[12] 
Additive decomposition","Codec","RMSE","p1",7.32563990378998
5000,"x10","SARIMA(4,0,0) × (2,0,0)[12] 
Additive decomposition","Codec","RMSE","p2",12.040348832156
5000,"x10","SARIMA(4,0,0) × (2,0,0)[12] 
Additive decomposition","Codec","RMSE","p3",16.7532086478979
5000,"x11","SARIMA(4,0,0) × (2,0,0)[12] 
 Multiplicative decomposition","Codec","RMSE","p1",6.25579731129454
5000,"x11","SARIMA(4,0,0) × (2,0,0)[12] 
 Multiplicative decomposition","Codec","RMSE","p2",8.49941174435031
5000,"x11","SARIMA(4,0,0) × (2,0,0)[12] 
 Multiplicative decomposition","Codec","RMSE","p3",13.1365901207277
5000,"x12","ARMA(1,0,1)-GARCH(1,1)","Codec","RMSE","p1",16.2517691344666
5000,"x12","ARMA(1,0,1)-GARCH(1,1)","Codec","RMSE","p2",2.71385334902238
5000,"x12","ARMA(1,0,1)-GARCH(1,1)","Codec","RMSE","p3",0.51478150704935
5000,"x13","ARIMA(3,1,0)","Codec","RMSE","p1",5.33572862878164
5000,"x13","ARIMA(3,1,0)","Codec","RMSE","p2",4.93457191659013
5000,"x13","ARIMA(3,1,0)","Codec","RMSE","p3",4.99799959983992
5000,"x14","ARIMA(3,1,0) 
Differentiated","Codec","RMSE","p1",18.6914418919462
5000,"x14","ARIMA(3,1,0) 
Differentiated","Codec","RMSE","p2",8.98804761892148
5000,"x14","ARIMA(3,1,0) 
Differentiated","Codec","RMSE","p3",4.07246853885945
5000,"x2","ARMA(1,3)","Codec","RMSE","p1",19.4194490138109
5000,"x2","ARMA(1,3)","Codec","RMSE","p2",8.6156833739408
5000,"x2","ARMA(1,3)","Codec","RMSE","p3",3.104834939252
5000,"x3","ARIMA(2,1,1)","Codec","RMSE","p1",1
5000,"x3","ARIMA(2,1,1)","Codec","RMSE","p2",0
5000,"x3","ARIMA(2,1,1)","Codec","RMSE","p3",1
5000,"x4","NLAR(3)","Codec","RMSE","p1",0.282842712474619
5000,"x4","NLAR(3)","Codec","RMSE","p2",1.01488915650922
5000,"x4","NLAR(3)","Codec","RMSE","p3",2.01246117974981
5000,"x5","NLAR(4)","Codec","RMSE","p1",0.244948974278318
5000,"x5","NLAR(4)","Codec","RMSE","p2",1.94293592277254
5000,"x5","NLAR(4)","Codec","RMSE","p3",2.93683503111768
5000,"x6","NLARMA(2,2)","Codec","RMSE","p1",1.43527000944073
5000,"x6","NLARMA(2,2)","Codec","RMSE","p2",0.578791845139511
5000,"x6","NLARMA(2,2)","Codec","RMSE","p3",1.2
5000,"x7","SETAR(2,2,[2])","Codec","RMSE","p1",12.010203994937
5000,"x7","SETAR(2,2,[2])","Codec","RMSE","p2",0.902773504263389
5000,"x7","SETAR(2,2,[2])","Codec","RMSE","p3",1.7606816861659
5000,"x8","ARIMA(2,1,1) 
Differentiated","Codec","RMSE","p1",13.6705888680773
5000,"x8","ARIMA(2,1,1) 
Differentiated","Codec","RMSE","p2",2.58263431402899
5000,"x8","ARIMA(2,1,1) 
Differentiated","Codec","RMSE","p3",0.948683298050514
5000,"x9","SARIMA(4,0,0) × (2,0,0)[12]","Codec","RMSE","p1",8.18077013489561
5000,"x9","SARIMA(4,0,0) × (2,0,0)[12]","Codec","RMSE","p2",13.0334185845464
5000,"x9","SARIMA(4,0,0) × (2,0,0)[12]","Codec","RMSE","p3",18.8207332482026
100,"x1","AR(5)","Pearson","MAE","p1",17.225
100,"x1","AR(5)","Pearson","MAE","p2",11.13
100,"x1","AR(5)","Pearson","MAE","p3",6.185
100,"x10","SARIMA(4,0,0) × (2,0,0)[12] 
Additive decomposition","Pearson","MAE","p1",3
100,"x10","SARIMA(4,0,0) × (2,0,0)[12] 
Additive decomposition","Pearson","MAE","p2",4.47
100,"x10","SARIMA(4,0,0) × (2,0,0)[12] 
Additive decomposition","Pearson","MAE","p3",8.205
100,"x11","SARIMA(4,0,0) × (2,0,0)[12] 
 Multiplicative decomposition","Pearson","MAE","p1",5.465
100,"x11","SARIMA(4,0,0) × (2,0,0)[12] 
 Multiplicative decomposition","Pearson","MAE","p2",12.92
100,"x11","SARIMA(4,0,0) × (2,0,0)[12] 
 Multiplicative decomposition","Pearson","MAE","p3",19.1
100,"x12","ARMA(1,0,1)-GARCH(1,1)","Pearson","MAE","p1",20.735
100,"x12","ARMA(1,0,1)-GARCH(1,1)","Pearson","MAE","p2",13.505
100,"x12","ARMA(1,0,1)-GARCH(1,1)","Pearson","MAE","p3",7.315
100,"x13","ARIMA(3,1,0)","Pearson","MAE","p1",19.955
100,"x13","ARIMA(3,1,0)","Pearson","MAE","p2",12.495
100,"x13","ARIMA(3,1,0)","Pearson","MAE","p3",6.31
100,"x14","ARIMA(3,1,0) 
Differentiated","Pearson","MAE","p1",19.09
100,"x14","ARIMA(3,1,0) 
Differentiated","Pearson","MAE","p2",10.74
100,"x14","ARIMA(3,1,0) 
Differentiated","Pearson","MAE","p3",5.855
100,"x2","ARMA(1,3)","Pearson","MAE","p1",20.58
100,"x2","ARMA(1,3)","Pearson","MAE","p2",12.115
100,"x2","ARMA(1,3)","Pearson","MAE","p3",7.075
100,"x3","ARIMA(2,1,1)","Pearson","MAE","p1",19.245
100,"x3","ARIMA(2,1,1)","Pearson","MAE","p2",11.39
100,"x3","ARIMA(2,1,1)","Pearson","MAE","p3",6.335
100,"x4","NLAR(3)","Pearson","MAE","p1",19.905
100,"x4","NLAR(3)","Pearson","MAE","p2",12.975
100,"x4","NLAR(3)","Pearson","MAE","p3",8.26
100,"x5","NLAR(4)","Pearson","MAE","p1",17.84
100,"x5","NLAR(4)","Pearson","MAE","p2",10.67
100,"x5","NLAR(4)","Pearson","MAE","p3",6.715
100,"x6","NLARMA(2,2)","Pearson","MAE","p1",22.07
100,"x6","NLARMA(2,2)","Pearson","MAE","p2",14.185
100,"x6","NLARMA(2,2)","Pearson","MAE","p3",8.05
100,"x7","SETAR(2,2,[2])","Pearson","MAE","p1",18.61
100,"x7","SETAR(2,2,[2])","Pearson","MAE","p2",10.9
100,"x7","SETAR(2,2,[2])","Pearson","MAE","p3",6.1
100,"x8","ARIMA(2,1,1) 
Differentiated","Pearson","MAE","p1",19.805
100,"x8","ARIMA(2,1,1) 
Differentiated","Pearson","MAE","p2",11.605
100,"x8","ARIMA(2,1,1) 
Differentiated","Pearson","MAE","p3",6.45
100,"x9","SARIMA(4,0,0) × (2,0,0)[12]","Pearson","MAE","p1",3.965
100,"x9","SARIMA(4,0,0) × (2,0,0)[12]","Pearson","MAE","p2",7.79
100,"x9","SARIMA(4,0,0) × (2,0,0)[12]","Pearson","MAE","p3",13.32
500,"x1","AR(5)","Pearson","MAE","p1",11.775
500,"x1","AR(5)","Pearson","MAE","p2",4.955
500,"x1","AR(5)","Pearson","MAE","p3",3.025
500,"x10","SARIMA(4,0,0) × (2,0,0)[12] 
Additive decomposition","Pearson","MAE","p1",2.635
500,"x10","SARIMA(4,0,0) × (2,0,0)[12] 
Additive decomposition","Pearson","MAE","p2",2.485
500,"x10","SARIMA(4,0,0) × (2,0,0)[12] 
Additive decomposition","Pearson","MAE","p3",4.865
500,"x11","SARIMA(4,0,0) × (2,0,0)[12] 
 Multiplicative decomposition","Pearson","MAE","p1",12.45
500,"x11","SARIMA(4,0,0) × (2,0,0)[12] 
 Multiplicative decomposition","Pearson","MAE","p2",19.83
500,"x11","SARIMA(4,0,0) × (2,0,0)[12] 
 Multiplicative decomposition","Pearson","MAE","p3",22.52
500,"x12","ARMA(1,0,1)-GARCH(1,1)","Pearson","MAE","p1",14.845
500,"x12","ARMA(1,0,1)-GARCH(1,1)","Pearson","MAE","p2",6.39
500,"x12","ARMA(1,0,1)-GARCH(1,1)","Pearson","MAE","p3",2.785
500,"x13","ARIMA(3,1,0)","Pearson","MAE","p1",13.155
500,"x13","ARIMA(3,1,0)","Pearson","MAE","p2",4.27
500,"x13","ARIMA(3,1,0)","Pearson","MAE","p3",2.315
500,"x14","ARIMA(3,1,0) 
Differentiated","Pearson","MAE","p1",13.135
500,"x14","ARIMA(3,1,0) 
Differentiated","Pearson","MAE","p2",5.22
500,"x14","ARIMA(3,1,0) 
Differentiated","Pearson","MAE","p3",2.975
500,"x2","ARMA(1,3)","Pearson","MAE","p1",13.65
500,"x2","ARMA(1,3)","Pearson","MAE","p2",6.64
500,"x2","ARMA(1,3)","Pearson","MAE","p3",3.345
500,"x3","ARIMA(2,1,1)","Pearson","MAE","p1",13.965
500,"x3","ARIMA(2,1,1)","Pearson","MAE","p2",6.03
500,"x3","ARIMA(2,1,1)","Pearson","MAE","p3",2.43
500,"x4","NLAR(3)","Pearson","MAE","p1",13.865
500,"x4","NLAR(3)","Pearson","MAE","p2",6.6
500,"x4","NLAR(3)","Pearson","MAE","p3",3.135
500,"x5","NLAR(4)","Pearson","MAE","p1",12.145
500,"x5","NLAR(4)","Pearson","MAE","p2",5.8
500,"x5","NLAR(4)","Pearson","MAE","p3",3.52
500,"x6","NLARMA(2,2)","Pearson","MAE","p1",15.545
500,"x6","NLARMA(2,2)","Pearson","MAE","p2",6.16
500,"x6","NLARMA(2,2)","Pearson","MAE","p3",2.46
500,"x7","SETAR(2,2,[2])","Pearson","MAE","p1",14.465
500,"x7","SETAR(2,2,[2])","Pearson","MAE","p2",5.83
500,"x7","SETAR(2,2,[2])","Pearson","MAE","p3",3.15
500,"x8","ARIMA(2,1,1) 
Differentiated","Pearson","MAE","p1",12.505
500,"x8","ARIMA(2,1,1) 
Differentiated","Pearson","MAE","p2",5.645
500,"x8","ARIMA(2,1,1) 
Differentiated","Pearson","MAE","p3",2.52
500,"x9","SARIMA(4,0,0) × (2,0,0)[12]","Pearson","MAE","p1",2.225
500,"x9","SARIMA(4,0,0) × (2,0,0)[12]","Pearson","MAE","p2",5.125
500,"x9","SARIMA(4,0,0) × (2,0,0)[12]","Pearson","MAE","p3",8.855
1000,"x1","AR(5)","Pearson","MAE","p1",11.5
1000,"x1","AR(5)","Pearson","MAE","p2",4.87
1000,"x1","AR(5)","Pearson","MAE","p3",2.97
1000,"x10","SARIMA(4,0,0) × (2,0,0)[12] 
Additive decomposition","Pearson","MAE","p1",3.17
1000,"x10","SARIMA(4,0,0) × (2,0,0)[12] 
Additive decomposition","Pearson","MAE","p2",1.935
1000,"x10","SARIMA(4,0,0) × (2,0,0)[12] 
Additive decomposition","Pearson","MAE","p3",2.59
1000,"x11","SARIMA(4,0,0) × (2,0,0)[12] 
 Multiplicative decomposition","Pearson","MAE","p1",12.845
1000,"x11","SARIMA(4,0,0) × (2,0,0)[12] 
 Multiplicative decomposition","Pearson","MAE","p2",19.92
1000,"x11","SARIMA(4,0,0) × (2,0,0)[12] 
 Multiplicative decomposition","Pearson","MAE","p3",22.11
1000,"x12","ARMA(1,0,1)-GARCH(1,1)","Pearson","MAE","p1",14.715
1000,"x12","ARMA(1,0,1)-GARCH(1,1)","Pearson","MAE","p2",7.115
1000,"x12","ARMA(1,0,1)-GARCH(1,1)","Pearson","MAE","p3",3.145
1000,"x13","ARIMA(3,1,0)","Pearson","MAE","p1",13.71
1000,"x13","ARIMA(3,1,0)","Pearson","MAE","p2",5.31
1000,"x13","ARIMA(3,1,0)","Pearson","MAE","p3",2.775
1000,"x14","ARIMA(3,1,0) 
Differentiated","Pearson","MAE","p1",14.225
1000,"x14","ARIMA(3,1,0) 
Differentiated","Pearson","MAE","p2",5.79
1000,"x14","ARIMA(3,1,0) 
Differentiated","Pearson","MAE","p3",3.375
1000,"x2","ARMA(1,3)","Pearson","MAE","p1",15.595
1000,"x2","ARMA(1,3)","Pearson","MAE","p2",8.5
1000,"x2","ARMA(1,3)","Pearson","MAE","p3",4.855
1000,"x3","ARIMA(2,1,1)","Pearson","MAE","p1",13.215
1000,"x3","ARIMA(2,1,1)","Pearson","MAE","p2",6.075
1000,"x3","ARIMA(2,1,1)","Pearson","MAE","p3",2.36
1000,"x4","NLAR(3)","Pearson","MAE","p1",12.7
1000,"x4","NLAR(3)","Pearson","MAE","p2",5.63
1000,"x4","NLAR(3)","Pearson","MAE","p3",3.335
1000,"x5","NLAR(4)","Pearson","MAE","p1",11.48
1000,"x5","NLAR(4)","Pearson","MAE","p2",4.43
1000,"x5","NLAR(4)","Pearson","MAE","p3",2.725
1000,"x6","NLARMA(2,2)","Pearson","MAE","p1",13.675
1000,"x6","NLARMA(2,2)","Pearson","MAE","p2",5.5
1000,"x6","NLARMA(2,2)","Pearson","MAE","p3",2.46
1000,"x7","SETAR(2,2,[2])","Pearson","MAE","p1",12.935
1000,"x7","SETAR(2,2,[2])","Pearson","MAE","p2",5.2
1000,"x7","SETAR(2,2,[2])","Pearson","MAE","p3",2.235
1000,"x8","ARIMA(2,1,1) 
Differentiated","Pearson","MAE","p1",13.635
1000,"x8","ARIMA(2,1,1) 
Differentiated","Pearson","MAE","p2",5.56
1000,"x8","ARIMA(2,1,1) 
Differentiated","Pearson","MAE","p3",1.955
1000,"x9","SARIMA(4,0,0) × (2,0,0)[12]","Pearson","MAE","p1",1.175
1000,"x9","SARIMA(4,0,0) × (2,0,0)[12]","Pearson","MAE","p2",1.975
1000,"x9","SARIMA(4,0,0) × (2,0,0)[12]","Pearson","MAE","p3",5.455
2000,"x1","AR(5)","Pearson","MAE","p1",11.135
2000,"x1","AR(5)","Pearson","MAE","p2",4.65
2000,"x1","AR(5)","Pearson","MAE","p3",2.685
2000,"x10","SARIMA(4,0,0) × (2,0,0)[12] 
Additive decomposition","Pearson","MAE","p1",4.1
2000,"x10","SARIMA(4,0,0) × (2,0,0)[12] 
Additive decomposition","Pearson","MAE","p2",2.61
2000,"x10","SARIMA(4,0,0) × (2,0,0)[12] 
Additive decomposition","Pearson","MAE","p3",1.595
2000,"x11","SARIMA(4,0,0) × (2,0,0)[12] 
 Multiplicative decomposition","Pearson","MAE","p1",12.69
2000,"x11","SARIMA(4,0,0) × (2,0,0)[12] 
 Multiplicative decomposition","Pearson","MAE","p2",20.3
2000,"x11","SARIMA(4,0,0) × (2,0,0)[12] 
 Multiplicative decomposition","Pearson","MAE","p3",22.97
2000,"x12","ARMA(1,0,1)-GARCH(1,1)","Pearson","MAE","p1",15.245
2000,"x12","ARMA(1,0,1)-GARCH(1,1)","Pearson","MAE","p2",7.385
2000,"x12","ARMA(1,0,1)-GARCH(1,1)","Pearson","MAE","p3",3.27
2000,"x13","ARIMA(3,1,0)","Pearson","MAE","p1",12.46
2000,"x13","ARIMA(3,1,0)","Pearson","MAE","p2",4.96
2000,"x13","ARIMA(3,1,0)","Pearson","MAE","p3",2.41
2000,"x14","ARIMA(3,1,0) 
Differentiated","Pearson","MAE","p1",12.595
2000,"x14","ARIMA(3,1,0) 
Differentiated","Pearson","MAE","p2",5.235
2000,"x14","ARIMA(3,1,0) 
Differentiated","Pearson","MAE","p3",3.08
2000,"x2","ARMA(1,3)","Pearson","MAE","p1",16.105
2000,"x2","ARMA(1,3)","Pearson","MAE","p2",8.415
2000,"x2","ARMA(1,3)","Pearson","MAE","p3",4.905
2000,"x3","ARIMA(2,1,1)","Pearson","MAE","p1",12.91
2000,"x3","ARIMA(2,1,1)","Pearson","MAE","p2",5.015
2000,"x3","ARIMA(2,1,1)","Pearson","MAE","p3",2.17
2000,"x4","NLAR(3)","Pearson","MAE","p1",13.51
2000,"x4","NLAR(3)","Pearson","MAE","p2",5.51
2000,"x4","NLAR(3)","Pearson","MAE","p3",2.525
2000,"x5","NLAR(4)","Pearson","MAE","p1",11.935
2000,"x5","NLAR(4)","Pearson","MAE","p2",4.09
2000,"x5","NLAR(4)","Pearson","MAE","p3",1.77
2000,"x6","NLARMA(2,2)","Pearson","MAE","p1",12.855
2000,"x6","NLARMA(2,2)","Pearson","MAE","p2",5.585
2000,"x6","NLARMA(2,2)","Pearson","MAE","p3",2.505
2000,"x7","SETAR(2,2,[2])","Pearson","MAE","p1",12.585
2000,"x7","SETAR(2,2,[2])","Pearson","MAE","p2",4.97
2000,"x7","SETAR(2,2,[2])","Pearson","MAE","p3",2.23
2000,"x8","ARIMA(2,1,1) 
Differentiated","Pearson","MAE","p1",13.42
2000,"x8","ARIMA(2,1,1) 
Differentiated","Pearson","MAE","p2",5.345
2000,"x8","ARIMA(2,1,1) 
Differentiated","Pearson","MAE","p3",1.99
2000,"x9","SARIMA(4,0,0) × (2,0,0)[12]","Pearson","MAE","p1",0.91
2000,"x9","SARIMA(4,0,0) × (2,0,0)[12]","Pearson","MAE","p2",0.88
2000,"x9","SARIMA(4,0,0) × (2,0,0)[12]","Pearson","MAE","p3",2.505
5000,"x1","AR(5)","Pearson","MAE","p1",12.565
5000,"x1","AR(5)","Pearson","MAE","p2",5.37
5000,"x1","AR(5)","Pearson","MAE","p3",3.14
5000,"x10","SARIMA(4,0,0) × (2,0,0)[12] 
Additive decomposition","Pearson","MAE","p1",6.79
5000,"x10","SARIMA(4,0,0) × (2,0,0)[12] 
Additive decomposition","Pearson","MAE","p2",5.55
5000,"x10","SARIMA(4,0,0) × (2,0,0)[12] 
Additive decomposition","Pearson","MAE","p3",4.345
5000,"x11","SARIMA(4,0,0) × (2,0,0)[12] 
 Multiplicative decomposition","Pearson","MAE","p1",14.08
5000,"x11","SARIMA(4,0,0) × (2,0,0)[12] 
 Multiplicative decomposition","Pearson","MAE","p2",21.485
5000,"x11","SARIMA(4,0,0) × (2,0,0)[12] 
 Multiplicative decomposition","Pearson","MAE","p3",22.99
5000,"x12","ARMA(1,0,1)-GARCH(1,1)","Pearson","MAE","p1",16.895
5000,"x12","ARMA(1,0,1)-GARCH(1,1)","Pearson","MAE","p2",8.185
5000,"x12","ARMA(1,0,1)-GARCH(1,1)","Pearson","MAE","p3",4.19
5000,"x13","ARIMA(3,1,0)","Pearson","MAE","p1",14.06
5000,"x13","ARIMA(3,1,0)","Pearson","MAE","p2",5.705
5000,"x13","ARIMA(3,1,0)","Pearson","MAE","p3",2.165
5000,"x14","ARIMA(3,1,0) 
Differentiated","Pearson","MAE","p1",14.17
5000,"x14","ARIMA(3,1,0) 
Differentiated","Pearson","MAE","p2",6.375
5000,"x14","ARIMA(3,1,0) 
Differentiated","Pearson","MAE","p3",3.185
5000,"x2","ARMA(1,3)","Pearson","MAE","p1",18.21
5000,"x2","ARMA(1,3)","Pearson","MAE","p2",11.285
5000,"x2","ARMA(1,3)","Pearson","MAE","p3",6.85
5000,"x3","ARIMA(2,1,1)","Pearson","MAE","p1",15.585
5000,"x3","ARIMA(2,1,1)","Pearson","MAE","p2",6.96
5000,"x3","ARIMA(2,1,1)","Pearson","MAE","p3",3.49
5000,"x4","NLAR(3)","Pearson","MAE","p1",13.53
5000,"x4","NLAR(3)","Pearson","MAE","p2",5.245
5000,"x4","NLAR(3)","Pearson","MAE","p3",2.19
5000,"x5","NLAR(4)","Pearson","MAE","p1",14.51
5000,"x5","NLAR(4)","Pearson","MAE","p2",6.365
5000,"x5","NLAR(4)","Pearson","MAE","p3",2.915
5000,"x6","NLARMA(2,2)","Pearson","MAE","p1",16.18
5000,"x6","NLARMA(2,2)","Pearson","MAE","p2",7.745
5000,"x6","NLARMA(2,2)","Pearson","MAE","p3",3.47
5000,"x7","SETAR(2,2,[2])","Pearson","MAE","p1",15.81
5000,"x7","SETAR(2,2,[2])","Pearson","MAE","p2",6.84
5000,"x7","SETAR(2,2,[2])","Pearson","MAE","p3",2.435
5000,"x8","ARIMA(2,1,1) 
Differentiated","Pearson","MAE","p1",14.955
5000,"x8","ARIMA(2,1,1) 
Differentiated","Pearson","MAE","p2",6.12
5000,"x8","ARIMA(2,1,1) 
Differentiated","Pearson","MAE","p3",2.11
5000,"x9","SARIMA(4,0,0) × (2,0,0)[12]","Pearson","MAE","p1",1.765
5000,"x9","SARIMA(4,0,0) × (2,0,0)[12]","Pearson","MAE","p2",0.72
5000,"x9","SARIMA(4,0,0) × (2,0,0)[12]","Pearson","MAE","p3",1.185
100,"x1","AR(5)","Spearman","MAE","p1",17.36
100,"x1","AR(5)","Spearman","MAE","p2",11.09
100,"x1","AR(5)","Spearman","MAE","p3",6.815
100,"x10","SARIMA(4,0,0) × (2,0,0)[12] 
Additive decomposition","Spearman","MAE","p1",3.31
100,"x10","SARIMA(4,0,0) × (2,0,0)[12] 
Additive decomposition","Spearman","MAE","p2",5.84
100,"x10","SARIMA(4,0,0) × (2,0,0)[12] 
Additive decomposition","Spearman","MAE","p3",10.83
100,"x11","SARIMA(4,0,0) × (2,0,0)[12] 
 Multiplicative decomposition","Spearman","MAE","p1",5.855
100,"x11","SARIMA(4,0,0) × (2,0,0)[12] 
 Multiplicative decomposition","Spearman","MAE","p2",11.36
100,"x11","SARIMA(4,0,0) × (2,0,0)[12] 
 Multiplicative decomposition","Spearman","MAE","p3",16.455
100,"x12","ARMA(1,0,1)-GARCH(1,1)","Spearman","MAE","p1",21.225
100,"x12","ARMA(1,0,1)-GARCH(1,1)","Spearman","MAE","p2",12.315
100,"x12","ARMA(1,0,1)-GARCH(1,1)","Spearman","MAE","p3",6.525
100,"x13","ARIMA(3,1,0)","Spearman","MAE","p1",19.475
100,"x13","ARIMA(3,1,0)","Spearman","MAE","p2",11.715
100,"x13","ARIMA(3,1,0)","Spearman","MAE","p3",6.395
100,"x14","ARIMA(3,1,0) 
Differentiated","Spearman","MAE","p1",18.705
100,"x14","ARIMA(3,1,0) 
Differentiated","Spearman","MAE","p2",10.96
100,"x14","ARIMA(3,1,0) 
Differentiated","Spearman","MAE","p3",6.32
100,"x2","ARMA(1,3)","Spearman","MAE","p1",21.05
100,"x2","ARMA(1,3)","Spearman","MAE","p2",12.14
100,"x2","ARMA(1,3)","Spearman","MAE","p3",6.29
100,"x3","ARIMA(2,1,1)","Spearman","MAE","p1",19.775
100,"x3","ARIMA(2,1,1)","Spearman","MAE","p2",12.36
100,"x3","ARIMA(2,1,1)","Spearman","MAE","p3",6.995
100,"x4","NLAR(3)","Spearman","MAE","p1",19.995
100,"x4","NLAR(3)","Spearman","MAE","p2",12.625
100,"x4","NLAR(3)","Spearman","MAE","p3",7.22
100,"x5","NLAR(4)","Spearman","MAE","p1",16.91
100,"x5","NLAR(4)","Spearman","MAE","p2",10.545
100,"x5","NLAR(4)","Spearman","MAE","p3",6.625
100,"x6","NLARMA(2,2)","Spearman","MAE","p1",19.65
100,"x6","NLARMA(2,2)","Spearman","MAE","p2",11.77
100,"x6","NLARMA(2,2)","Spearman","MAE","p3",6.22
100,"x7","SETAR(2,2,[2])","Spearman","MAE","p1",19.285
100,"x7","SETAR(2,2,[2])","Spearman","MAE","p2",11.05
100,"x7","SETAR(2,2,[2])","Spearman","MAE","p3",6.23
100,"x8","ARIMA(2,1,1) 
Differentiated","Spearman","MAE","p1",20.64
100,"x8","ARIMA(2,1,1) 
Differentiated","Spearman","MAE","p2",12.745
100,"x8","ARIMA(2,1,1) 
Differentiated","Spearman","MAE","p3",6.44
100,"x9","SARIMA(4,0,0) × (2,0,0)[12]","Spearman","MAE","p1",4.51
100,"x9","SARIMA(4,0,0) × (2,0,0)[12]","Spearman","MAE","p2",8.44
100,"x9","SARIMA(4,0,0) × (2,0,0)[12]","Spearman","MAE","p3",13.945
500,"x1","AR(5)","Spearman","MAE","p1",12.235
500,"x1","AR(5)","Spearman","MAE","p2",5.275
500,"x1","AR(5)","Spearman","MAE","p3",3.435
500,"x10","SARIMA(4,0,0) × (2,0,0)[12] 
Additive decomposition","Spearman","MAE","p1",3.025
500,"x10","SARIMA(4,0,0) × (2,0,0)[12] 
Additive decomposition","Spearman","MAE","p2",5.9
500,"x10","SARIMA(4,0,0) × (2,0,0)[12] 
Additive decomposition","Spearman","MAE","p3",9.44
500,"x11","SARIMA(4,0,0) × (2,0,0)[12] 
 Multiplicative decomposition","Spearman","MAE","p1",9.055
500,"x11","SARIMA(4,0,0) × (2,0,0)[12] 
 Multiplicative decomposition","Spearman","MAE","p2",16.015
500,"x11","SARIMA(4,0,0) × (2,0,0)[12] 
 Multiplicative decomposition","Spearman","MAE","p3",20.735
500,"x12","ARMA(1,0,1)-GARCH(1,1)","Spearman","MAE","p1",14.375
500,"x12","ARMA(1,0,1)-GARCH(1,1)","Spearman","MAE","p2",5.875
500,"x12","ARMA(1,0,1)-GARCH(1,1)","Spearman","MAE","p3",2.275
500,"x13","ARIMA(3,1,0)","Spearman","MAE","p1",14.09
500,"x13","ARIMA(3,1,0)","Spearman","MAE","p2",6.785
500,"x13","ARIMA(3,1,0)","Spearman","MAE","p3",3.765
500,"x14","ARIMA(3,1,0) 
Differentiated","Spearman","MAE","p1",12.41
500,"x14","ARIMA(3,1,0) 
Differentiated","Spearman","MAE","p2",6.185
500,"x14","ARIMA(3,1,0) 
Differentiated","Spearman","MAE","p3",3.3
500,"x2","ARMA(1,3)","Spearman","MAE","p1",14.325
500,"x2","ARMA(1,3)","Spearman","MAE","p2",6.87
500,"x2","ARMA(1,3)","Spearman","MAE","p3",3.105
500,"x3","ARIMA(2,1,1)","Spearman","MAE","p1",16.38
500,"x3","ARIMA(2,1,1)","Spearman","MAE","p2",7.77
500,"x3","ARIMA(2,1,1)","Spearman","MAE","p3",3.745
500,"x4","NLAR(3)","Spearman","MAE","p1",13.805
500,"x4","NLAR(3)","Spearman","MAE","p2",5.9
500,"x4","NLAR(3)","Spearman","MAE","p3",3.55
500,"x5","NLAR(4)","Spearman","MAE","p1",12.315
500,"x5","NLAR(4)","Spearman","MAE","p2",6.285
500,"x5","NLAR(4)","Spearman","MAE","p3",3.48
500,"x6","NLARMA(2,2)","Spearman","MAE","p1",14.265
500,"x6","NLARMA(2,2)","Spearman","MAE","p2",5.13
500,"x6","NLARMA(2,2)","Spearman","MAE","p3",2.155
500,"x7","SETAR(2,2,[2])","Spearman","MAE","p1",14.635
500,"x7","SETAR(2,2,[2])","Spearman","MAE","p2",6.45
500,"x7","SETAR(2,2,[2])","Spearman","MAE","p3",2.74
500,"x8","ARIMA(2,1,1) 
Differentiated","Spearman","MAE","p1",12.99
500,"x8","ARIMA(2,1,1) 
Differentiated","Spearman","MAE","p2",5.39
500,"x8","ARIMA(2,1,1) 
Differentiated","Spearman","MAE","p3",2.575
500,"x9","SARIMA(4,0,0) × (2,0,0)[12]","Spearman","MAE","p1",2.75
500,"x9","SARIMA(4,0,0) × (2,0,0)[12]","Spearman","MAE","p2",5.985
500,"x9","SARIMA(4,0,0) × (2,0,0)[12]","Spearman","MAE","p3",9.92
1000,"x1","AR(5)","Spearman","MAE","p1",11.83
1000,"x1","AR(5)","Spearman","MAE","p2",4.81
1000,"x1","AR(5)","Spearman","MAE","p3",2.86
1000,"x10","SARIMA(4,0,0) × (2,0,0)[12] 
Additive decomposition","Spearman","MAE","p1",1.77
1000,"x10","SARIMA(4,0,0) × (2,0,0)[12] 
Additive decomposition","Spearman","MAE","p2",3.655
1000,"x10","SARIMA(4,0,0) × (2,0,0)[12] 
Additive decomposition","Spearman","MAE","p3",7.38
1000,"x11","SARIMA(4,0,0) × (2,0,0)[12] 
 Multiplicative decomposition","Spearman","MAE","p1",5.535
1000,"x11","SARIMA(4,0,0) × (2,0,0)[12] 
 Multiplicative decomposition","Spearman","MAE","p2",11.62
1000,"x11","SARIMA(4,0,0) × (2,0,0)[12] 
 Multiplicative decomposition","Spearman","MAE","p3",17.12
1000,"x12","ARMA(1,0,1)-GARCH(1,1)","Spearman","MAE","p1",14.81
1000,"x12","ARMA(1,0,1)-GARCH(1,1)","Spearman","MAE","p2",6.95
1000,"x12","ARMA(1,0,1)-GARCH(1,1)","Spearman","MAE","p3",3.08
1000,"x13","ARIMA(3,1,0)","Spearman","MAE","p1",15.97
1000,"x13","ARIMA(3,1,0)","Spearman","MAE","p2",8.41
1000,"x13","ARIMA(3,1,0)","Spearman","MAE","p3",4.145
1000,"x14","ARIMA(3,1,0) 
Differentiated","Spearman","MAE","p1",14.175
1000,"x14","ARIMA(3,1,0) 
Differentiated","Spearman","MAE","p2",6.175
1000,"x14","ARIMA(3,1,0) 
Differentiated","Spearman","MAE","p3",3.7
1000,"x2","ARMA(1,3)","Spearman","MAE","p1",15.645
1000,"x2","ARMA(1,3)","Spearman","MAE","p2",7.46
1000,"x2","ARMA(1,3)","Spearman","MAE","p3",4.15
1000,"x3","ARIMA(2,1,1)","Spearman","MAE","p1",15.985
1000,"x3","ARIMA(2,1,1)","Spearman","MAE","p2",8.48
1000,"x3","ARIMA(2,1,1)","Spearman","MAE","p3",3.88
1000,"x4","NLAR(3)","Spearman","MAE","p1",13.015
1000,"x4","NLAR(3)","Spearman","MAE","p2",5.54
1000,"x4","NLAR(3)","Spearman","MAE","p3",3.25
1000,"x5","NLAR(4)","Spearman","MAE","p1",11.935
1000,"x5","NLAR(4)","Spearman","MAE","p2",3.71
1000,"x5","NLAR(4)","Spearman","MAE","p3",2.78
1000,"x6","NLARMA(2,2)","Spearman","MAE","p1",13.07
1000,"x6","NLARMA(2,2)","Spearman","MAE","p2",5.44
1000,"x6","NLARMA(2,2)","Spearman","MAE","p3",2.495
1000,"x7","SETAR(2,2,[2])","Spearman","MAE","p1",13.39
1000,"x7","SETAR(2,2,[2])","Spearman","MAE","p2",5.44
1000,"x7","SETAR(2,2,[2])","Spearman","MAE","p3",2.455
1000,"x8","ARIMA(2,1,1) 
Differentiated","Spearman","MAE","p1",13.44
1000,"x8","ARIMA(2,1,1) 
Differentiated","Spearman","MAE","p2",4.825
1000,"x8","ARIMA(2,1,1) 
Differentiated","Spearman","MAE","p3",1.87
1000,"x9","SARIMA(4,0,0) × (2,0,0)[12]","Spearman","MAE","p1",1.53
1000,"x9","SARIMA(4,0,0) × (2,0,0)[12]","Spearman","MAE","p2",3.225
1000,"x9","SARIMA(4,0,0) × (2,0,0)[12]","Spearman","MAE","p3",7.235
2000,"x1","AR(5)","Spearman","MAE","p1",11.435
2000,"x1","AR(5)","Spearman","MAE","p2",5.085
2000,"x1","AR(5)","Spearman","MAE","p3",3.03
2000,"x10","SARIMA(4,0,0) × (2,0,0)[12] 
Additive decomposition","Spearman","MAE","p1",1.115
2000,"x10","SARIMA(4,0,0) × (2,0,0)[12] 
Additive decomposition","Spearman","MAE","p2",1.51
2000,"x10","SARIMA(4,0,0) × (2,0,0)[12] 
Additive decomposition","Spearman","MAE","p3",4.135
2000,"x11","SARIMA(4,0,0) × (2,0,0)[12] 
 Multiplicative decomposition","Spearman","MAE","p1",4.01
2000,"x11","SARIMA(4,0,0) × (2,0,0)[12] 
 Multiplicative decomposition","Spearman","MAE","p2",8.24
2000,"x11","SARIMA(4,0,0) × (2,0,0)[12] 
 Multiplicative decomposition","Spearman","MAE","p3",13.745
2000,"x12","ARMA(1,0,1)-GARCH(1,1)","Spearman","MAE","p1",15.045
2000,"x12","ARMA(1,0,1)-GARCH(1,1)","Spearman","MAE","p2",7.065
2000,"x12","ARMA(1,0,1)-GARCH(1,1)","Spearman","MAE","p3",3.08
2000,"x13","ARIMA(3,1,0)","Spearman","MAE","p1",16.745
2000,"x13","ARIMA(3,1,0)","Spearman","MAE","p2",9.305
2000,"x13","ARIMA(3,1,0)","Spearman","MAE","p3",4.78
2000,"x14","ARIMA(3,1,0) 
Differentiated","Spearman","MAE","p1",12.415
2000,"x14","ARIMA(3,1,0) 
Differentiated","Spearman","MAE","p2",5.29
2000,"x14","ARIMA(3,1,0) 
Differentiated","Spearman","MAE","p3",3.135
2000,"x2","ARMA(1,3)","Spearman","MAE","p1",15.37
2000,"x2","ARMA(1,3)","Spearman","MAE","p2",7.68
2000,"x2","ARMA(1,3)","Spearman","MAE","p3",4.175
2000,"x3","ARIMA(2,1,1)","Spearman","MAE","p1",16.435
2000,"x3","ARIMA(2,1,1)","Spearman","MAE","p2",8.635
2000,"x3","ARIMA(2,1,1)","Spearman","MAE","p3",4.485
2000,"x4","NLAR(3)","Spearman","MAE","p1",13.47
2000,"x4","NLAR(3)","Spearman","MAE","p2",5.575
2000,"x4","NLAR(3)","Spearman","MAE","p3",2.57
2000,"x5","NLAR(4)","Spearman","MAE","p1",12.225
2000,"x5","NLAR(4)","Spearman","MAE","p2",3.735
2000,"x5","NLAR(4)","Spearman","MAE","p3",2.05
2000,"x6","NLARMA(2,2)","Spearman","MAE","p1",13.56
2000,"x6","NLARMA(2,2)","Spearman","MAE","p2",5.41
2000,"x6","NLARMA(2,2)","Spearman","MAE","p3",2.15
2000,"x7","SETAR(2,2,[2])","Spearman","MAE","p1",12.625
2000,"x7","SETAR(2,2,[2])","Spearman","MAE","p2",4.795
2000,"x7","SETAR(2,2,[2])","Spearman","MAE","p3",2.395
2000,"x8","ARIMA(2,1,1) 
Differentiated","Spearman","MAE","p1",12.445
2000,"x8","ARIMA(2,1,1) 
Differentiated","Spearman","MAE","p2",4.275
2000,"x8","ARIMA(2,1,1) 
Differentiated","Spearman","MAE","p3",2.055
2000,"x9","SARIMA(4,0,0) × (2,0,0)[12]","Spearman","MAE","p1",1.065
2000,"x9","SARIMA(4,0,0) × (2,0,0)[12]","Spearman","MAE","p2",1.32
2000,"x9","SARIMA(4,0,0) × (2,0,0)[12]","Spearman","MAE","p3",4.1
5000,"x1","AR(5)","Spearman","MAE","p1",12.12
5000,"x1","AR(5)","Spearman","MAE","p2",5.055
5000,"x1","AR(5)","Spearman","MAE","p3",2.96
5000,"x10","SARIMA(4,0,0) × (2,0,0)[12] 
Additive decomposition","Spearman","MAE","p1",2.23
5000,"x10","SARIMA(4,0,0) × (2,0,0)[12] 
Additive decomposition","Spearman","MAE","p2",0.915
5000,"x10","SARIMA(4,0,0) × (2,0,0)[12] 
Additive decomposition","Spearman","MAE","p3",1.81
5000,"x11","SARIMA(4,0,0) × (2,0,0)[12] 
 Multiplicative decomposition","Spearman","MAE","p1",3.515
5000,"x11","SARIMA(4,0,0) × (2,0,0)[12] 
 Multiplicative decomposition","Spearman","MAE","p2",3.93
5000,"x11","SARIMA(4,0,0) × (2,0,0)[12] 
 Multiplicative decomposition","Spearman","MAE","p3",7.06
5000,"x12","ARMA(1,0,1)-GARCH(1,1)","Spearman","MAE","p1",16.315
5000,"x12","ARMA(1,0,1)-GARCH(1,1)","Spearman","MAE","p2",7.87
5000,"x12","ARMA(1,0,1)-GARCH(1,1)","Spearman","MAE","p3",3.595
5000,"x13","ARIMA(3,1,0)","Spearman","MAE","p1",18.725
5000,"x13","ARIMA(3,1,0)","Spearman","MAE","p2",11.49
5000,"x13","ARIMA(3,1,0)","Spearman","MAE","p3",6.215
5000,"x14","ARIMA(3,1,0) 
Differentiated","Spearman","MAE","p1",13.99
5000,"x14","ARIMA(3,1,0) 
Differentiated","Spearman","MAE","p2",5.83
5000,"x14","ARIMA(3,1,0) 
Differentiated","Spearman","MAE","p3",2.69
5000,"x2","ARMA(1,3)","Spearman","MAE","p1",18.12
5000,"x2","ARMA(1,3)","Spearman","MAE","p2",10.015
5000,"x2","ARMA(1,3)","Spearman","MAE","p3",5.745
5000,"x3","ARIMA(2,1,1)","Spearman","MAE","p1",19.24
5000,"x3","ARIMA(2,1,1)","Spearman","MAE","p2",11.725
5000,"x3","ARIMA(2,1,1)","Spearman","MAE","p3",6.36
5000,"x4","NLAR(3)","Spearman","MAE","p1",12.805
5000,"x4","NLAR(3)","Spearman","MAE","p2",5.11
5000,"x4","NLAR(3)","Spearman","MAE","p3",2.165
5000,"x5","NLAR(4)","Spearman","MAE","p1",14.41
5000,"x5","NLAR(4)","Spearman","MAE","p2",6.305
5000,"x5","NLAR(4)","Spearman","MAE","p3",3.12
5000,"x6","NLARMA(2,2)","Spearman","MAE","p1",16.485
5000,"x6","NLARMA(2,2)","Spearman","MAE","p2",7.64
5000,"x6","NLARMA(2,2)","Spearman","MAE","p3",3.2
5000,"x7","SETAR(2,2,[2])","Spearman","MAE","p1",14.815
5000,"x7","SETAR(2,2,[2])","Spearman","MAE","p2",6.165
5000,"x7","SETAR(2,2,[2])","Spearman","MAE","p3",2.855
5000,"x8","ARIMA(2,1,1) 
Differentiated","Spearman","MAE","p1",13.79
5000,"x8","ARIMA(2,1,1) 
Differentiated","Spearman","MAE","p2",6.31
5000,"x8","ARIMA(2,1,1) 
Differentiated","Spearman","MAE","p3",2.315
5000,"x9","SARIMA(4,0,0) × (2,0,0)[12]","Spearman","MAE","p1",1.66
5000,"x9","SARIMA(4,0,0) × (2,0,0)[12]","Spearman","MAE","p2",0.78
5000,"x9","SARIMA(4,0,0) × (2,0,0)[12]","Spearman","MAE","p3",1.54
100,"x1","AR(5)","Xi","MAE","p1",17.86
100,"x1","AR(5)","Xi","MAE","p2",11.825
100,"x1","AR(5)","Xi","MAE","p3",8.23
100,"x10","SARIMA(4,0,0) × (2,0,0)[12] 
Additive decomposition","Xi","MAE","p1",5.11
100,"x10","SARIMA(4,0,0) × (2,0,0)[12] 
Additive decomposition","Xi","MAE","p2",9.635
100,"x10","SARIMA(4,0,0) × (2,0,0)[12] 
Additive decomposition","Xi","MAE","p3",15.185
100,"x11","SARIMA(4,0,0) × (2,0,0)[12] 
 Multiplicative decomposition","Xi","MAE","p1",5.835
100,"x11","SARIMA(4,0,0) × (2,0,0)[12] 
 Multiplicative decomposition","Xi","MAE","p2",9.93
100,"x11","SARIMA(4,0,0) × (2,0,0)[12] 
 Multiplicative decomposition","Xi","MAE","p3",15.64
100,"x12","ARMA(1,0,1)-GARCH(1,1)","Xi","MAE","p1",22.17
100,"x12","ARMA(1,0,1)-GARCH(1,1)","Xi","MAE","p2",15.86
100,"x12","ARMA(1,0,1)-GARCH(1,1)","Xi","MAE","p3",10.795
100,"x13","ARIMA(3,1,0)","Xi","MAE","p1",21.99
100,"x13","ARIMA(3,1,0)","Xi","MAE","p2",17.18
100,"x13","ARIMA(3,1,0)","Xi","MAE","p3",12.97
100,"x14","ARIMA(3,1,0) 
Differentiated","Xi","MAE","p1",19.79
100,"x14","ARIMA(3,1,0) 
Differentiated","Xi","MAE","p2",13.7
100,"x14","ARIMA(3,1,0) 
Differentiated","Xi","MAE","p3",9.79
100,"x2","ARMA(1,3)","Xi","MAE","p1",22.05
100,"x2","ARMA(1,3)","Xi","MAE","p2",14.915
100,"x2","ARMA(1,3)","Xi","MAE","p3",8.625
100,"x3","ARIMA(2,1,1)","Xi","MAE","p1",22.61
100,"x3","ARIMA(2,1,1)","Xi","MAE","p2",16.735
100,"x3","ARIMA(2,1,1)","Xi","MAE","p3",11.84
100,"x4","NLAR(3)","Xi","MAE","p1",NA
100,"x4","NLAR(3)","Xi","MAE","p2",NA
100,"x4","NLAR(3)","Xi","MAE","p3",NA
100,"x5","NLAR(4)","Xi","MAE","p1",NA
100,"x5","NLAR(4)","Xi","MAE","p2",NA
100,"x5","NLAR(4)","Xi","MAE","p3",9.76
100,"x6","NLARMA(2,2)","Xi","MAE","p1",NA
100,"x6","NLARMA(2,2)","Xi","MAE","p2",NA
100,"x6","NLARMA(2,2)","Xi","MAE","p3",17.225
100,"x7","SETAR(2,2,[2])","Xi","MAE","p1",21.525
100,"x7","SETAR(2,2,[2])","Xi","MAE","p2",14.335
100,"x7","SETAR(2,2,[2])","Xi","MAE","p3",8.745
100,"x8","ARIMA(2,1,1) 
Differentiated","Xi","MAE","p1",20.17
100,"x8","ARIMA(2,1,1) 
Differentiated","Xi","MAE","p2",13.14
100,"x8","ARIMA(2,1,1) 
Differentiated","Xi","MAE","p3",7.47
100,"x9","SARIMA(4,0,0) × (2,0,0)[12]","Xi","MAE","p1",5.775
100,"x9","SARIMA(4,0,0) × (2,0,0)[12]","Xi","MAE","p2",10.39
100,"x9","SARIMA(4,0,0) × (2,0,0)[12]","Xi","MAE","p3",16.395
500,"x1","AR(5)","Xi","MAE","p1",12.165
500,"x1","AR(5)","Xi","MAE","p2",6.11
500,"x1","AR(5)","Xi","MAE","p3",4.66
500,"x10","SARIMA(4,0,0) × (2,0,0)[12] 
Additive decomposition","Xi","MAE","p1",8.635
500,"x10","SARIMA(4,0,0) × (2,0,0)[12] 
Additive decomposition","Xi","MAE","p2",15.62
500,"x10","SARIMA(4,0,0) × (2,0,0)[12] 
Additive decomposition","Xi","MAE","p3",19.86
500,"x11","SARIMA(4,0,0) × (2,0,0)[12] 
 Multiplicative decomposition","Xi","MAE","p1",7.095
500,"x11","SARIMA(4,0,0) × (2,0,0)[12] 
 Multiplicative decomposition","Xi","MAE","p2",13.095
500,"x11","SARIMA(4,0,0) × (2,0,0)[12] 
 Multiplicative decomposition","Xi","MAE","p3",18.505
500,"x12","ARMA(1,0,1)-GARCH(1,1)","Xi","MAE","p1",17.205
500,"x12","ARMA(1,0,1)-GARCH(1,1)","Xi","MAE","p2",9.3
500,"x12","ARMA(1,0,1)-GARCH(1,1)","Xi","MAE","p3",4.425
500,"x13","ARIMA(3,1,0)","Xi","MAE","p1",16.6
500,"x13","ARIMA(3,1,0)","Xi","MAE","p2",9.66
500,"x13","ARIMA(3,1,0)","Xi","MAE","p3",5.935
500,"x14","ARIMA(3,1,0) 
Differentiated","Xi","MAE","p1",14.73
500,"x14","ARIMA(3,1,0) 
Differentiated","Xi","MAE","p2",6.705
500,"x14","ARIMA(3,1,0) 
Differentiated","Xi","MAE","p3",3.84
500,"x2","ARMA(1,3)","Xi","MAE","p1",15.565
500,"x2","ARMA(1,3)","Xi","MAE","p2",7.295
500,"x2","ARMA(1,3)","Xi","MAE","p3",3.355
500,"x3","ARIMA(2,1,1)","Xi","MAE","p1",16.98
500,"x3","ARIMA(2,1,1)","Xi","MAE","p2",10.675
500,"x3","ARIMA(2,1,1)","Xi","MAE","p3",6.435
500,"x4","NLAR(3)","Xi","MAE","p1",16.59
500,"x4","NLAR(3)","Xi","MAE","p2",10.225
500,"x4","NLAR(3)","Xi","MAE","p3",5.735
500,"x5","NLAR(4)","Xi","MAE","p1",15.285
500,"x5","NLAR(4)","Xi","MAE","p2",8.55
500,"x5","NLAR(4)","Xi","MAE","p3",5.94
500,"x6","NLARMA(2,2)","Xi","MAE","p1",21.68
500,"x6","NLARMA(2,2)","Xi","MAE","p2",15.395
500,"x6","NLARMA(2,2)","Xi","MAE","p3",9.96
500,"x7","SETAR(2,2,[2])","Xi","MAE","p1",15.535
500,"x7","SETAR(2,2,[2])","Xi","MAE","p2",7.8
500,"x7","SETAR(2,2,[2])","Xi","MAE","p3",3.88
500,"x8","ARIMA(2,1,1) 
Differentiated","Xi","MAE","p1",15.375
500,"x8","ARIMA(2,1,1) 
Differentiated","Xi","MAE","p2",6.595
500,"x8","ARIMA(2,1,1) 
Differentiated","Xi","MAE","p3",2.89
500,"x9","SARIMA(4,0,0) × (2,0,0)[12]","Xi","MAE","p1",7.75
500,"x9","SARIMA(4,0,0) × (2,0,0)[12]","Xi","MAE","p2",14.73
500,"x9","SARIMA(4,0,0) × (2,0,0)[12]","Xi","MAE","p3",19.3
1000,"x1","AR(5)","Xi","MAE","p1",13.3
1000,"x1","AR(5)","Xi","MAE","p2",5.82
1000,"x1","AR(5)","Xi","MAE","p3",3.83
1000,"x10","SARIMA(4,0,0) × (2,0,0)[12] 
Additive decomposition","Xi","MAE","p1",8.315
1000,"x10","SARIMA(4,0,0) × (2,0,0)[12] 
Additive decomposition","Xi","MAE","p2",14.725
1000,"x10","SARIMA(4,0,0) × (2,0,0)[12] 
Additive decomposition","Xi","MAE","p3",19.46
1000,"x11","SARIMA(4,0,0) × (2,0,0)[12] 
 Multiplicative decomposition","Xi","MAE","p1",5.755
1000,"x11","SARIMA(4,0,0) × (2,0,0)[12] 
 Multiplicative decomposition","Xi","MAE","p2",11.02
1000,"x11","SARIMA(4,0,0) × (2,0,0)[12] 
 Multiplicative decomposition","Xi","MAE","p3",16.385
1000,"x12","ARMA(1,0,1)-GARCH(1,1)","Xi","MAE","p1",15.9
1000,"x12","ARMA(1,0,1)-GARCH(1,1)","Xi","MAE","p2",6.66
1000,"x12","ARMA(1,0,1)-GARCH(1,1)","Xi","MAE","p3",3.225
1000,"x13","ARIMA(3,1,0)","Xi","MAE","p1",16.495
1000,"x13","ARIMA(3,1,0)","Xi","MAE","p2",9.515
1000,"x13","ARIMA(3,1,0)","Xi","MAE","p3",5.935
1000,"x14","ARIMA(3,1,0) 
Differentiated","Xi","MAE","p1",14.08
1000,"x14","ARIMA(3,1,0) 
Differentiated","Xi","MAE","p2",6.06
1000,"x14","ARIMA(3,1,0) 
Differentiated","Xi","MAE","p3",3.55
1000,"x2","ARMA(1,3)","Xi","MAE","p1",16.32
1000,"x2","ARMA(1,3)","Xi","MAE","p2",7.82
1000,"x2","ARMA(1,3)","Xi","MAE","p3",3.5
1000,"x3","ARIMA(2,1,1)","Xi","MAE","p1",17.55
1000,"x3","ARIMA(2,1,1)","Xi","MAE","p2",10.755
1000,"x3","ARIMA(2,1,1)","Xi","MAE","p3",6.98
1000,"x4","NLAR(3)","Xi","MAE","p1",16.465
1000,"x4","NLAR(3)","Xi","MAE","p2",9.325
1000,"x4","NLAR(3)","Xi","MAE","p3",6.01
1000,"x5","NLAR(4)","Xi","MAE","p1",13.975
1000,"x5","NLAR(4)","Xi","MAE","p2",7.29
1000,"x5","NLAR(4)","Xi","MAE","p3",4.535
1000,"x6","NLARMA(2,2)","Xi","MAE","p1",21.085
1000,"x6","NLARMA(2,2)","Xi","MAE","p2",14
1000,"x6","NLARMA(2,2)","Xi","MAE","p3",9.335
1000,"x7","SETAR(2,2,[2])","Xi","MAE","p1",14.64
1000,"x7","SETAR(2,2,[2])","Xi","MAE","p2",6.94
1000,"x7","SETAR(2,2,[2])","Xi","MAE","p3",3.305
1000,"x8","ARIMA(2,1,1) 
Differentiated","Xi","MAE","p1",13.625
1000,"x8","ARIMA(2,1,1) 
Differentiated","Xi","MAE","p2",5.17
1000,"x8","ARIMA(2,1,1) 
Differentiated","Xi","MAE","p3",2.08
1000,"x9","SARIMA(4,0,0) × (2,0,0)[12]","Xi","MAE","p1",7.245
1000,"x9","SARIMA(4,0,0) × (2,0,0)[12]","Xi","MAE","p2",14.03
1000,"x9","SARIMA(4,0,0) × (2,0,0)[12]","Xi","MAE","p3",19.25
2000,"x1","AR(5)","Xi","MAE","p1",11.795
2000,"x1","AR(5)","Xi","MAE","p2",5.165
2000,"x1","AR(5)","Xi","MAE","p3",3.375
2000,"x10","SARIMA(4,0,0) × (2,0,0)[12] 
Additive decomposition","Xi","MAE","p1",7.705
2000,"x10","SARIMA(4,0,0) × (2,0,0)[12] 
Additive decomposition","Xi","MAE","p2",13.54
2000,"x10","SARIMA(4,0,0) × (2,0,0)[12] 
Additive decomposition","Xi","MAE","p3",18.19
2000,"x11","SARIMA(4,0,0) × (2,0,0)[12] 
 Multiplicative decomposition","Xi","MAE","p1",3.86
2000,"x11","SARIMA(4,0,0) × (2,0,0)[12] 
 Multiplicative decomposition","Xi","MAE","p2",8.19
2000,"x11","SARIMA(4,0,0) × (2,0,0)[12] 
 Multiplicative decomposition","Xi","MAE","p3",13.905
2000,"x12","ARMA(1,0,1)-GARCH(1,1)","Xi","MAE","p1",16.195
2000,"x12","ARMA(1,0,1)-GARCH(1,1)","Xi","MAE","p2",6.59
2000,"x12","ARMA(1,0,1)-GARCH(1,1)","Xi","MAE","p3",2.55
2000,"x13","ARIMA(3,1,0)","Xi","MAE","p1",17.555
2000,"x13","ARIMA(3,1,0)","Xi","MAE","p2",12.095
2000,"x13","ARIMA(3,1,0)","Xi","MAE","p3",8.22
2000,"x14","ARIMA(3,1,0) 
Differentiated","Xi","MAE","p1",13.395
2000,"x14","ARIMA(3,1,0) 
Differentiated","Xi","MAE","p2",5.79
2000,"x14","ARIMA(3,1,0) 
Differentiated","Xi","MAE","p3",3.375
2000,"x2","ARMA(1,3)","Xi","MAE","p1",14.24
2000,"x2","ARMA(1,3)","Xi","MAE","p2",6.06
2000,"x2","ARMA(1,3)","Xi","MAE","p3",2.6
2000,"x3","ARIMA(2,1,1)","Xi","MAE","p1",18.35
2000,"x3","ARIMA(2,1,1)","Xi","MAE","p2",13.32
2000,"x3","ARIMA(2,1,1)","Xi","MAE","p3",9.695
2000,"x4","NLAR(3)","Xi","MAE","p1",16.525
2000,"x4","NLAR(3)","Xi","MAE","p2",9.395
2000,"x4","NLAR(3)","Xi","MAE","p3",5.14
2000,"x5","NLAR(4)","Xi","MAE","p1",13.825
2000,"x5","NLAR(4)","Xi","MAE","p2",7.19
2000,"x5","NLAR(4)","Xi","MAE","p3",4.125
2000,"x6","NLARMA(2,2)","Xi","MAE","p1",20.27
2000,"x6","NLARMA(2,2)","Xi","MAE","p2",13.85
2000,"x6","NLARMA(2,2)","Xi","MAE","p3",8.435
2000,"x7","SETAR(2,2,[2])","Xi","MAE","p1",14.215
2000,"x7","SETAR(2,2,[2])","Xi","MAE","p2",6.355
2000,"x7","SETAR(2,2,[2])","Xi","MAE","p3",3.075
2000,"x8","ARIMA(2,1,1) 
Differentiated","Xi","MAE","p1",13.025
2000,"x8","ARIMA(2,1,1) 
Differentiated","Xi","MAE","p2",5.315
2000,"x8","ARIMA(2,1,1) 
Differentiated","Xi","MAE","p3",2.425
2000,"x9","SARIMA(4,0,0) × (2,0,0)[12]","Xi","MAE","p1",7.48
2000,"x9","SARIMA(4,0,0) × (2,0,0)[12]","Xi","MAE","p2",13.99
2000,"x9","SARIMA(4,0,0) × (2,0,0)[12]","Xi","MAE","p3",19.035
5000,"x1","AR(5)","Xi","MAE","p1",12.815
5000,"x1","AR(5)","Xi","MAE","p2",5.13
5000,"x1","AR(5)","Xi","MAE","p3",3.325
5000,"x10","SARIMA(4,0,0) × (2,0,0)[12] 
Additive decomposition","Xi","MAE","p1",6.88
5000,"x10","SARIMA(4,0,0) × (2,0,0)[12] 
Additive decomposition","Xi","MAE","p2",11.48
5000,"x10","SARIMA(4,0,0) × (2,0,0)[12] 
Additive decomposition","Xi","MAE","p3",16.02
5000,"x11","SARIMA(4,0,0) × (2,0,0)[12] 
 Multiplicative decomposition","Xi","MAE","p1",3.455
5000,"x11","SARIMA(4,0,0) × (2,0,0)[12] 
 Multiplicative decomposition","Xi","MAE","p2",4.57
5000,"x11","SARIMA(4,0,0) × (2,0,0)[12] 
 Multiplicative decomposition","Xi","MAE","p3",8.585
5000,"x12","ARMA(1,0,1)-GARCH(1,1)","Xi","MAE","p1",16.135
5000,"x12","ARMA(1,0,1)-GARCH(1,1)","Xi","MAE","p2",7.405
5000,"x12","ARMA(1,0,1)-GARCH(1,1)","Xi","MAE","p3",2.985
5000,"x13","ARIMA(3,1,0)","Xi","MAE","p1",22.3
5000,"x13","ARIMA(3,1,0)","Xi","MAE","p2",17.725
5000,"x13","ARIMA(3,1,0)","Xi","MAE","p3",14.13
5000,"x14","ARIMA(3,1,0) 
Differentiated","Xi","MAE","p1",12.395
5000,"x14","ARIMA(3,1,0) 
Differentiated","Xi","MAE","p2",4.8
5000,"x14","ARIMA(3,1,0) 
Differentiated","Xi","MAE","p3",2.87
5000,"x2","ARMA(1,3)","Xi","MAE","p1",17.19
5000,"x2","ARMA(1,3)","Xi","MAE","p2",7.555
5000,"x2","ARMA(1,3)","Xi","MAE","p3",3.02
5000,"x3","ARIMA(2,1,1)","Xi","MAE","p1",22.17
5000,"x3","ARIMA(2,1,1)","Xi","MAE","p2",17.895
5000,"x3","ARIMA(2,1,1)","Xi","MAE","p3",14.62
5000,"x4","NLAR(3)","Xi","MAE","p1",18.61
5000,"x4","NLAR(3)","Xi","MAE","p2",10.36
5000,"x4","NLAR(3)","Xi","MAE","p3",5.89
5000,"x5","NLAR(4)","Xi","MAE","p1",15.005
5000,"x5","NLAR(4)","Xi","MAE","p2",7.8
5000,"x5","NLAR(4)","Xi","MAE","p3",4.595
5000,"x6","NLARMA(2,2)","Xi","MAE","p1",22.85
5000,"x6","NLARMA(2,2)","Xi","MAE","p2",15.935
5000,"x6","NLARMA(2,2)","Xi","MAE","p3",10.935
5000,"x7","SETAR(2,2,[2])","Xi","MAE","p1",15.835
5000,"x7","SETAR(2,2,[2])","Xi","MAE","p2",7.65
5000,"x7","SETAR(2,2,[2])","Xi","MAE","p3",3.13
5000,"x8","ARIMA(2,1,1) 
Differentiated","Xi","MAE","p1",14.575
5000,"x8","ARIMA(2,1,1) 
Differentiated","Xi","MAE","p2",5.155
5000,"x8","ARIMA(2,1,1) 
Differentiated","Xi","MAE","p3",2.52
5000,"x9","SARIMA(4,0,0) × (2,0,0)[12]","Xi","MAE","p1",6.91
5000,"x9","SARIMA(4,0,0) × (2,0,0)[12]","Xi","MAE","p2",11.65
5000,"x9","SARIMA(4,0,0) × (2,0,0)[12]","Xi","MAE","p3",17.045
100,"x1","AR(5)","Codec","MAE","p1",14.7
100,"x1","AR(5)","Codec","MAE","p2",8.7
100,"x1","AR(5)","Codec","MAE","p3",6.475
100,"x10","SARIMA(4,0,0) × (2,0,0)[12] 
Additive decomposition","Codec","MAE","p1",7.565
100,"x10","SARIMA(4,0,0) × (2,0,0)[12] 
Additive decomposition","Codec","MAE","p2",15.535
100,"x10","SARIMA(4,0,0) × (2,0,0)[12] 
Additive decomposition","Codec","MAE","p3",20.305
100,"x11","SARIMA(4,0,0) × (2,0,0)[12] 
 Multiplicative decomposition","Codec","MAE","p1",6.32
100,"x11","SARIMA(4,0,0) × (2,0,0)[12] 
 Multiplicative decomposition","Codec","MAE","p2",13.93
100,"x11","SARIMA(4,0,0) × (2,0,0)[12] 
 Multiplicative decomposition","Codec","MAE","p3",19.285
100,"x12","ARMA(1,0,1)-GARCH(1,1)","Codec","MAE","p1",18.085
100,"x12","ARMA(1,0,1)-GARCH(1,1)","Codec","MAE","p2",9.95
100,"x12","ARMA(1,0,1)-GARCH(1,1)","Codec","MAE","p3",6.47
100,"x13","ARIMA(3,1,0)","Codec","MAE","p1",20.175
100,"x13","ARIMA(3,1,0)","Codec","MAE","p2",13.68
100,"x13","ARIMA(3,1,0)","Codec","MAE","p3",9.215
100,"x14","ARIMA(3,1,0) 
Differentiated","Codec","MAE","p1",17.32
100,"x14","ARIMA(3,1,0) 
Differentiated","Codec","MAE","p2",8.585
100,"x14","ARIMA(3,1,0) 
Differentiated","Codec","MAE","p3",5.355
100,"x2","ARMA(1,3)","Codec","MAE","p1",19.105
100,"x2","ARMA(1,3)","Codec","MAE","p2",9.06
100,"x2","ARMA(1,3)","Codec","MAE","p3",3.945
100,"x3","ARIMA(2,1,1)","Codec","MAE","p1",19.13
100,"x3","ARIMA(2,1,1)","Codec","MAE","p2",13.415
100,"x3","ARIMA(2,1,1)","Codec","MAE","p3",8.605
100,"x4","NLAR(3)","Codec","MAE","p1",10.99
100,"x4","NLAR(3)","Codec","MAE","p2",2.82
100,"x4","NLAR(3)","Codec","MAE","p3",2.865
100,"x5","NLAR(4)","Codec","MAE","p1",10.7
100,"x5","NLAR(4)","Codec","MAE","p2",4.035
100,"x5","NLAR(4)","Codec","MAE","p3",3.99
100,"x6","NLARMA(2,2)","Codec","MAE","p1",2.945
100,"x6","NLARMA(2,2)","Codec","MAE","p2",0.87
100,"x6","NLARMA(2,2)","Codec","MAE","p3",1.63
100,"x7","SETAR(2,2,[2])","Codec","MAE","p1",14.49
100,"x7","SETAR(2,2,[2])","Codec","MAE","p2",6.095
100,"x7","SETAR(2,2,[2])","Codec","MAE","p3",3.495
100,"x8","ARIMA(2,1,1) 
Differentiated","Codec","MAE","p1",17.975
100,"x8","ARIMA(2,1,1) 
Differentiated","Codec","MAE","p2",9.585
100,"x8","ARIMA(2,1,1) 
Differentiated","Codec","MAE","p3",5.56
100,"x9","SARIMA(4,0,0) × (2,0,0)[12]","Codec","MAE","p1",6.585
100,"x9","SARIMA(4,0,0) × (2,0,0)[12]","Codec","MAE","p2",13.275
100,"x9","SARIMA(4,0,0) × (2,0,0)[12]","Codec","MAE","p3",18.525
500,"x1","AR(5)","Codec","MAE","p1",14.42
500,"x1","AR(5)","Codec","MAE","p2",7.21
500,"x1","AR(5)","Codec","MAE","p3",5.285
500,"x10","SARIMA(4,0,0) × (2,0,0)[12] 
Additive decomposition","Codec","MAE","p1",7.34
500,"x10","SARIMA(4,0,0) × (2,0,0)[12] 
Additive decomposition","Codec","MAE","p2",14.105
500,"x10","SARIMA(4,0,0) × (2,0,0)[12] 
Additive decomposition","Codec","MAE","p3",18.925
500,"x11","SARIMA(4,0,0) × (2,0,0)[12] 
 Multiplicative decomposition","Codec","MAE","p1",5.99
500,"x11","SARIMA(4,0,0) × (2,0,0)[12] 
 Multiplicative decomposition","Codec","MAE","p2",11.305
500,"x11","SARIMA(4,0,0) × (2,0,0)[12] 
 Multiplicative decomposition","Codec","MAE","p3",16.525
500,"x12","ARMA(1,0,1)-GARCH(1,1)","Codec","MAE","p1",15.815
500,"x12","ARMA(1,0,1)-GARCH(1,1)","Codec","MAE","p2",5.305
500,"x12","ARMA(1,0,1)-GARCH(1,1)","Codec","MAE","p3",2.405
500,"x13","ARIMA(3,1,0)","Codec","MAE","p1",21.54
500,"x13","ARIMA(3,1,0)","Codec","MAE","p2",17.585
500,"x13","ARIMA(3,1,0)","Codec","MAE","p3",14.26
500,"x14","ARIMA(3,1,0) 
Differentiated","Codec","MAE","p1",15.705
500,"x14","ARIMA(3,1,0) 
Differentiated","Codec","MAE","p2",7.205
500,"x14","ARIMA(3,1,0) 
Differentiated","Codec","MAE","p3",4
500,"x2","ARMA(1,3)","Codec","MAE","p1",16.74
500,"x2","ARMA(1,3)","Codec","MAE","p2",5.295
500,"x2","ARMA(1,3)","Codec","MAE","p3",1.84
500,"x3","ARIMA(2,1,1)","Codec","MAE","p1",10.01
500,"x3","ARIMA(2,1,1)","Codec","MAE","p2",6.84
500,"x3","ARIMA(2,1,1)","Codec","MAE","p3",6.085
500,"x4","NLAR(3)","Codec","MAE","p1",5.665
500,"x4","NLAR(3)","Codec","MAE","p2",1.8
500,"x4","NLAR(3)","Codec","MAE","p3",2.765
500,"x5","NLAR(4)","Codec","MAE","p1",5.155
500,"x5","NLAR(4)","Codec","MAE","p2",2.75
500,"x5","NLAR(4)","Codec","MAE","p3",3.77
500,"x6","NLARMA(2,2)","Codec","MAE","p1",0.895
500,"x6","NLARMA(2,2)","Codec","MAE","p2",0.655
500,"x6","NLARMA(2,2)","Codec","MAE","p3",1.625
500,"x7","SETAR(2,2,[2])","Codec","MAE","p1",10.75
500,"x7","SETAR(2,2,[2])","Codec","MAE","p2",2.125
500,"x7","SETAR(2,2,[2])","Codec","MAE","p3",1.87
500,"x8","ARIMA(2,1,1) 
Differentiated","Codec","MAE","p1",15.3
500,"x8","ARIMA(2,1,1) 
Differentiated","Codec","MAE","p2",3.32
500,"x8","ARIMA(2,1,1) 
Differentiated","Codec","MAE","p3",1.22
500,"x9","SARIMA(4,0,0) × (2,0,0)[12]","Codec","MAE","p1",7.51
500,"x9","SARIMA(4,0,0) × (2,0,0)[12]","Codec","MAE","p2",14.505
500,"x9","SARIMA(4,0,0) × (2,0,0)[12]","Codec","MAE","p3",19.235
1000,"x1","AR(5)","Codec","MAE","p1",14.575
1000,"x1","AR(5)","Codec","MAE","p2",6.2
1000,"x1","AR(5)","Codec","MAE","p3",4.345
1000,"x10","SARIMA(4,0,0) × (2,0,0)[12] 
Additive decomposition","Codec","MAE","p1",6.375
1000,"x10","SARIMA(4,0,0) × (2,0,0)[12] 
Additive decomposition","Codec","MAE","p2",13.365
1000,"x10","SARIMA(4,0,0) × (2,0,0)[12] 
Additive decomposition","Codec","MAE","p3",18.365
1000,"x11","SARIMA(4,0,0) × (2,0,0)[12] 
 Multiplicative decomposition","Codec","MAE","p1",5.26
1000,"x11","SARIMA(4,0,0) × (2,0,0)[12] 
 Multiplicative decomposition","Codec","MAE","p2",10.8
1000,"x11","SARIMA(4,0,0) × (2,0,0)[12] 
 Multiplicative decomposition","Codec","MAE","p3",15.615
1000,"x12","ARMA(1,0,1)-GARCH(1,1)","Codec","MAE","p1",13.97
1000,"x12","ARMA(1,0,1)-GARCH(1,1)","Codec","MAE","p2",3.155
1000,"x12","ARMA(1,0,1)-GARCH(1,1)","Codec","MAE","p3",0.76
1000,"x13","ARIMA(3,1,0)","Codec","MAE","p1",18.455
1000,"x13","ARIMA(3,1,0)","Codec","MAE","p2",15.79
1000,"x13","ARIMA(3,1,0)","Codec","MAE","p3",13.3
1000,"x14","ARIMA(3,1,0) 
Differentiated","Codec","MAE","p1",15.915
1000,"x14","ARIMA(3,1,0) 
Differentiated","Codec","MAE","p2",6.455
1000,"x14","ARIMA(3,1,0) 
Differentiated","Codec","MAE","p3",3.435
1000,"x2","ARMA(1,3)","Codec","MAE","p1",16.265
1000,"x2","ARMA(1,3)","Codec","MAE","p2",5.28
1000,"x2","ARMA(1,3)","Codec","MAE","p3",1.345
1000,"x3","ARIMA(2,1,1)","Codec","MAE","p1",2.905
1000,"x3","ARIMA(2,1,1)","Codec","MAE","p2",1
1000,"x3","ARIMA(2,1,1)","Codec","MAE","p3",1.775
1000,"x4","NLAR(3)","Codec","MAE","p1",2.155
1000,"x4","NLAR(3)","Codec","MAE","p2",1.45
1000,"x4","NLAR(3)","Codec","MAE","p3",2.445
1000,"x5","NLAR(4)","Codec","MAE","p1",2.325
1000,"x5","NLAR(4)","Codec","MAE","p2",2.39
1000,"x5","NLAR(4)","Codec","MAE","p3",3.45
1000,"x6","NLARMA(2,2)","Codec","MAE","p1",0.905
1000,"x6","NLARMA(2,2)","Codec","MAE","p2",0.645
1000,"x6","NLARMA(2,2)","Codec","MAE","p3",1.58
1000,"x7","SETAR(2,2,[2])","Codec","MAE","p1",11.345
1000,"x7","SETAR(2,2,[2])","Codec","MAE","p2",1.3
1000,"x7","SETAR(2,2,[2])","Codec","MAE","p3",1.82
1000,"x8","ARIMA(2,1,1) 
Differentiated","Codec","MAE","p1",12.93
1000,"x8","ARIMA(2,1,1) 
Differentiated","Codec","MAE","p2",1.48
1000,"x8","ARIMA(2,1,1) 
Differentiated","Codec","MAE","p3",0.92
1000,"x9","SARIMA(4,0,0) × (2,0,0)[12]","Codec","MAE","p1",7.395
1000,"x9","SARIMA(4,0,0) × (2,0,0)[12]","Codec","MAE","p2",14.725
1000,"x9","SARIMA(4,0,0) × (2,0,0)[12]","Codec","MAE","p3",19.36
2000,"x1","AR(5)","Codec","MAE","p1",13.9
2000,"x1","AR(5)","Codec","MAE","p2",5.915
2000,"x1","AR(5)","Codec","MAE","p3",3.835
2000,"x10","SARIMA(4,0,0) × (2,0,0)[12] 
Additive decomposition","Codec","MAE","p1",6.745
2000,"x10","SARIMA(4,0,0) × (2,0,0)[12] 
Additive decomposition","Codec","MAE","p2",11.86
2000,"x10","SARIMA(4,0,0) × (2,0,0)[12] 
Additive decomposition","Codec","MAE","p3",16.74
2000,"x11","SARIMA(4,0,0) × (2,0,0)[12] 
 Multiplicative decomposition","Codec","MAE","p1",5.075
2000,"x11","SARIMA(4,0,0) × (2,0,0)[12] 
 Multiplicative decomposition","Codec","MAE","p2",8.92
2000,"x11","SARIMA(4,0,0) × (2,0,0)[12] 
 Multiplicative decomposition","Codec","MAE","p3",13.785
2000,"x12","ARMA(1,0,1)-GARCH(1,1)","Codec","MAE","p1",14.16
2000,"x12","ARMA(1,0,1)-GARCH(1,1)","Codec","MAE","p2",3.075
2000,"x12","ARMA(1,0,1)-GARCH(1,1)","Codec","MAE","p3",0.55
2000,"x13","ARIMA(3,1,0)","Codec","MAE","p1",7.79
2000,"x13","ARIMA(3,1,0)","Codec","MAE","p2",7.72
2000,"x13","ARIMA(3,1,0)","Codec","MAE","p3",7.57
2000,"x14","ARIMA(3,1,0) 
Differentiated","Codec","MAE","p1",15.98
2000,"x14","ARIMA(3,1,0) 
Differentiated","Codec","MAE","p2",6.62
2000,"x14","ARIMA(3,1,0) 
Differentiated","Codec","MAE","p3",3.53
2000,"x2","ARMA(1,3)","Codec","MAE","p1",15.985
2000,"x2","ARMA(1,3)","Codec","MAE","p2",3.96
2000,"x2","ARMA(1,3)","Codec","MAE","p3",1.11
2000,"x3","ARIMA(2,1,1)","Codec","MAE","p1",0.935
2000,"x3","ARIMA(2,1,1)","Codec","MAE","p2",0.09
2000,"x3","ARIMA(2,1,1)","Codec","MAE","p3",1.09
2000,"x4","NLAR(3)","Codec","MAE","p1",1.045
2000,"x4","NLAR(3)","Codec","MAE","p2",1.215
2000,"x4","NLAR(3)","Codec","MAE","p3",2.215
2000,"x5","NLAR(4)","Codec","MAE","p1",0.45
2000,"x5","NLAR(4)","Codec","MAE","p2",2.015
2000,"x5","NLAR(4)","Codec","MAE","p3",3.085
2000,"x6","NLARMA(2,2)","Codec","MAE","p1",0.925
2000,"x6","NLARMA(2,2)","Codec","MAE","p2",0.4
2000,"x6","NLARMA(2,2)","Codec","MAE","p3",1.31
2000,"x7","SETAR(2,2,[2])","Codec","MAE","p1",10.16
2000,"x7","SETAR(2,2,[2])","Codec","MAE","p2",1.19
2000,"x7","SETAR(2,2,[2])","Codec","MAE","p3",1.825
2000,"x8","ARIMA(2,1,1) 
Differentiated","Codec","MAE","p1",12.37
2000,"x8","ARIMA(2,1,1) 
Differentiated","Codec","MAE","p2",1.195
2000,"x8","ARIMA(2,1,1) 
Differentiated","Codec","MAE","p3",0.84
2000,"x9","SARIMA(4,0,0) × (2,0,0)[12]","Codec","MAE","p1",6.7
2000,"x9","SARIMA(4,0,0) × (2,0,0)[12]","Codec","MAE","p2",13.755
2000,"x9","SARIMA(4,0,0) × (2,0,0)[12]","Codec","MAE","p3",18.83
5000,"x1","AR(5)","Codec","MAE","p1",14.025
5000,"x1","AR(5)","Codec","MAE","p2",4.46
5000,"x1","AR(5)","Codec","MAE","p3",3.08
5000,"x10","SARIMA(4,0,0) × (2,0,0)[12] 
Additive decomposition","Codec","MAE","p1",6.005
5000,"x10","SARIMA(4,0,0) × (2,0,0)[12] 
Additive decomposition","Codec","MAE","p2",10.93
5000,"x10","SARIMA(4,0,0) × (2,0,0)[12] 
Additive decomposition","Codec","MAE","p3",15.82
5000,"x11","SARIMA(4,0,0) × (2,0,0)[12] 
 Multiplicative decomposition","Codec","MAE","p1",4.905
5000,"x11","SARIMA(4,0,0) × (2,0,0)[12] 
 Multiplicative decomposition","Codec","MAE","p2",6.3
5000,"x11","SARIMA(4,0,0) × (2,0,0)[12] 
 Multiplicative decomposition","Codec","MAE","p3",11.02
5000,"x12","ARMA(1,0,1)-GARCH(1,1)","Codec","MAE","p1",12.91
5000,"x12","ARMA(1,0,1)-GARCH(1,1)","Codec","MAE","p2",1.415
5000,"x12","ARMA(1,0,1)-GARCH(1,1)","Codec","MAE","p3",0.255
5000,"x13","ARIMA(3,1,0)","Codec","MAE","p1",1.94
5000,"x13","ARIMA(3,1,0)","Codec","MAE","p2",2.73
5000,"x13","ARIMA(3,1,0)","Codec","MAE","p3",3.6
5000,"x14","ARIMA(3,1,0) 
Differentiated","Codec","MAE","p1",16.65
5000,"x14","ARIMA(3,1,0) 
Differentiated","Codec","MAE","p2",5.515
5000,"x14","ARIMA(3,1,0) 
Differentiated","Codec","MAE","p3",2.575
5000,"x2","ARMA(1,3)","Codec","MAE","p1",17.375
5000,"x2","ARMA(1,3)","Codec","MAE","p2",4.76
5000,"x2","ARMA(1,3)","Codec","MAE","p3",1.35
5000,"x3","ARIMA(2,1,1)","Codec","MAE","p1",1
5000,"x3","ARIMA(2,1,1)","Codec","MAE","p2",0
5000,"x3","ARIMA(2,1,1)","Codec","MAE","p3",1
5000,"x4","NLAR(3)","Codec","MAE","p1",0.08
5000,"x4","NLAR(3)","Codec","MAE","p2",1.01
5000,"x4","NLAR(3)","Codec","MAE","p3",2.01
5000,"x5","NLAR(4)","Codec","MAE","p1",0.06
5000,"x5","NLAR(4)","Codec","MAE","p2",1.925
5000,"x5","NLAR(4)","Codec","MAE","p3",2.925
5000,"x6","NLARMA(2,2)","Codec","MAE","p1",1.17
5000,"x6","NLARMA(2,2)","Codec","MAE","p2",0.325
5000,"x6","NLARMA(2,2)","Codec","MAE","p3",1.06
5000,"x7","SETAR(2,2,[2])","Codec","MAE","p1",8.065
5000,"x7","SETAR(2,2,[2])","Codec","MAE","p2",0.745
5000,"x7","SETAR(2,2,[2])","Codec","MAE","p3",1.7
5000,"x8","ARIMA(2,1,1) 
Differentiated","Codec","MAE","p1",9.975
5000,"x8","ARIMA(2,1,1) 
Differentiated","Codec","MAE","p2",0.59
5000,"x8","ARIMA(2,1,1) 
Differentiated","Codec","MAE","p3",0.82
5000,"x9","SARIMA(4,0,0) × (2,0,0)[12]","Codec","MAE","p1",6.905
5000,"x9","SARIMA(4,0,0) × (2,0,0)[12]","Codec","MAE","p2",11.74
5000,"x9","SARIMA(4,0,0) × (2,0,0)[12]","Codec","MAE","p3",17.94
100,"x1","AR(5)","Pearson","MAD","p1",29.652
100,"x1","AR(5)","Pearson","MAD","p2",17.7912
100,"x1","AR(5)","Pearson","MAD","p3",7.413
100,"x10","SARIMA(4,0,0) × (2,0,0)[12] 
Additive decomposition","Pearson","MAD","p1",4.4478
100,"x10","SARIMA(4,0,0) × (2,0,0)[12] 
Additive decomposition","Pearson","MAD","p2",4.4478
100,"x10","SARIMA(4,0,0) × (2,0,0)[12] 
Additive decomposition","Pearson","MAD","p3",11.8608
100,"x11","SARIMA(4,0,0) × (2,0,0)[12] 
 Multiplicative decomposition","Pearson","MAD","p1",3.7065
100,"x11","SARIMA(4,0,0) × (2,0,0)[12] 
 Multiplicative decomposition","Pearson","MAD","p2",19.2738
100,"x11","SARIMA(4,0,0) × (2,0,0)[12] 
 Multiplicative decomposition","Pearson","MAD","p3",35.5824
100,"x12","ARMA(1,0,1)-GARCH(1,1)","Pearson","MAD","p1",35.5824
100,"x12","ARMA(1,0,1)-GARCH(1,1)","Pearson","MAD","p2",23.7216
100,"x12","ARMA(1,0,1)-GARCH(1,1)","Pearson","MAD","p3",2.9652
100,"x13","ARIMA(3,1,0)","Pearson","MAD","p1",34.0998
100,"x13","ARIMA(3,1,0)","Pearson","MAD","p2",22.239
100,"x13","ARIMA(3,1,0)","Pearson","MAD","p3",4.4478
100,"x14","ARIMA(3,1,0) 
Differentiated","Pearson","MAD","p1",32.6172
100,"x14","ARIMA(3,1,0) 
Differentiated","Pearson","MAD","p2",15.5673
100,"x14","ARIMA(3,1,0) 
Differentiated","Pearson","MAD","p3",4.4478
100,"x2","ARMA(1,3)","Pearson","MAD","p1",35.5824
100,"x2","ARMA(1,3)","Pearson","MAD","p2",19.2738
100,"x2","ARMA(1,3)","Pearson","MAD","p3",2.9652
100,"x3","ARIMA(2,1,1)","Pearson","MAD","p1",34.0998
100,"x3","ARIMA(2,1,1)","Pearson","MAD","p2",19.2738
100,"x3","ARIMA(2,1,1)","Pearson","MAD","p3",2.9652
100,"x4","NLAR(3)","Pearson","MAD","p1",34.0998
100,"x4","NLAR(3)","Pearson","MAD","p2",20.7564
100,"x4","NLAR(3)","Pearson","MAD","p3",5.9304
100,"x5","NLAR(4)","Pearson","MAD","p1",29.652
100,"x5","NLAR(4)","Pearson","MAD","p2",14.0847
100,"x5","NLAR(4)","Pearson","MAD","p3",5.9304
100,"x6","NLARMA(2,2)","Pearson","MAD","p1",36.3237
100,"x6","NLARMA(2,2)","Pearson","MAD","p2",23.7216
100,"x6","NLARMA(2,2)","Pearson","MAD","p3",4.4478
100,"x7","SETAR(2,2,[2])","Pearson","MAD","p1",32.6172
100,"x7","SETAR(2,2,[2])","Pearson","MAD","p2",15.5673
100,"x7","SETAR(2,2,[2])","Pearson","MAD","p3",2.9652
100,"x8","ARIMA(2,1,1) 
Differentiated","Pearson","MAD","p1",34.0998
100,"x8","ARIMA(2,1,1) 
Differentiated","Pearson","MAD","p2",17.0499
100,"x8","ARIMA(2,1,1) 
Differentiated","Pearson","MAD","p3",2.9652
100,"x9","SARIMA(4,0,0) × (2,0,0)[12]","Pearson","MAD","p1",4.4478
100,"x9","SARIMA(4,0,0) × (2,0,0)[12]","Pearson","MAD","p2",8.8956
100,"x9","SARIMA(4,0,0) × (2,0,0)[12]","Pearson","MAD","p3",19.2738
500,"x1","AR(5)","Pearson","MAD","p1",18.5325
500,"x1","AR(5)","Pearson","MAD","p2",2.9652
500,"x1","AR(5)","Pearson","MAD","p3",4.4478
500,"x10","SARIMA(4,0,0) × (2,0,0)[12] 
Additive decomposition","Pearson","MAD","p1",4.4478
500,"x10","SARIMA(4,0,0) × (2,0,0)[12] 
Additive decomposition","Pearson","MAD","p2",1.4826
500,"x10","SARIMA(4,0,0) × (2,0,0)[12] 
Additive decomposition","Pearson","MAD","p3",8.8956
500,"x11","SARIMA(4,0,0) × (2,0,0)[12] 
 Multiplicative decomposition","Pearson","MAD","p1",19.2738
500,"x11","SARIMA(4,0,0) × (2,0,0)[12] 
 Multiplicative decomposition","Pearson","MAD","p2",35.5824
500,"x11","SARIMA(4,0,0) × (2,0,0)[12] 
 Multiplicative decomposition","Pearson","MAD","p3",35.5824
500,"x12","ARMA(1,0,1)-GARCH(1,1)","Pearson","MAD","p1",23.7216
500,"x12","ARMA(1,0,1)-GARCH(1,1)","Pearson","MAD","p2",4.4478
500,"x12","ARMA(1,0,1)-GARCH(1,1)","Pearson","MAD","p3",1.4826
500,"x13","ARIMA(3,1,0)","Pearson","MAD","p1",23.7216
500,"x13","ARIMA(3,1,0)","Pearson","MAD","p2",1.4826
500,"x13","ARIMA(3,1,0)","Pearson","MAD","p3",2.9652
500,"x14","ARIMA(3,1,0) 
Differentiated","Pearson","MAD","p1",22.239
500,"x14","ARIMA(3,1,0) 
Differentiated","Pearson","MAD","p2",2.9652
500,"x14","ARIMA(3,1,0) 
Differentiated","Pearson","MAD","p3",4.4478
500,"x2","ARMA(1,3)","Pearson","MAD","p1",20.0151
500,"x2","ARMA(1,3)","Pearson","MAD","p2",5.9304
500,"x2","ARMA(1,3)","Pearson","MAD","p3",2.9652
500,"x3","ARIMA(2,1,1)","Pearson","MAD","p1",22.239
500,"x3","ARIMA(2,1,1)","Pearson","MAD","p2",2.9652
500,"x3","ARIMA(2,1,1)","Pearson","MAD","p3",1.4826
500,"x4","NLAR(3)","Pearson","MAD","p1",23.7216
500,"x4","NLAR(3)","Pearson","MAD","p2",4.4478
500,"x4","NLAR(3)","Pearson","MAD","p3",4.4478
500,"x5","NLAR(4)","Pearson","MAD","p1",19.2738
500,"x5","NLAR(4)","Pearson","MAD","p2",4.4478
500,"x5","NLAR(4)","Pearson","MAD","p3",4.4478
500,"x6","NLARMA(2,2)","Pearson","MAD","p1",26.6868
500,"x6","NLARMA(2,2)","Pearson","MAD","p2",2.9652
500,"x6","NLARMA(2,2)","Pearson","MAD","p3",1.4826
500,"x7","SETAR(2,2,[2])","Pearson","MAD","p1",25.2042
500,"x7","SETAR(2,2,[2])","Pearson","MAD","p2",2.9652
500,"x7","SETAR(2,2,[2])","Pearson","MAD","p3",2.9652
500,"x8","ARIMA(2,1,1) 
Differentiated","Pearson","MAD","p1",17.0499
500,"x8","ARIMA(2,1,1) 
Differentiated","Pearson","MAD","p2",1.4826
500,"x8","ARIMA(2,1,1) 
Differentiated","Pearson","MAD","p3",1.4826
500,"x9","SARIMA(4,0,0) × (2,0,0)[12]","Pearson","MAD","p1",1.4826
500,"x9","SARIMA(4,0,0) × (2,0,0)[12]","Pearson","MAD","p2",2.9652
500,"x9","SARIMA(4,0,0) × (2,0,0)[12]","Pearson","MAD","p3",17.7912
1000,"x1","AR(5)","Pearson","MAD","p1",17.7912
1000,"x1","AR(5)","Pearson","MAD","p2",2.9652
1000,"x1","AR(5)","Pearson","MAD","p3",2.9652
1000,"x10","SARIMA(4,0,0) × (2,0,0)[12] 
Additive decomposition","Pearson","MAD","p1",4.4478
1000,"x10","SARIMA(4,0,0) × (2,0,0)[12] 
Additive decomposition","Pearson","MAD","p2",1.4826
1000,"x10","SARIMA(4,0,0) × (2,0,0)[12] 
Additive decomposition","Pearson","MAD","p3",1.4826
1000,"x11","SARIMA(4,0,0) × (2,0,0)[12] 
 Multiplicative decomposition","Pearson","MAD","p1",19.2738
1000,"x11","SARIMA(4,0,0) × (2,0,0)[12] 
 Multiplicative decomposition","Pearson","MAD","p2",35.5824
1000,"x11","SARIMA(4,0,0) × (2,0,0)[12] 
 Multiplicative decomposition","Pearson","MAD","p3",35.5824
1000,"x12","ARMA(1,0,1)-GARCH(1,1)","Pearson","MAD","p1",22.239
1000,"x12","ARMA(1,0,1)-GARCH(1,1)","Pearson","MAD","p2",4.4478
1000,"x12","ARMA(1,0,1)-GARCH(1,1)","Pearson","MAD","p3",1.4826
1000,"x13","ARIMA(3,1,0)","Pearson","MAD","p1",23.7216
1000,"x13","ARIMA(3,1,0)","Pearson","MAD","p2",1.4826
1000,"x13","ARIMA(3,1,0)","Pearson","MAD","p3",1.4826
1000,"x14","ARIMA(3,1,0) 
Differentiated","Pearson","MAD","p1",23.7216
1000,"x14","ARIMA(3,1,0) 
Differentiated","Pearson","MAD","p2",2.9652
1000,"x14","ARIMA(3,1,0) 
Differentiated","Pearson","MAD","p3",2.9652
1000,"x2","ARMA(1,3)","Pearson","MAD","p1",23.7216
1000,"x2","ARMA(1,3)","Pearson","MAD","p2",7.413
1000,"x2","ARMA(1,3)","Pearson","MAD","p3",5.9304
1000,"x3","ARIMA(2,1,1)","Pearson","MAD","p1",20.7564
1000,"x3","ARIMA(2,1,1)","Pearson","MAD","p2",2.9652
1000,"x3","ARIMA(2,1,1)","Pearson","MAD","p3",1.4826
1000,"x4","NLAR(3)","Pearson","MAD","p1",22.239
1000,"x4","NLAR(3)","Pearson","MAD","p2",4.4478
1000,"x4","NLAR(3)","Pearson","MAD","p3",4.4478
1000,"x5","NLAR(4)","Pearson","MAD","p1",17.7912
1000,"x5","NLAR(4)","Pearson","MAD","p2",2.2239
1000,"x5","NLAR(4)","Pearson","MAD","p3",2.9652
1000,"x6","NLARMA(2,2)","Pearson","MAD","p1",21.4977
1000,"x6","NLARMA(2,2)","Pearson","MAD","p2",2.9652
1000,"x6","NLARMA(2,2)","Pearson","MAD","p3",1.4826
1000,"x7","SETAR(2,2,[2])","Pearson","MAD","p1",22.239
1000,"x7","SETAR(2,2,[2])","Pearson","MAD","p2",2.9652
1000,"x7","SETAR(2,2,[2])","Pearson","MAD","p3",2.9652
1000,"x8","ARIMA(2,1,1) 
Differentiated","Pearson","MAD","p1",21.4977
1000,"x8","ARIMA(2,1,1) 
Differentiated","Pearson","MAD","p2",1.4826
1000,"x8","ARIMA(2,1,1) 
Differentiated","Pearson","MAD","p3",1.4826
1000,"x9","SARIMA(4,0,0) × (2,0,0)[12]","Pearson","MAD","p1",1.4826
1000,"x9","SARIMA(4,0,0) × (2,0,0)[12]","Pearson","MAD","p2",1.4826
1000,"x9","SARIMA(4,0,0) × (2,0,0)[12]","Pearson","MAD","p3",4.4478
2000,"x1","AR(5)","Pearson","MAD","p1",16.3086
2000,"x1","AR(5)","Pearson","MAD","p2",2.9652
2000,"x1","AR(5)","Pearson","MAD","p3",2.9652
2000,"x10","SARIMA(4,0,0) × (2,0,0)[12] 
Additive decomposition","Pearson","MAD","p1",5.9304
2000,"x10","SARIMA(4,0,0) × (2,0,0)[12] 
Additive decomposition","Pearson","MAD","p2",4.4478
2000,"x10","SARIMA(4,0,0) × (2,0,0)[12] 
Additive decomposition","Pearson","MAD","p3",1.4826
2000,"x11","SARIMA(4,0,0) × (2,0,0)[12] 
 Multiplicative decomposition","Pearson","MAD","p1",19.2738
2000,"x11","SARIMA(4,0,0) × (2,0,0)[12] 
 Multiplicative decomposition","Pearson","MAD","p2",35.5824
2000,"x11","SARIMA(4,0,0) × (2,0,0)[12] 
 Multiplicative decomposition","Pearson","MAD","p3",35.5824
2000,"x12","ARMA(1,0,1)-GARCH(1,1)","Pearson","MAD","p1",24.4629
2000,"x12","ARMA(1,0,1)-GARCH(1,1)","Pearson","MAD","p2",5.9304
2000,"x12","ARMA(1,0,1)-GARCH(1,1)","Pearson","MAD","p3",2.9652
2000,"x13","ARIMA(3,1,0)","Pearson","MAD","p1",20.7564
2000,"x13","ARIMA(3,1,0)","Pearson","MAD","p2",1.4826
2000,"x13","ARIMA(3,1,0)","Pearson","MAD","p3",1.4826
2000,"x14","ARIMA(3,1,0) 
Differentiated","Pearson","MAD","p1",20.7564
2000,"x14","ARIMA(3,1,0) 
Differentiated","Pearson","MAD","p2",2.9652
2000,"x14","ARIMA(3,1,0) 
Differentiated","Pearson","MAD","p3",2.9652
2000,"x2","ARMA(1,3)","Pearson","MAD","p1",25.9455
2000,"x2","ARMA(1,3)","Pearson","MAD","p2",8.8956
2000,"x2","ARMA(1,3)","Pearson","MAD","p3",5.9304
2000,"x3","ARIMA(2,1,1)","Pearson","MAD","p1",19.2738
2000,"x3","ARIMA(2,1,1)","Pearson","MAD","p2",2.9652
2000,"x3","ARIMA(2,1,1)","Pearson","MAD","p3",1.4826
2000,"x4","NLAR(3)","Pearson","MAD","p1",22.239
2000,"x4","NLAR(3)","Pearson","MAD","p2",2.9652
2000,"x4","NLAR(3)","Pearson","MAD","p3",2.9652
2000,"x5","NLAR(4)","Pearson","MAD","p1",20.0151
2000,"x5","NLAR(4)","Pearson","MAD","p2",1.4826
2000,"x5","NLAR(4)","Pearson","MAD","p3",1.4826
2000,"x6","NLARMA(2,2)","Pearson","MAD","p1",19.2738
2000,"x6","NLARMA(2,2)","Pearson","MAD","p2",4.4478
2000,"x6","NLARMA(2,2)","Pearson","MAD","p3",1.4826
2000,"x7","SETAR(2,2,[2])","Pearson","MAD","p1",20.7564
2000,"x7","SETAR(2,2,[2])","Pearson","MAD","p2",2.2239
2000,"x7","SETAR(2,2,[2])","Pearson","MAD","p3",2.9652
2000,"x8","ARIMA(2,1,1) 
Differentiated","Pearson","MAD","p1",21.4977
2000,"x8","ARIMA(2,1,1) 
Differentiated","Pearson","MAD","p2",2.9652
2000,"x8","ARIMA(2,1,1) 
Differentiated","Pearson","MAD","p3",1.4826
2000,"x9","SARIMA(4,0,0) × (2,0,0)[12]","Pearson","MAD","p1",0
2000,"x9","SARIMA(4,0,0) × (2,0,0)[12]","Pearson","MAD","p2",1.4826
2000,"x9","SARIMA(4,0,0) × (2,0,0)[12]","Pearson","MAD","p3",2.9652
5000,"x1","AR(5)","Pearson","MAD","p1",20.0151
5000,"x1","AR(5)","Pearson","MAD","p2",2.9652
5000,"x1","AR(5)","Pearson","MAD","p3",2.9652
5000,"x10","SARIMA(4,0,0) × (2,0,0)[12] 
Additive decomposition","Pearson","MAD","p1",10.3782
5000,"x10","SARIMA(4,0,0) × (2,0,0)[12] 
Additive decomposition","Pearson","MAD","p2",8.8956
5000,"x10","SARIMA(4,0,0) × (2,0,0)[12] 
Additive decomposition","Pearson","MAD","p3",7.413
5000,"x11","SARIMA(4,0,0) × (2,0,0)[12] 
 Multiplicative decomposition","Pearson","MAD","p1",20.7564
5000,"x11","SARIMA(4,0,0) × (2,0,0)[12] 
 Multiplicative decomposition","Pearson","MAD","p2",35.5824
5000,"x11","SARIMA(4,0,0) × (2,0,0)[12] 
 Multiplicative decomposition","Pearson","MAD","p3",35.5824
5000,"x12","ARMA(1,0,1)-GARCH(1,1)","Pearson","MAD","p1",28.1694
5000,"x12","ARMA(1,0,1)-GARCH(1,1)","Pearson","MAD","p2",5.9304
5000,"x12","ARMA(1,0,1)-GARCH(1,1)","Pearson","MAD","p3",4.4478
5000,"x13","ARIMA(3,1,0)","Pearson","MAD","p1",25.2042
5000,"x13","ARIMA(3,1,0)","Pearson","MAD","p2",1.4826
5000,"x13","ARIMA(3,1,0)","Pearson","MAD","p3",1.4826
5000,"x14","ARIMA(3,1,0) 
Differentiated","Pearson","MAD","p1",24.4629
5000,"x14","ARIMA(3,1,0) 
Differentiated","Pearson","MAD","p2",2.9652
5000,"x14","ARIMA(3,1,0) 
Differentiated","Pearson","MAD","p3",2.9652
5000,"x2","ARMA(1,3)","Pearson","MAD","p1",28.1694
5000,"x2","ARMA(1,3)","Pearson","MAD","p2",10.3782
5000,"x2","ARMA(1,3)","Pearson","MAD","p3",8.8956
5000,"x3","ARIMA(2,1,1)","Pearson","MAD","p1",25.2042
5000,"x3","ARIMA(2,1,1)","Pearson","MAD","p2",4.4478
5000,"x3","ARIMA(2,1,1)","Pearson","MAD","p3",2.9652
5000,"x4","NLAR(3)","Pearson","MAD","p1",20.7564
5000,"x4","NLAR(3)","Pearson","MAD","p2",1.4826
5000,"x4","NLAR(3)","Pearson","MAD","p3",1.4826
5000,"x5","NLAR(4)","Pearson","MAD","p1",22.9803
5000,"x5","NLAR(4)","Pearson","MAD","p2",5.1891
5000,"x5","NLAR(4)","Pearson","MAD","p3",1.4826
5000,"x6","NLARMA(2,2)","Pearson","MAD","p1",25.9455
5000,"x6","NLARMA(2,2)","Pearson","MAD","p2",5.9304
5000,"x6","NLARMA(2,2)","Pearson","MAD","p3",2.9652
5000,"x7","SETAR(2,2,[2])","Pearson","MAD","p1",26.6868
5000,"x7","SETAR(2,2,[2])","Pearson","MAD","p2",2.9652
5000,"x7","SETAR(2,2,[2])","Pearson","MAD","p3",1.4826
5000,"x8","ARIMA(2,1,1) 
Differentiated","Pearson","MAD","p1",23.7216
5000,"x8","ARIMA(2,1,1) 
Differentiated","Pearson","MAD","p2",2.9652
5000,"x8","ARIMA(2,1,1) 
Differentiated","Pearson","MAD","p3",1.4826
5000,"x9","SARIMA(4,0,0) × (2,0,0)[12]","Pearson","MAD","p1",1.4826
5000,"x9","SARIMA(4,0,0) × (2,0,0)[12]","Pearson","MAD","p2",1.4826
5000,"x9","SARIMA(4,0,0) × (2,0,0)[12]","Pearson","MAD","p3",1.4826
100,"x1","AR(5)","Spearman","MAD","p1",29.652
100,"x1","AR(5)","Spearman","MAD","p2",16.3086
100,"x1","AR(5)","Spearman","MAD","p3",7.413
100,"x10","SARIMA(4,0,0) × (2,0,0)[12] 
Additive decomposition","Spearman","MAD","p1",4.4478
100,"x10","SARIMA(4,0,0) × (2,0,0)[12] 
Additive decomposition","Spearman","MAD","p2",4.4478
100,"x10","SARIMA(4,0,0) × (2,0,0)[12] 
Additive decomposition","Spearman","MAD","p3",16.3086
100,"x11","SARIMA(4,0,0) × (2,0,0)[12] 
 Multiplicative decomposition","Spearman","MAD","p1",5.9304
100,"x11","SARIMA(4,0,0) × (2,0,0)[12] 
 Multiplicative decomposition","Spearman","MAD","p2",14.826
100,"x11","SARIMA(4,0,0) × (2,0,0)[12] 
 Multiplicative decomposition","Spearman","MAD","p3",34.0998
100,"x12","ARMA(1,0,1)-GARCH(1,1)","Spearman","MAD","p1",35.5824
100,"x12","ARMA(1,0,1)-GARCH(1,1)","Spearman","MAD","p2",20.7564
100,"x12","ARMA(1,0,1)-GARCH(1,1)","Spearman","MAD","p3",1.4826
100,"x13","ARIMA(3,1,0)","Spearman","MAD","p1",32.6172
100,"x13","ARIMA(3,1,0)","Spearman","MAD","p2",19.2738
100,"x13","ARIMA(3,1,0)","Spearman","MAD","p3",4.4478
100,"x14","ARIMA(3,1,0) 
Differentiated","Spearman","MAD","p1",32.6172
100,"x14","ARIMA(3,1,0) 
Differentiated","Spearman","MAD","p2",14.0847
100,"x14","ARIMA(3,1,0) 
Differentiated","Spearman","MAD","p3",4.4478
100,"x2","ARMA(1,3)","Spearman","MAD","p1",37.065
100,"x2","ARMA(1,3)","Spearman","MAD","p2",17.7912
100,"x2","ARMA(1,3)","Spearman","MAD","p3",1.4826
100,"x3","ARIMA(2,1,1)","Spearman","MAD","p1",34.0998
100,"x3","ARIMA(2,1,1)","Spearman","MAD","p2",20.7564
100,"x3","ARIMA(2,1,1)","Spearman","MAD","p3",2.9652
100,"x4","NLAR(3)","Spearman","MAD","p1",34.0998
100,"x4","NLAR(3)","Spearman","MAD","p2",20.7564
100,"x4","NLAR(3)","Spearman","MAD","p3",4.4478
100,"x5","NLAR(4)","Spearman","MAD","p1",29.652
100,"x5","NLAR(4)","Spearman","MAD","p2",13.3434
100,"x5","NLAR(4)","Spearman","MAD","p3",5.9304
100,"x6","NLARMA(2,2)","Spearman","MAD","p1",34.0998
100,"x6","NLARMA(2,2)","Spearman","MAD","p2",18.5325
100,"x6","NLARMA(2,2)","Spearman","MAD","p3",2.9652
100,"x7","SETAR(2,2,[2])","Spearman","MAD","p1",33.3585
100,"x7","SETAR(2,2,[2])","Spearman","MAD","p2",16.3086
100,"x7","SETAR(2,2,[2])","Spearman","MAD","p3",2.9652
100,"x8","ARIMA(2,1,1) 
Differentiated","Spearman","MAD","p1",35.5824
100,"x8","ARIMA(2,1,1) 
Differentiated","Spearman","MAD","p2",20.7564
100,"x8","ARIMA(2,1,1) 
Differentiated","Spearman","MAD","p3",2.9652
100,"x9","SARIMA(4,0,0) × (2,0,0)[12]","Spearman","MAD","p1",5.1891
100,"x9","SARIMA(4,0,0) × (2,0,0)[12]","Spearman","MAD","p2",11.8608
100,"x9","SARIMA(4,0,0) × (2,0,0)[12]","Spearman","MAD","p3",19.2738
500,"x1","AR(5)","Spearman","MAD","p1",19.2738
500,"x1","AR(5)","Spearman","MAD","p2",2.9652
500,"x1","AR(5)","Spearman","MAD","p3",4.4478
500,"x10","SARIMA(4,0,0) × (2,0,0)[12] 
Additive decomposition","Spearman","MAD","p1",2.9652
500,"x10","SARIMA(4,0,0) × (2,0,0)[12] 
Additive decomposition","Spearman","MAD","p2",5.9304
500,"x10","SARIMA(4,0,0) × (2,0,0)[12] 
Additive decomposition","Spearman","MAD","p3",17.7912
500,"x11","SARIMA(4,0,0) × (2,0,0)[12] 
 Multiplicative decomposition","Spearman","MAD","p1",8.8956
500,"x11","SARIMA(4,0,0) × (2,0,0)[12] 
 Multiplicative decomposition","Spearman","MAD","p2",22.239
500,"x11","SARIMA(4,0,0) × (2,0,0)[12] 
 Multiplicative decomposition","Spearman","MAD","p3",35.5824
500,"x12","ARMA(1,0,1)-GARCH(1,1)","Spearman","MAD","p1",24.4629
500,"x12","ARMA(1,0,1)-GARCH(1,1)","Spearman","MAD","p2",2.9652
500,"x12","ARMA(1,0,1)-GARCH(1,1)","Spearman","MAD","p3",1.4826
500,"x13","ARIMA(3,1,0)","Spearman","MAD","p1",23.7216
500,"x13","ARIMA(3,1,0)","Spearman","MAD","p2",2.9652
500,"x13","ARIMA(3,1,0)","Spearman","MAD","p3",2.9652
500,"x14","ARIMA(3,1,0) 
Differentiated","Spearman","MAD","p1",20.7564
500,"x14","ARIMA(3,1,0) 
Differentiated","Spearman","MAD","p2",4.4478
500,"x14","ARIMA(3,1,0) 
Differentiated","Spearman","MAD","p3",4.4478
500,"x2","ARMA(1,3)","Spearman","MAD","p1",22.239
500,"x2","ARMA(1,3)","Spearman","MAD","p2",5.9304
500,"x2","ARMA(1,3)","Spearman","MAD","p3",2.9652
500,"x3","ARIMA(2,1,1)","Spearman","MAD","p1",29.652
500,"x3","ARIMA(2,1,1)","Spearman","MAD","p2",7.413
500,"x3","ARIMA(2,1,1)","Spearman","MAD","p3",1.4826
500,"x4","NLAR(3)","Spearman","MAD","p1",22.239
500,"x4","NLAR(3)","Spearman","MAD","p2",4.4478
500,"x4","NLAR(3)","Spearman","MAD","p3",4.4478
500,"x5","NLAR(4)","Spearman","MAD","p1",20.7564
500,"x5","NLAR(4)","Spearman","MAD","p2",5.9304
500,"x5","NLAR(4)","Spearman","MAD","p3",5.9304
500,"x6","NLARMA(2,2)","Spearman","MAD","p1",25.2042
500,"x6","NLARMA(2,2)","Spearman","MAD","p2",1.4826
500,"x6","NLARMA(2,2)","Spearman","MAD","p3",1.4826
500,"x7","SETAR(2,2,[2])","Spearman","MAD","p1",26.6868
500,"x7","SETAR(2,2,[2])","Spearman","MAD","p2",2.9652
500,"x7","SETAR(2,2,[2])","Spearman","MAD","p3",2.9652
500,"x8","ARIMA(2,1,1) 
Differentiated","Spearman","MAD","p1",22.239
500,"x8","ARIMA(2,1,1) 
Differentiated","Spearman","MAD","p2",1.4826
500,"x8","ARIMA(2,1,1) 
Differentiated","Spearman","MAD","p3",1.4826
500,"x9","SARIMA(4,0,0) × (2,0,0)[12]","Spearman","MAD","p1",1.4826
500,"x9","SARIMA(4,0,0) × (2,0,0)[12]","Spearman","MAD","p2",5.1891
500,"x9","SARIMA(4,0,0) × (2,0,0)[12]","Spearman","MAD","p3",17.7912
1000,"x1","AR(5)","Spearman","MAD","p1",19.2738
1000,"x1","AR(5)","Spearman","MAD","p2",2.9652
1000,"x1","AR(5)","Spearman","MAD","p3",2.9652
1000,"x10","SARIMA(4,0,0) × (2,0,0)[12] 
Additive decomposition","Spearman","MAD","p1",1.4826
1000,"x10","SARIMA(4,0,0) × (2,0,0)[12] 
Additive decomposition","Spearman","MAD","p2",2.9652
1000,"x10","SARIMA(4,0,0) × (2,0,0)[12] 
Additive decomposition","Spearman","MAD","p3",11.8608
1000,"x11","SARIMA(4,0,0) × (2,0,0)[12] 
 Multiplicative decomposition","Spearman","MAD","p1",5.9304
1000,"x11","SARIMA(4,0,0) × (2,0,0)[12] 
 Multiplicative decomposition","Spearman","MAD","p2",19.2738
1000,"x11","SARIMA(4,0,0) × (2,0,0)[12] 
 Multiplicative decomposition","Spearman","MAD","p3",25.2042
1000,"x12","ARMA(1,0,1)-GARCH(1,1)","Spearman","MAD","p1",22.9803
1000,"x12","ARMA(1,0,1)-GARCH(1,1)","Spearman","MAD","p2",4.4478
1000,"x12","ARMA(1,0,1)-GARCH(1,1)","Spearman","MAD","p3",1.4826
1000,"x13","ARIMA(3,1,0)","Spearman","MAD","p1",26.6868
1000,"x13","ARIMA(3,1,0)","Spearman","MAD","p2",10.3782
1000,"x13","ARIMA(3,1,0)","Spearman","MAD","p3",2.9652
1000,"x14","ARIMA(3,1,0) 
Differentiated","Spearman","MAD","p1",23.7216
1000,"x14","ARIMA(3,1,0) 
Differentiated","Spearman","MAD","p2",3.7065
1000,"x14","ARIMA(3,1,0) 
Differentiated","Spearman","MAD","p3",4.4478
1000,"x2","ARMA(1,3)","Spearman","MAD","p1",25.2042
1000,"x2","ARMA(1,3)","Spearman","MAD","p2",5.9304
1000,"x2","ARMA(1,3)","Spearman","MAD","p3",4.4478
1000,"x3","ARIMA(2,1,1)","Spearman","MAD","p1",26.6868
1000,"x3","ARIMA(2,1,1)","Spearman","MAD","p2",10.3782
1000,"x3","ARIMA(2,1,1)","Spearman","MAD","p3",1.4826
1000,"x4","NLAR(3)","Spearman","MAD","p1",20.7564
1000,"x4","NLAR(3)","Spearman","MAD","p2",2.9652
1000,"x4","NLAR(3)","Spearman","MAD","p3",4.4478
1000,"x5","NLAR(4)","Spearman","MAD","p1",19.2738
1000,"x5","NLAR(4)","Spearman","MAD","p2",1.4826
1000,"x5","NLAR(4)","Spearman","MAD","p3",2.9652
1000,"x6","NLARMA(2,2)","Spearman","MAD","p1",19.2738
1000,"x6","NLARMA(2,2)","Spearman","MAD","p2",4.4478
1000,"x6","NLARMA(2,2)","Spearman","MAD","p3",1.4826
1000,"x7","SETAR(2,2,[2])","Spearman","MAD","p1",22.239
1000,"x7","SETAR(2,2,[2])","Spearman","MAD","p2",2.9652
1000,"x7","SETAR(2,2,[2])","Spearman","MAD","p3",2.9652
1000,"x8","ARIMA(2,1,1) 
Differentiated","Spearman","MAD","p1",22.239
1000,"x8","ARIMA(2,1,1) 
Differentiated","Spearman","MAD","p2",1.4826
1000,"x8","ARIMA(2,1,1) 
Differentiated","Spearman","MAD","p3",1.4826
1000,"x9","SARIMA(4,0,0) × (2,0,0)[12]","Spearman","MAD","p1",1.4826
1000,"x9","SARIMA(4,0,0) × (2,0,0)[12]","Spearman","MAD","p2",2.9652
1000,"x9","SARIMA(4,0,0) × (2,0,0)[12]","Spearman","MAD","p3",11.8608
2000,"x1","AR(5)","Spearman","MAD","p1",17.7912
2000,"x1","AR(5)","Spearman","MAD","p2",2.9652
2000,"x1","AR(5)","Spearman","MAD","p3",2.9652
2000,"x10","SARIMA(4,0,0) × (2,0,0)[12] 
Additive decomposition","Spearman","MAD","p1",0
2000,"x10","SARIMA(4,0,0) × (2,0,0)[12] 
Additive decomposition","Spearman","MAD","p2",1.4826
2000,"x10","SARIMA(4,0,0) × (2,0,0)[12] 
Additive decomposition","Spearman","MAD","p3",4.4478
2000,"x11","SARIMA(4,0,0) × (2,0,0)[12] 
 Multiplicative decomposition","Spearman","MAD","p1",4.4478
2000,"x11","SARIMA(4,0,0) × (2,0,0)[12] 
 Multiplicative decomposition","Spearman","MAD","p2",10.3782
2000,"x11","SARIMA(4,0,0) × (2,0,0)[12] 
 Multiplicative decomposition","Spearman","MAD","p3",19.2738
2000,"x12","ARMA(1,0,1)-GARCH(1,1)","Spearman","MAD","p1",25.2042
2000,"x12","ARMA(1,0,1)-GARCH(1,1)","Spearman","MAD","p2",4.4478
2000,"x12","ARMA(1,0,1)-GARCH(1,1)","Spearman","MAD","p3",2.9652
2000,"x13","ARIMA(3,1,0)","Spearman","MAD","p1",29.652
2000,"x13","ARIMA(3,1,0)","Spearman","MAD","p2",13.3434
2000,"x13","ARIMA(3,1,0)","Spearman","MAD","p3",2.9652
2000,"x14","ARIMA(3,1,0) 
Differentiated","Spearman","MAD","p1",19.2738
2000,"x14","ARIMA(3,1,0) 
Differentiated","Spearman","MAD","p2",2.9652
2000,"x14","ARIMA(3,1,0) 
Differentiated","Spearman","MAD","p3",2.9652
2000,"x2","ARMA(1,3)","Spearman","MAD","p1",23.7216
2000,"x2","ARMA(1,3)","Spearman","MAD","p2",6.6717
2000,"x2","ARMA(1,3)","Spearman","MAD","p3",4.4478
2000,"x3","ARIMA(2,1,1)","Spearman","MAD","p1",28.1694
2000,"x3","ARIMA(2,1,1)","Spearman","MAD","p2",10.3782
2000,"x3","ARIMA(2,1,1)","Spearman","MAD","p3",2.2239
2000,"x4","NLAR(3)","Spearman","MAD","p1",23.7216
2000,"x4","NLAR(3)","Spearman","MAD","p2",2.9652
2000,"x4","NLAR(3)","Spearman","MAD","p3",1.4826
2000,"x5","NLAR(4)","Spearman","MAD","p1",20.7564
2000,"x5","NLAR(4)","Spearman","MAD","p2",1.4826
2000,"x5","NLAR(4)","Spearman","MAD","p3",1.4826
2000,"x6","NLARMA(2,2)","Spearman","MAD","p1",22.239
2000,"x6","NLARMA(2,2)","Spearman","MAD","p2",4.4478
2000,"x6","NLARMA(2,2)","Spearman","MAD","p3",1.4826
2000,"x7","SETAR(2,2,[2])","Spearman","MAD","p1",19.2738
2000,"x7","SETAR(2,2,[2])","Spearman","MAD","p2",2.9652
2000,"x7","SETAR(2,2,[2])","Spearman","MAD","p3",2.9652
2000,"x8","ARIMA(2,1,1) 
Differentiated","Spearman","MAD","p1",20.7564
2000,"x8","ARIMA(2,1,1) 
Differentiated","Spearman","MAD","p2",1.4826
2000,"x8","ARIMA(2,1,1) 
Differentiated","Spearman","MAD","p3",1.4826
2000,"x9","SARIMA(4,0,0) × (2,0,0)[12]","Spearman","MAD","p1",1.4826
2000,"x9","SARIMA(4,0,0) × (2,0,0)[12]","Spearman","MAD","p2",1.4826
2000,"x9","SARIMA(4,0,0) × (2,0,0)[12]","Spearman","MAD","p3",2.9652
5000,"x1","AR(5)","Spearman","MAD","p1",19.2738
5000,"x1","AR(5)","Spearman","MAD","p2",2.9652
5000,"x1","AR(5)","Spearman","MAD","p3",2.9652
5000,"x10","SARIMA(4,0,0) × (2,0,0)[12] 
Additive decomposition","Spearman","MAD","p1",1.4826
5000,"x10","SARIMA(4,0,0) × (2,0,0)[12] 
Additive decomposition","Spearman","MAD","p2",1.4826
5000,"x10","SARIMA(4,0,0) × (2,0,0)[12] 
Additive decomposition","Spearman","MAD","p3",1.4826
5000,"x11","SARIMA(4,0,0) × (2,0,0)[12] 
 Multiplicative decomposition","Spearman","MAD","p1",4.4478
5000,"x11","SARIMA(4,0,0) × (2,0,0)[12] 
 Multiplicative decomposition","Spearman","MAD","p2",2.9652
5000,"x11","SARIMA(4,0,0) × (2,0,0)[12] 
 Multiplicative decomposition","Spearman","MAD","p3",8.8956
5000,"x12","ARMA(1,0,1)-GARCH(1,1)","Spearman","MAD","p1",27.4281
5000,"x12","ARMA(1,0,1)-GARCH(1,1)","Spearman","MAD","p2",4.4478
5000,"x12","ARMA(1,0,1)-GARCH(1,1)","Spearman","MAD","p3",2.9652
5000,"x13","ARIMA(3,1,0)","Spearman","MAD","p1",31.1346
5000,"x13","ARIMA(3,1,0)","Spearman","MAD","p2",17.7912
5000,"x13","ARIMA(3,1,0)","Spearman","MAD","p3",2.9652
5000,"x14","ARIMA(3,1,0) 
Differentiated","Spearman","MAD","p1",23.7216
5000,"x14","ARIMA(3,1,0) 
Differentiated","Spearman","MAD","p2",2.9652
5000,"x14","ARIMA(3,1,0) 
Differentiated","Spearman","MAD","p3",2.9652
5000,"x2","ARMA(1,3)","Spearman","MAD","p1",28.1694
5000,"x2","ARMA(1,3)","Spearman","MAD","p2",10.3782
5000,"x2","ARMA(1,3)","Spearman","MAD","p3",7.413
5000,"x3","ARIMA(2,1,1)","Spearman","MAD","p1",32.6172
5000,"x3","ARIMA(2,1,1)","Spearman","MAD","p2",17.7912
5000,"x3","ARIMA(2,1,1)","Spearman","MAD","p3",5.1891
5000,"x4","NLAR(3)","Spearman","MAD","p1",19.2738
5000,"x4","NLAR(3)","Spearman","MAD","p2",1.4826
5000,"x4","NLAR(3)","Spearman","MAD","p3",1.4826
5000,"x5","NLAR(4)","Spearman","MAD","p1",22.9803
5000,"x5","NLAR(4)","Spearman","MAD","p2",4.4478
5000,"x5","NLAR(4)","Spearman","MAD","p3",1.4826
5000,"x6","NLARMA(2,2)","Spearman","MAD","p1",25.9455
5000,"x6","NLARMA(2,2)","Spearman","MAD","p2",5.9304
5000,"x6","NLARMA(2,2)","Spearman","MAD","p3",4.4478
5000,"x7","SETAR(2,2,[2])","Spearman","MAD","p1",22.9803
5000,"x7","SETAR(2,2,[2])","Spearman","MAD","p2",2.9652
5000,"x7","SETAR(2,2,[2])","Spearman","MAD","p3",2.9652
5000,"x8","ARIMA(2,1,1) 
Differentiated","Spearman","MAD","p1",22.239
5000,"x8","ARIMA(2,1,1) 
Differentiated","Spearman","MAD","p2",1.4826
5000,"x8","ARIMA(2,1,1) 
Differentiated","Spearman","MAD","p3",1.4826
5000,"x9","SARIMA(4,0,0) × (2,0,0)[12]","Spearman","MAD","p1",0
5000,"x9","SARIMA(4,0,0) × (2,0,0)[12]","Spearman","MAD","p2",1.4826
5000,"x9","SARIMA(4,0,0) × (2,0,0)[12]","Spearman","MAD","p3",2.9652
100,"x1","AR(5)","Xi","MAD","p1",29.652
100,"x1","AR(5)","Xi","MAD","p2",19.2738
100,"x1","AR(5)","Xi","MAD","p3",7.413
100,"x10","SARIMA(4,0,0) × (2,0,0)[12] 
Additive decomposition","Xi","MAD","p1",5.9304
100,"x10","SARIMA(4,0,0) × (2,0,0)[12] 
Additive decomposition","Xi","MAD","p2",8.8956
100,"x10","SARIMA(4,0,0) × (2,0,0)[12] 
Additive decomposition","Xi","MAD","p3",26.6868
100,"x11","SARIMA(4,0,0) × (2,0,0)[12] 
 Multiplicative decomposition","Xi","MAD","p1",5.9304
100,"x11","SARIMA(4,0,0) × (2,0,0)[12] 
 Multiplicative decomposition","Xi","MAD","p2",10.3782
100,"x11","SARIMA(4,0,0) × (2,0,0)[12] 
 Multiplicative decomposition","Xi","MAD","p3",26.6868
100,"x12","ARMA(1,0,1)-GARCH(1,1)","Xi","MAD","p1",37.065
100,"x12","ARMA(1,0,1)-GARCH(1,1)","Xi","MAD","p2",28.1694
100,"x12","ARMA(1,0,1)-GARCH(1,1)","Xi","MAD","p3",16.3086
100,"x13","ARIMA(3,1,0)","Xi","MAD","p1",35.5824
100,"x13","ARIMA(3,1,0)","Xi","MAD","p2",29.652
100,"x13","ARIMA(3,1,0)","Xi","MAD","p3",22.239
100,"x14","ARIMA(3,1,0) 
Differentiated","Xi","MAD","p1",34.0998
100,"x14","ARIMA(3,1,0) 
Differentiated","Xi","MAD","p2",23.7216
100,"x14","ARIMA(3,1,0) 
Differentiated","Xi","MAD","p3",11.1195
100,"x2","ARMA(1,3)","Xi","MAD","p1",37.065
100,"x2","ARMA(1,3)","Xi","MAD","p2",25.2042
100,"x2","ARMA(1,3)","Xi","MAD","p3",10.3782
100,"x3","ARIMA(2,1,1)","Xi","MAD","p1",37.065
100,"x3","ARIMA(2,1,1)","Xi","MAD","p2",28.1694
100,"x3","ARIMA(2,1,1)","Xi","MAD","p3",20.7564
100,"x4","NLAR(3)","Xi","MAD","p1",NA
100,"x4","NLAR(3)","Xi","MAD","p2",NA
100,"x4","NLAR(3)","Xi","MAD","p3",NA
100,"x5","NLAR(4)","Xi","MAD","p1",NA
100,"x5","NLAR(4)","Xi","MAD","p2",NA
100,"x5","NLAR(4)","Xi","MAD","p3",10.3782
100,"x6","NLARMA(2,2)","Xi","MAD","p1",NA
100,"x6","NLARMA(2,2)","Xi","MAD","p2",NA
100,"x6","NLARMA(2,2)","Xi","MAD","p3",28.1694
100,"x7","SETAR(2,2,[2])","Xi","MAD","p1",35.5824
100,"x7","SETAR(2,2,[2])","Xi","MAD","p2",23.7216
100,"x7","SETAR(2,2,[2])","Xi","MAD","p3",8.8956
100,"x8","ARIMA(2,1,1) 
Differentiated","Xi","MAD","p1",34.0998
100,"x8","ARIMA(2,1,1) 
Differentiated","Xi","MAD","p2",22.239
100,"x8","ARIMA(2,1,1) 
Differentiated","Xi","MAD","p3",5.9304
100,"x9","SARIMA(4,0,0) × (2,0,0)[12]","Xi","MAD","p1",5.9304
100,"x9","SARIMA(4,0,0) × (2,0,0)[12]","Xi","MAD","p2",11.8608
100,"x9","SARIMA(4,0,0) × (2,0,0)[12]","Xi","MAD","p3",29.652
500,"x1","AR(5)","Xi","MAD","p1",19.2738
500,"x1","AR(5)","Xi","MAD","p2",7.413
500,"x1","AR(5)","Xi","MAD","p3",7.413
500,"x10","SARIMA(4,0,0) × (2,0,0)[12] 
Additive decomposition","Xi","MAD","p1",8.8956
500,"x10","SARIMA(4,0,0) × (2,0,0)[12] 
Additive decomposition","Xi","MAD","p2",23.7216
500,"x10","SARIMA(4,0,0) × (2,0,0)[12] 
Additive decomposition","Xi","MAD","p3",35.5824
500,"x11","SARIMA(4,0,0) × (2,0,0)[12] 
 Multiplicative decomposition","Xi","MAD","p1",5.9304
500,"x11","SARIMA(4,0,0) × (2,0,0)[12] 
 Multiplicative decomposition","Xi","MAD","p2",19.2738
500,"x11","SARIMA(4,0,0) × (2,0,0)[12] 
 Multiplicative decomposition","Xi","MAD","p3",35.5824
500,"x12","ARMA(1,0,1)-GARCH(1,1)","Xi","MAD","p1",29.652
500,"x12","ARMA(1,0,1)-GARCH(1,1)","Xi","MAD","p2",10.3782
500,"x12","ARMA(1,0,1)-GARCH(1,1)","Xi","MAD","p3",1.4826
500,"x13","ARIMA(3,1,0)","Xi","MAD","p1",29.652
500,"x13","ARIMA(3,1,0)","Xi","MAD","p2",13.3434
500,"x13","ARIMA(3,1,0)","Xi","MAD","p3",4.4478
500,"x14","ARIMA(3,1,0) 
Differentiated","Xi","MAD","p1",25.9455
500,"x14","ARIMA(3,1,0) 
Differentiated","Xi","MAD","p2",4.4478
500,"x14","ARIMA(3,1,0) 
Differentiated","Xi","MAD","p3",4.4478
500,"x2","ARMA(1,3)","Xi","MAD","p1",25.2042
500,"x2","ARMA(1,3)","Xi","MAD","p2",1.4826
500,"x2","ARMA(1,3)","Xi","MAD","p3",1.4826
500,"x3","ARIMA(2,1,1)","Xi","MAD","p1",28.1694
500,"x3","ARIMA(2,1,1)","Xi","MAD","p2",14.826
500,"x3","ARIMA(2,1,1)","Xi","MAD","p3",7.413
500,"x4","NLAR(3)","Xi","MAD","p1",28.1694
500,"x4","NLAR(3)","Xi","MAD","p2",13.3434
500,"x4","NLAR(3)","Xi","MAD","p3",4.4478
500,"x5","NLAR(4)","Xi","MAD","p1",26.6868
500,"x5","NLAR(4)","Xi","MAD","p2",5.9304
500,"x5","NLAR(4)","Xi","MAD","p3",5.9304
500,"x6","NLARMA(2,2)","Xi","MAD","p1",35.5824
500,"x6","NLARMA(2,2)","Xi","MAD","p2",26.6868
500,"x6","NLARMA(2,2)","Xi","MAD","p3",14.826
500,"x7","SETAR(2,2,[2])","Xi","MAD","p1",27.4281
500,"x7","SETAR(2,2,[2])","Xi","MAD","p2",4.4478
500,"x7","SETAR(2,2,[2])","Xi","MAD","p3",2.9652
500,"x8","ARIMA(2,1,1) 
Differentiated","Xi","MAD","p1",26.6868
500,"x8","ARIMA(2,1,1) 
Differentiated","Xi","MAD","p2",2.9652
500,"x8","ARIMA(2,1,1) 
Differentiated","Xi","MAD","p3",2.9652
500,"x9","SARIMA(4,0,0) × (2,0,0)[12]","Xi","MAD","p1",7.413
500,"x9","SARIMA(4,0,0) × (2,0,0)[12]","Xi","MAD","p2",19.2738
500,"x9","SARIMA(4,0,0) × (2,0,0)[12]","Xi","MAD","p3",35.5824
1000,"x1","AR(5)","Xi","MAD","p1",22.9803
1000,"x1","AR(5)","Xi","MAD","p2",2.9652
1000,"x1","AR(5)","Xi","MAD","p3",2.9652
1000,"x10","SARIMA(4,0,0) × (2,0,0)[12] 
Additive decomposition","Xi","MAD","p1",11.8608
1000,"x10","SARIMA(4,0,0) × (2,0,0)[12] 
Additive decomposition","Xi","MAD","p2",19.2738
1000,"x10","SARIMA(4,0,0) × (2,0,0)[12] 
Additive decomposition","Xi","MAD","p3",31.1346
1000,"x11","SARIMA(4,0,0) × (2,0,0)[12] 
 Multiplicative decomposition","Xi","MAD","p1",4.4478
1000,"x11","SARIMA(4,0,0) × (2,0,0)[12] 
 Multiplicative decomposition","Xi","MAD","p2",14.826
1000,"x11","SARIMA(4,0,0) × (2,0,0)[12] 
 Multiplicative decomposition","Xi","MAD","p3",25.2042
1000,"x12","ARMA(1,0,1)-GARCH(1,1)","Xi","MAD","p1",28.1694
1000,"x12","ARMA(1,0,1)-GARCH(1,1)","Xi","MAD","p2",2.2239
1000,"x12","ARMA(1,0,1)-GARCH(1,1)","Xi","MAD","p3",1.4826
1000,"x13","ARIMA(3,1,0)","Xi","MAD","p1",26.6868
1000,"x13","ARIMA(3,1,0)","Xi","MAD","p2",13.3434
1000,"x13","ARIMA(3,1,0)","Xi","MAD","p3",4.4478
1000,"x14","ARIMA(3,1,0) 
Differentiated","Xi","MAD","p1",22.239
1000,"x14","ARIMA(3,1,0) 
Differentiated","Xi","MAD","p2",4.4478
1000,"x14","ARIMA(3,1,0) 
Differentiated","Xi","MAD","p3",4.4478
1000,"x2","ARMA(1,3)","Xi","MAD","p1",28.1694
1000,"x2","ARMA(1,3)","Xi","MAD","p2",7.413
1000,"x2","ARMA(1,3)","Xi","MAD","p3",1.4826
1000,"x3","ARIMA(2,1,1)","Xi","MAD","p1",28.1694
1000,"x3","ARIMA(2,1,1)","Xi","MAD","p2",14.826
1000,"x3","ARIMA(2,1,1)","Xi","MAD","p3",8.8956
1000,"x4","NLAR(3)","Xi","MAD","p1",28.1694
1000,"x4","NLAR(3)","Xi","MAD","p2",9.6369
1000,"x4","NLAR(3)","Xi","MAD","p3",4.4478
1000,"x5","NLAR(4)","Xi","MAD","p1",23.7216
1000,"x5","NLAR(4)","Xi","MAD","p2",5.9304
1000,"x5","NLAR(4)","Xi","MAD","p3",5.9304
1000,"x6","NLARMA(2,2)","Xi","MAD","p1",34.0998
1000,"x6","NLARMA(2,2)","Xi","MAD","p2",22.9803
1000,"x6","NLARMA(2,2)","Xi","MAD","p3",11.8608
1000,"x7","SETAR(2,2,[2])","Xi","MAD","p1",25.2042
1000,"x7","SETAR(2,2,[2])","Xi","MAD","p2",2.9652
1000,"x7","SETAR(2,2,[2])","Xi","MAD","p3",2.9652
1000,"x8","ARIMA(2,1,1) 
Differentiated","Xi","MAD","p1",22.239
1000,"x8","ARIMA(2,1,1) 
Differentiated","Xi","MAD","p2",2.9652
1000,"x8","ARIMA(2,1,1) 
Differentiated","Xi","MAD","p3",2.9652
1000,"x9","SARIMA(4,0,0) × (2,0,0)[12]","Xi","MAD","p1",8.8956
1000,"x9","SARIMA(4,0,0) × (2,0,0)[12]","Xi","MAD","p2",19.2738
1000,"x9","SARIMA(4,0,0) × (2,0,0)[12]","Xi","MAD","p3",35.5824
2000,"x1","AR(5)","Xi","MAD","p1",19.2738
2000,"x1","AR(5)","Xi","MAD","p2",2.9652
2000,"x1","AR(5)","Xi","MAD","p3",2.9652
2000,"x10","SARIMA(4,0,0) × (2,0,0)[12] 
Additive decomposition","Xi","MAD","p1",11.8608
2000,"x10","SARIMA(4,0,0) × (2,0,0)[12] 
Additive decomposition","Xi","MAD","p2",19.2738
2000,"x10","SARIMA(4,0,0) × (2,0,0)[12] 
Additive decomposition","Xi","MAD","p3",29.652
2000,"x11","SARIMA(4,0,0) × (2,0,0)[12] 
 Multiplicative decomposition","Xi","MAD","p1",2.9652
2000,"x11","SARIMA(4,0,0) × (2,0,0)[12] 
 Multiplicative decomposition","Xi","MAD","p2",8.8956
2000,"x11","SARIMA(4,0,0) × (2,0,0)[12] 
 Multiplicative decomposition","Xi","MAD","p3",19.2738
2000,"x12","ARMA(1,0,1)-GARCH(1,1)","Xi","MAD","p1",28.1694
2000,"x12","ARMA(1,0,1)-GARCH(1,1)","Xi","MAD","p2",2.2239
2000,"x12","ARMA(1,0,1)-GARCH(1,1)","Xi","MAD","p3",1.4826
2000,"x13","ARIMA(3,1,0)","Xi","MAD","p1",28.1694
2000,"x13","ARIMA(3,1,0)","Xi","MAD","p2",18.5325
2000,"x13","ARIMA(3,1,0)","Xi","MAD","p3",10.3782
2000,"x14","ARIMA(3,1,0) 
Differentiated","Xi","MAD","p1",22.9803
2000,"x14","ARIMA(3,1,0) 
Differentiated","Xi","MAD","p2",4.4478
2000,"x14","ARIMA(3,1,0) 
Differentiated","Xi","MAD","p3",4.4478
2000,"x2","ARMA(1,3)","Xi","MAD","p1",22.239
2000,"x2","ARMA(1,3)","Xi","MAD","p2",1.4826
2000,"x2","ARMA(1,3)","Xi","MAD","p3",1.4826
2000,"x3","ARIMA(2,1,1)","Xi","MAD","p1",28.1694
2000,"x3","ARIMA(2,1,1)","Xi","MAD","p2",18.5325
2000,"x3","ARIMA(2,1,1)","Xi","MAD","p3",13.3434
2000,"x4","NLAR(3)","Xi","MAD","p1",26.6868
2000,"x4","NLAR(3)","Xi","MAD","p2",11.8608
2000,"x4","NLAR(3)","Xi","MAD","p3",4.4478
2000,"x5","NLAR(4)","Xi","MAD","p1",22.239
2000,"x5","NLAR(4)","Xi","MAD","p2",5.9304
2000,"x5","NLAR(4)","Xi","MAD","p3",5.9304
2000,"x6","NLARMA(2,2)","Xi","MAD","p1",34.0998
2000,"x6","NLARMA(2,2)","Xi","MAD","p2",22.239
2000,"x6","NLARMA(2,2)","Xi","MAD","p3",10.3782
2000,"x7","SETAR(2,2,[2])","Xi","MAD","p1",25.2042
2000,"x7","SETAR(2,2,[2])","Xi","MAD","p2",2.9652
2000,"x7","SETAR(2,2,[2])","Xi","MAD","p3",1.4826
2000,"x8","ARIMA(2,1,1) 
Differentiated","Xi","MAD","p1",20.7564
2000,"x8","ARIMA(2,1,1) 
Differentiated","Xi","MAD","p2",1.4826
2000,"x8","ARIMA(2,1,1) 
Differentiated","Xi","MAD","p3",2.9652
2000,"x9","SARIMA(4,0,0) × (2,0,0)[12]","Xi","MAD","p1",10.3782
2000,"x9","SARIMA(4,0,0) × (2,0,0)[12]","Xi","MAD","p2",19.2738
2000,"x9","SARIMA(4,0,0) × (2,0,0)[12]","Xi","MAD","p3",34.0998
5000,"x1","AR(5)","Xi","MAD","p1",20.0151
5000,"x1","AR(5)","Xi","MAD","p2",2.9652
5000,"x1","AR(5)","Xi","MAD","p3",2.9652
5000,"x10","SARIMA(4,0,0) × (2,0,0)[12] 
Additive decomposition","Xi","MAD","p1",8.8956
5000,"x10","SARIMA(4,0,0) × (2,0,0)[12] 
Additive decomposition","Xi","MAD","p2",19.2738
5000,"x10","SARIMA(4,0,0) × (2,0,0)[12] 
Additive decomposition","Xi","MAD","p3",22.9803
5000,"x11","SARIMA(4,0,0) × (2,0,0)[12] 
 Multiplicative decomposition","Xi","MAD","p1",4.4478
5000,"x11","SARIMA(4,0,0) × (2,0,0)[12] 
 Multiplicative decomposition","Xi","MAD","p2",2.9652
5000,"x11","SARIMA(4,0,0) × (2,0,0)[12] 
 Multiplicative decomposition","Xi","MAD","p3",10.3782
5000,"x12","ARMA(1,0,1)-GARCH(1,1)","Xi","MAD","p1",26.6868
5000,"x12","ARMA(1,0,1)-GARCH(1,1)","Xi","MAD","p2",2.9652
5000,"x12","ARMA(1,0,1)-GARCH(1,1)","Xi","MAD","p3",1.4826
5000,"x13","ARIMA(3,1,0)","Xi","MAD","p1",34.0998
5000,"x13","ARIMA(3,1,0)","Xi","MAD","p2",26.6868
5000,"x13","ARIMA(3,1,0)","Xi","MAD","p3",20.7564
5000,"x14","ARIMA(3,1,0) 
Differentiated","Xi","MAD","p1",20.7564
5000,"x14","ARIMA(3,1,0) 
Differentiated","Xi","MAD","p2",1.4826
5000,"x14","ARIMA(3,1,0) 
Differentiated","Xi","MAD","p3",1.4826
5000,"x2","ARMA(1,3)","Xi","MAD","p1",28.1694
5000,"x2","ARMA(1,3)","Xi","MAD","p2",2.9652
5000,"x2","ARMA(1,3)","Xi","MAD","p3",1.4826
5000,"x3","ARIMA(2,1,1)","Xi","MAD","p1",34.0998
5000,"x3","ARIMA(2,1,1)","Xi","MAD","p2",26.6868
5000,"x3","ARIMA(2,1,1)","Xi","MAD","p3",20.7564
5000,"x4","NLAR(3)","Xi","MAD","p1",31.1346
5000,"x4","NLAR(3)","Xi","MAD","p2",11.8608
5000,"x4","NLAR(3)","Xi","MAD","p3",4.4478
5000,"x5","NLAR(4)","Xi","MAD","p1",25.9455
5000,"x5","NLAR(4)","Xi","MAD","p2",5.9304
5000,"x5","NLAR(4)","Xi","MAD","p3",5.9304
5000,"x6","NLARMA(2,2)","Xi","MAD","p1",37.8063
5000,"x6","NLARMA(2,2)","Xi","MAD","p2",26.6868
5000,"x6","NLARMA(2,2)","Xi","MAD","p3",14.826
5000,"x7","SETAR(2,2,[2])","Xi","MAD","p1",25.2042
5000,"x7","SETAR(2,2,[2])","Xi","MAD","p2",4.4478
5000,"x7","SETAR(2,2,[2])","Xi","MAD","p3",1.4826
5000,"x8","ARIMA(2,1,1) 
Differentiated","Xi","MAD","p1",24.4629
5000,"x8","ARIMA(2,1,1) 
Differentiated","Xi","MAD","p2",1.4826
5000,"x8","ARIMA(2,1,1) 
Differentiated","Xi","MAD","p3",1.4826
5000,"x9","SARIMA(4,0,0) × (2,0,0)[12]","Xi","MAD","p1",8.8956
5000,"x9","SARIMA(4,0,0) × (2,0,0)[12]","Xi","MAD","p2",19.2738
5000,"x9","SARIMA(4,0,0) × (2,0,0)[12]","Xi","MAD","p3",22.239
100,"x1","AR(5)","Codec","MAD","p1",23.7216
100,"x1","AR(5)","Codec","MAD","p2",7.413
100,"x1","AR(5)","Codec","MAD","p3",7.413
100,"x10","SARIMA(4,0,0) × (2,0,0)[12] 
Additive decomposition","Codec","MAD","p1",8.8956
100,"x10","SARIMA(4,0,0) × (2,0,0)[12] 
Additive decomposition","Codec","MAD","p2",26.6868
100,"x10","SARIMA(4,0,0) × (2,0,0)[12] 
Additive decomposition","Codec","MAD","p3",35.5824
100,"x11","SARIMA(4,0,0) × (2,0,0)[12] 
 Multiplicative decomposition","Codec","MAD","p1",7.413
100,"x11","SARIMA(4,0,0) × (2,0,0)[12] 
 Multiplicative decomposition","Codec","MAD","p2",21.4977
100,"x11","SARIMA(4,0,0) × (2,0,0)[12] 
 Multiplicative decomposition","Codec","MAD","p3",35.5824
100,"x12","ARMA(1,0,1)-GARCH(1,1)","Codec","MAD","p1",30.3933
100,"x12","ARMA(1,0,1)-GARCH(1,1)","Codec","MAD","p2",13.3434
100,"x12","ARMA(1,0,1)-GARCH(1,1)","Codec","MAD","p3",1.4826
100,"x13","ARIMA(3,1,0)","Codec","MAD","p1",32.6172
100,"x13","ARIMA(3,1,0)","Codec","MAD","p2",21.4977
100,"x13","ARIMA(3,1,0)","Codec","MAD","p3",11.8608
100,"x14","ARIMA(3,1,0) 
Differentiated","Codec","MAD","p1",28.9107
100,"x14","ARIMA(3,1,0) 
Differentiated","Codec","MAD","p2",5.9304
100,"x14","ARIMA(3,1,0) 
Differentiated","Codec","MAD","p3",4.4478
100,"x2","ARMA(1,3)","Codec","MAD","p1",32.6172
100,"x2","ARMA(1,3)","Codec","MAD","p2",8.8956
100,"x2","ARMA(1,3)","Codec","MAD","p3",1.4826
100,"x3","ARIMA(2,1,1)","Codec","MAD","p1",31.8759
100,"x3","ARIMA(2,1,1)","Codec","MAD","p2",22.239
100,"x3","ARIMA(2,1,1)","Codec","MAD","p3",11.1195
100,"x4","NLAR(3)","Codec","MAD","p1",12.6021
100,"x4","NLAR(3)","Codec","MAD","p2",2.9652
100,"x4","NLAR(3)","Codec","MAD","p3",4.4478
100,"x5","NLAR(4)","Codec","MAD","p1",14.826
100,"x5","NLAR(4)","Codec","MAD","p2",4.4478
100,"x5","NLAR(4)","Codec","MAD","p3",5.9304
100,"x6","NLARMA(2,2)","Codec","MAD","p1",1.4826
100,"x6","NLARMA(2,2)","Codec","MAD","p2",1.4826
100,"x6","NLARMA(2,2)","Codec","MAD","p3",2.9652
100,"x7","SETAR(2,2,[2])","Codec","MAD","p1",23.7216
100,"x7","SETAR(2,2,[2])","Codec","MAD","p2",2.9652
100,"x7","SETAR(2,2,[2])","Codec","MAD","p3",2.9652
100,"x8","ARIMA(2,1,1) 
Differentiated","Codec","MAD","p1",31.1346
100,"x8","ARIMA(2,1,1) 
Differentiated","Codec","MAD","p2",11.8608
100,"x8","ARIMA(2,1,1) 
Differentiated","Codec","MAD","p3",2.9652
100,"x9","SARIMA(4,0,0) × (2,0,0)[12]","Codec","MAD","p1",7.413
100,"x9","SARIMA(4,0,0) × (2,0,0)[12]","Codec","MAD","p2",17.7912
100,"x9","SARIMA(4,0,0) × (2,0,0)[12]","Codec","MAD","p3",34.8411
500,"x1","AR(5)","Codec","MAD","p1",23.7216
500,"x1","AR(5)","Codec","MAD","p2",5.9304
500,"x1","AR(5)","Codec","MAD","p3",6.6717
500,"x10","SARIMA(4,0,0) × (2,0,0)[12] 
Additive decomposition","Codec","MAD","p1",8.1543
500,"x10","SARIMA(4,0,0) × (2,0,0)[12] 
Additive decomposition","Codec","MAD","p2",20.7564
500,"x10","SARIMA(4,0,0) × (2,0,0)[12] 
Additive decomposition","Codec","MAD","p3",32.6172
500,"x11","SARIMA(4,0,0) × (2,0,0)[12] 
 Multiplicative decomposition","Codec","MAD","p1",5.9304
500,"x11","SARIMA(4,0,0) × (2,0,0)[12] 
 Multiplicative decomposition","Codec","MAD","p2",16.3086
500,"x11","SARIMA(4,0,0) × (2,0,0)[12] 
 Multiplicative decomposition","Codec","MAD","p3",28.1694
500,"x12","ARMA(1,0,1)-GARCH(1,1)","Codec","MAD","p1",25.2042
500,"x12","ARMA(1,0,1)-GARCH(1,1)","Codec","MAD","p2",1.4826
500,"x12","ARMA(1,0,1)-GARCH(1,1)","Codec","MAD","p3",1.4826
500,"x13","ARIMA(3,1,0)","Codec","MAD","p1",36.3237
500,"x13","ARIMA(3,1,0)","Codec","MAD","p2",29.652
500,"x13","ARIMA(3,1,0)","Codec","MAD","p3",23.7216
500,"x14","ARIMA(3,1,0) 
Differentiated","Codec","MAD","p1",25.2042
500,"x14","ARIMA(3,1,0) 
Differentiated","Codec","MAD","p2",4.4478
500,"x14","ARIMA(3,1,0) 
Differentiated","Codec","MAD","p3",4.4478
500,"x2","ARMA(1,3)","Codec","MAD","p1",26.6868
500,"x2","ARMA(1,3)","Codec","MAD","p2",1.4826
500,"x2","ARMA(1,3)","Codec","MAD","p3",1.4826
500,"x3","ARIMA(2,1,1)","Codec","MAD","p1",2.9652
500,"x3","ARIMA(2,1,1)","Codec","MAD","p2",1.4826
500,"x3","ARIMA(2,1,1)","Codec","MAD","p3",2.9652
500,"x4","NLAR(3)","Codec","MAD","p1",1.4826
500,"x4","NLAR(3)","Codec","MAD","p2",2.9652
500,"x4","NLAR(3)","Codec","MAD","p3",4.4478
500,"x5","NLAR(4)","Codec","MAD","p1",2.9652
500,"x5","NLAR(4)","Codec","MAD","p2",4.4478
500,"x5","NLAR(4)","Codec","MAD","p3",5.9304
500,"x6","NLARMA(2,2)","Codec","MAD","p1",0
500,"x6","NLARMA(2,2)","Codec","MAD","p2",1.4826
500,"x6","NLARMA(2,2)","Codec","MAD","p3",2.9652
500,"x7","SETAR(2,2,[2])","Codec","MAD","p1",14.826
500,"x7","SETAR(2,2,[2])","Codec","MAD","p2",1.4826
500,"x7","SETAR(2,2,[2])","Codec","MAD","p3",2.9652
500,"x8","ARIMA(2,1,1) 
Differentiated","Codec","MAD","p1",23.7216
500,"x8","ARIMA(2,1,1) 
Differentiated","Codec","MAD","p2",0
500,"x8","ARIMA(2,1,1) 
Differentiated","Codec","MAD","p3",1.4826
500,"x9","SARIMA(4,0,0) × (2,0,0)[12]","Codec","MAD","p1",7.413
500,"x9","SARIMA(4,0,0) × (2,0,0)[12]","Codec","MAD","p2",18.5325
500,"x9","SARIMA(4,0,0) × (2,0,0)[12]","Codec","MAD","p3",34.0998
1000,"x1","AR(5)","Codec","MAD","p1",23.7216
1000,"x1","AR(5)","Codec","MAD","p2",5.9304
1000,"x1","AR(5)","Codec","MAD","p3",5.9304
1000,"x10","SARIMA(4,0,0) × (2,0,0)[12] 
Additive decomposition","Codec","MAD","p1",7.413
1000,"x10","SARIMA(4,0,0) × (2,0,0)[12] 
Additive decomposition","Codec","MAD","p2",17.7912
1000,"x10","SARIMA(4,0,0) × (2,0,0)[12] 
Additive decomposition","Codec","MAD","p3",31.1346
1000,"x11","SARIMA(4,0,0) × (2,0,0)[12] 
 Multiplicative decomposition","Codec","MAD","p1",5.9304
1000,"x11","SARIMA(4,0,0) × (2,0,0)[12] 
 Multiplicative decomposition","Codec","MAD","p2",12.6021
1000,"x11","SARIMA(4,0,0) × (2,0,0)[12] 
 Multiplicative decomposition","Codec","MAD","p3",23.7216
1000,"x12","ARMA(1,0,1)-GARCH(1,1)","Codec","MAD","p1",20.7564
1000,"x12","ARMA(1,0,1)-GARCH(1,1)","Codec","MAD","p2",1.4826
1000,"x12","ARMA(1,0,1)-GARCH(1,1)","Codec","MAD","p3",1.4826
1000,"x13","ARIMA(3,1,0)","Codec","MAD","p1",37.065
1000,"x13","ARIMA(3,1,0)","Codec","MAD","p2",29.652
1000,"x13","ARIMA(3,1,0)","Codec","MAD","p3",22.239
1000,"x14","ARIMA(3,1,0) 
Differentiated","Codec","MAD","p1",26.6868
1000,"x14","ARIMA(3,1,0) 
Differentiated","Codec","MAD","p2",2.9652
1000,"x14","ARIMA(3,1,0) 
Differentiated","Codec","MAD","p3",4.4478
1000,"x2","ARMA(1,3)","Codec","MAD","p1",25.2042
1000,"x2","ARMA(1,3)","Codec","MAD","p2",1.4826
1000,"x2","ARMA(1,3)","Codec","MAD","p3",1.4826
1000,"x3","ARIMA(2,1,1)","Codec","MAD","p1",1.4826
1000,"x3","ARIMA(2,1,1)","Codec","MAD","p2",0
1000,"x3","ARIMA(2,1,1)","Codec","MAD","p3",1.4826
1000,"x4","NLAR(3)","Codec","MAD","p1",1.4826
1000,"x4","NLAR(3)","Codec","MAD","p2",1.4826
1000,"x4","NLAR(3)","Codec","MAD","p3",2.9652
1000,"x5","NLAR(4)","Codec","MAD","p1",1.4826
1000,"x5","NLAR(4)","Codec","MAD","p2",2.9652
1000,"x5","NLAR(4)","Codec","MAD","p3",4.4478
1000,"x6","NLARMA(2,2)","Codec","MAD","p1",0
1000,"x6","NLARMA(2,2)","Codec","MAD","p2",1.4826
1000,"x6","NLARMA(2,2)","Codec","MAD","p3",2.9652
1000,"x7","SETAR(2,2,[2])","Codec","MAD","p1",14.0847
1000,"x7","SETAR(2,2,[2])","Codec","MAD","p2",1.4826
1000,"x7","SETAR(2,2,[2])","Codec","MAD","p3",2.9652
1000,"x8","ARIMA(2,1,1) 
Differentiated","Codec","MAD","p1",19.2738
1000,"x8","ARIMA(2,1,1) 
Differentiated","Codec","MAD","p2",0
1000,"x8","ARIMA(2,1,1) 
Differentiated","Codec","MAD","p3",1.4826
1000,"x9","SARIMA(4,0,0) × (2,0,0)[12]","Codec","MAD","p1",8.8956
1000,"x9","SARIMA(4,0,0) × (2,0,0)[12]","Codec","MAD","p2",19.2738
1000,"x9","SARIMA(4,0,0) × (2,0,0)[12]","Codec","MAD","p3",34.0998
2000,"x1","AR(5)","Codec","MAD","p1",22.239
2000,"x1","AR(5)","Codec","MAD","p2",5.9304
2000,"x1","AR(5)","Codec","MAD","p3",5.9304
2000,"x10","SARIMA(4,0,0) × (2,0,0)[12] 
Additive decomposition","Codec","MAD","p1",8.8956
2000,"x10","SARIMA(4,0,0) × (2,0,0)[12] 
Additive decomposition","Codec","MAD","p2",17.7912
2000,"x10","SARIMA(4,0,0) × (2,0,0)[12] 
Additive decomposition","Codec","MAD","p3",28.1694
2000,"x11","SARIMA(4,0,0) × (2,0,0)[12] 
 Multiplicative decomposition","Codec","MAD","p1",7.413
2000,"x11","SARIMA(4,0,0) × (2,0,0)[12] 
 Multiplicative decomposition","Codec","MAD","p2",8.8956
2000,"x11","SARIMA(4,0,0) × (2,0,0)[12] 
 Multiplicative decomposition","Codec","MAD","p3",18.5325
2000,"x12","ARMA(1,0,1)-GARCH(1,1)","Codec","MAD","p1",20.7564
2000,"x12","ARMA(1,0,1)-GARCH(1,1)","Codec","MAD","p2",1.4826
2000,"x12","ARMA(1,0,1)-GARCH(1,1)","Codec","MAD","p3",0
2000,"x13","ARIMA(3,1,0)","Codec","MAD","p1",1.4826
2000,"x13","ARIMA(3,1,0)","Codec","MAD","p2",2.9652
2000,"x13","ARIMA(3,1,0)","Codec","MAD","p3",4.4478
2000,"x14","ARIMA(3,1,0) 
Differentiated","Codec","MAD","p1",26.6868
2000,"x14","ARIMA(3,1,0) 
Differentiated","Codec","MAD","p2",2.9652
2000,"x14","ARIMA(3,1,0) 
Differentiated","Codec","MAD","p3",4.4478
2000,"x2","ARMA(1,3)","Codec","MAD","p1",23.7216
2000,"x2","ARMA(1,3)","Codec","MAD","p2",1.4826
2000,"x2","ARMA(1,3)","Codec","MAD","p3",1.4826
2000,"x3","ARIMA(2,1,1)","Codec","MAD","p1",1.4826
2000,"x3","ARIMA(2,1,1)","Codec","MAD","p2",0
2000,"x3","ARIMA(2,1,1)","Codec","MAD","p3",1.4826
2000,"x4","NLAR(3)","Codec","MAD","p1",0
2000,"x4","NLAR(3)","Codec","MAD","p2",1.4826
2000,"x4","NLAR(3)","Codec","MAD","p3",2.9652
2000,"x5","NLAR(4)","Codec","MAD","p1",0
2000,"x5","NLAR(4)","Codec","MAD","p2",2.9652
2000,"x5","NLAR(4)","Codec","MAD","p3",4.4478
2000,"x6","NLARMA(2,2)","Codec","MAD","p1",1.4826
2000,"x6","NLARMA(2,2)","Codec","MAD","p2",0
2000,"x6","NLARMA(2,2)","Codec","MAD","p3",1.4826
2000,"x7","SETAR(2,2,[2])","Codec","MAD","p1",11.8608
2000,"x7","SETAR(2,2,[2])","Codec","MAD","p2",1.4826
2000,"x7","SETAR(2,2,[2])","Codec","MAD","p3",2.9652
2000,"x8","ARIMA(2,1,1) 
Differentiated","Codec","MAD","p1",16.3086
2000,"x8","ARIMA(2,1,1) 
Differentiated","Codec","MAD","p2",0
2000,"x8","ARIMA(2,1,1) 
Differentiated","Codec","MAD","p3",1.4826
2000,"x9","SARIMA(4,0,0) × (2,0,0)[12]","Codec","MAD","p1",7.413
2000,"x9","SARIMA(4,0,0) × (2,0,0)[12]","Codec","MAD","p2",17.7912
2000,"x9","SARIMA(4,0,0) × (2,0,0)[12]","Codec","MAD","p3",34.0998
5000,"x1","AR(5)","Codec","MAD","p1",20.7564
5000,"x1","AR(5)","Codec","MAD","p2",1.4826
5000,"x1","AR(5)","Codec","MAD","p3",4.4478
5000,"x10","SARIMA(4,0,0) × (2,0,0)[12] 
Additive decomposition","Codec","MAD","p1",8.8956
5000,"x10","SARIMA(4,0,0) × (2,0,0)[12] 
Additive decomposition","Codec","MAD","p2",17.7912
5000,"x10","SARIMA(4,0,0) × (2,0,0)[12] 
Additive decomposition","Codec","MAD","p3",26.6868
5000,"x11","SARIMA(4,0,0) × (2,0,0)[12] 
 Multiplicative decomposition","Codec","MAD","p1",7.413
5000,"x11","SARIMA(4,0,0) × (2,0,0)[12] 
 Multiplicative decomposition","Codec","MAD","p2",7.413
5000,"x11","SARIMA(4,0,0) × (2,0,0)[12] 
 Multiplicative decomposition","Codec","MAD","p3",17.7912
5000,"x12","ARMA(1,0,1)-GARCH(1,1)","Codec","MAD","p1",17.7912
5000,"x12","ARMA(1,0,1)-GARCH(1,1)","Codec","MAD","p2",1.4826
5000,"x12","ARMA(1,0,1)-GARCH(1,1)","Codec","MAD","p3",0
5000,"x13","ARIMA(3,1,0)","Codec","MAD","p1",1.4826
5000,"x13","ARIMA(3,1,0)","Codec","MAD","p2",2.9652
5000,"x13","ARIMA(3,1,0)","Codec","MAD","p3",4.4478
5000,"x14","ARIMA(3,1,0) 
Differentiated","Codec","MAD","p1",25.2042
5000,"x14","ARIMA(3,1,0) 
Differentiated","Codec","MAD","p2",2.9652
5000,"x14","ARIMA(3,1,0) 
Differentiated","Codec","MAD","p3",2.9652
5000,"x2","ARMA(1,3)","Codec","MAD","p1",27.4281
5000,"x2","ARMA(1,3)","Codec","MAD","p2",2.9652
5000,"x2","ARMA(1,3)","Codec","MAD","p3",1.4826
5000,"x3","ARIMA(2,1,1)","Codec","MAD","p1",1.4826
5000,"x3","ARIMA(2,1,1)","Codec","MAD","p2",0
5000,"x3","ARIMA(2,1,1)","Codec","MAD","p3",1.4826
5000,"x4","NLAR(3)","Codec","MAD","p1",0
5000,"x4","NLAR(3)","Codec","MAD","p2",1.4826
5000,"x4","NLAR(3)","Codec","MAD","p3",2.9652
5000,"x5","NLAR(4)","Codec","MAD","p1",0
5000,"x5","NLAR(4)","Codec","MAD","p2",2.9652
5000,"x5","NLAR(4)","Codec","MAD","p3",4.4478
5000,"x6","NLARMA(2,2)","Codec","MAD","p1",1.4826
5000,"x6","NLARMA(2,2)","Codec","MAD","p2",0
5000,"x6","NLARMA(2,2)","Codec","MAD","p3",1.4826
5000,"x7","SETAR(2,2,[2])","Codec","MAD","p1",5.9304
5000,"x7","SETAR(2,2,[2])","Codec","MAD","p2",1.4826
5000,"x7","SETAR(2,2,[2])","Codec","MAD","p3",2.9652
5000,"x8","ARIMA(2,1,1) 
Differentiated","Codec","MAD","p1",10.3782
5000,"x8","ARIMA(2,1,1) 
Differentiated","Codec","MAD","p2",0
5000,"x8","ARIMA(2,1,1) 
Differentiated","Codec","MAD","p3",1.4826
5000,"x9","SARIMA(4,0,0) × (2,0,0)[12]","Codec","MAD","p1",10.3782
5000,"x9","SARIMA(4,0,0) × (2,0,0)[12]","Codec","MAD","p2",17.7912
5000,"x9","SARIMA(4,0,0) × (2,0,0)[12]","Codec","MAD","p3",31.8759
100,"x1","AR(5)","AIC","RMSE","p1",3.250384592629
100,"x1","AR(5)","BIC","RMSE","p1",3.00832179129826
100,"x10","SARIMA(4,0,0) × (2,0,0)[12] 
Additive decomposition","AIC","RMSE","p1",10.1323738580848
100,"x10","SARIMA(4,0,0) × (2,0,0)[12] 
Additive decomposition","BIC","RMSE","p1",19.81363167115
100,"x11","SARIMA(4,0,0) × (2,0,0)[12] 
 Multiplicative decomposition","AIC","RMSE","p1",21.4205508799377
100,"x11","SARIMA(4,0,0) × (2,0,0)[12] 
 Multiplicative decomposition","BIC","RMSE","p1",22.831666605835
100,"x12","ARMA(1,0,1)-GARCH(1,1)","AIC","RMSE","p1",4.34741302385683
100,"x12","ARMA(1,0,1)-GARCH(1,1)","BIC","RMSE","p1",1.51492574075431
100,"x13","ARIMA(3,1,0)","AIC","RMSE","p1",2.25831795812724
100,"x13","ARIMA(3,1,0)","BIC","RMSE","p1",1.10453610171873
100,"x14","ARIMA(3,1,0) 
Differentiated","AIC","RMSE","p1",2.08446635856758
100,"x14","ARIMA(3,1,0) 
Differentiated","BIC","RMSE","p1",1.41598022585063
100,"x2","ARMA(1,3)","AIC","RMSE","p1",5.29952828089444
100,"x2","ARMA(1,3)","BIC","RMSE","p1",1.76351920885484
100,"x3","ARIMA(2,1,1)","AIC","RMSE","p1",5.03189825016365
100,"x3","ARIMA(2,1,1)","BIC","RMSE","p1",1.84932420089069
100,"x4","NLAR(3)","AIC","RMSE","p1",2.09403915913719
100,"x4","NLAR(3)","BIC","RMSE","p1",1.69558249578132
100,"x5","NLAR(4)","AIC","RMSE","p1",2.49799919935936
100,"x5","NLAR(4)","BIC","RMSE","p1",2.62011450131478
100,"x6","NLARMA(2,2)","AIC","RMSE","p1",2.58843582110896
100,"x6","NLARMA(2,2)","BIC","RMSE","p1",1.09316055545377
100,"x7","SETAR(2,2,[2])","AIC","RMSE","p1",2.37276210354093
100,"x7","SETAR(2,2,[2])","BIC","RMSE","p1",0.793725393319377
100,"x8","ARIMA(2,1,1) 
Differentiated","AIC","RMSE","p1",3.69864840178139
100,"x8","ARIMA(2,1,1) 
Differentiated","BIC","RMSE","p1",0.938083151964686
100,"x9","SARIMA(4,0,0) × (2,0,0)[12]","AIC","RMSE","p1",17.2502173899345
100,"x9","SARIMA(4,0,0) × (2,0,0)[12]","BIC","RMSE","p1",22.2832897032732
500,"x1","AR(5)","AIC","RMSE","p1",3.05777697028413
500,"x1","AR(5)","BIC","RMSE","p1",0.781024967590665
500,"x10","SARIMA(4,0,0) × (2,0,0)[12] 
Additive decomposition","AIC","RMSE","p1",3.88715834511536
500,"x10","SARIMA(4,0,0) × (2,0,0)[12] 
Additive decomposition","BIC","RMSE","p1",9.42204860951163
500,"x11","SARIMA(4,0,0) × (2,0,0)[12] 
 Multiplicative decomposition","AIC","RMSE","p1",21.4210177162524
500,"x11","SARIMA(4,0,0) × (2,0,0)[12] 
 Multiplicative decomposition","BIC","RMSE","p1",22.7778401083158
500,"x12","ARMA(1,0,1)-GARCH(1,1)","AIC","RMSE","p1",4.97192115786242
500,"x12","ARMA(1,0,1)-GARCH(1,1)","BIC","RMSE","p1",2.44131112314674
500,"x13","ARIMA(3,1,0)","AIC","RMSE","p1",3.42563862659213
500,"x13","ARIMA(3,1,0)","BIC","RMSE","p1",1.27082650271388
500,"x14","ARIMA(3,1,0) 
Differentiated","AIC","RMSE","p1",2.3054283766797
500,"x14","ARIMA(3,1,0) 
Differentiated","BIC","RMSE","p1",0.122474487139159
500,"x2","ARMA(1,3)","AIC","RMSE","p1",6.51421522518254
500,"x2","ARMA(1,3)","BIC","RMSE","p1",3.52703841770968
500,"x3","ARIMA(2,1,1)","AIC","RMSE","p1",5.01098792654702
500,"x3","ARIMA(2,1,1)","BIC","RMSE","p1",2.43823706804732
500,"x4","NLAR(3)","AIC","RMSE","p1",2.85482048472404
500,"x4","NLAR(3)","BIC","RMSE","p1",1.74499283666151
500,"x5","NLAR(4)","AIC","RMSE","p1",3.31587092631785
500,"x5","NLAR(4)","BIC","RMSE","p1",2.39478600296561
500,"x6","NLARMA(2,2)","AIC","RMSE","p1",4.45982062419555
500,"x6","NLARMA(2,2)","BIC","RMSE","p1",2.03592730715023
500,"x7","SETAR(2,2,[2])","AIC","RMSE","p1",2.79105714739057
500,"x7","SETAR(2,2,[2])","BIC","RMSE","p1",0.316227766016838
500,"x8","ARIMA(2,1,1) 
Differentiated","AIC","RMSE","p1",3.91599284984025
500,"x8","ARIMA(2,1,1) 
Differentiated","BIC","RMSE","p1",1.47309198626562
500,"x9","SARIMA(4,0,0) × (2,0,0)[12]","AIC","RMSE","p1",7.73304597167248
500,"x9","SARIMA(4,0,0) × (2,0,0)[12]","BIC","RMSE","p1",16.176062561699
1000,"x1","AR(5)","AIC","RMSE","p1",2.15986110664552
1000,"x1","AR(5)","BIC","RMSE","p1",0.574456264653803
1000,"x10","SARIMA(4,0,0) × (2,0,0)[12] 
Additive decomposition","AIC","RMSE","p1",4.50943455435379
1000,"x10","SARIMA(4,0,0) × (2,0,0)[12] 
Additive decomposition","BIC","RMSE","p1",6.5665820637528
1000,"x11","SARIMA(4,0,0) × (2,0,0)[12] 
 Multiplicative decomposition","AIC","RMSE","p1",21.2965959721266
1000,"x11","SARIMA(4,0,0) × (2,0,0)[12] 
 Multiplicative decomposition","BIC","RMSE","p1",22.7409322588147
1000,"x12","ARMA(1,0,1)-GARCH(1,1)","AIC","RMSE","p1",6.43039656630911
1000,"x12","ARMA(1,0,1)-GARCH(1,1)","BIC","RMSE","p1",2.75680975041804
1000,"x13","ARIMA(3,1,0)","AIC","RMSE","p1",4.60760241340331
1000,"x13","ARIMA(3,1,0)","BIC","RMSE","p1",1.35092560861063
1000,"x14","ARIMA(3,1,0) 
Differentiated","AIC","RMSE","p1",2.36326045961929
1000,"x14","ARIMA(3,1,0) 
Differentiated","BIC","RMSE","p1",0.2
1000,"x2","ARMA(1,3)","AIC","RMSE","p1",7.50366577080829
1000,"x2","ARMA(1,3)","BIC","RMSE","p1",4.47381269165351
1000,"x3","ARIMA(2,1,1)","AIC","RMSE","p1",5.25309432620432
1000,"x3","ARIMA(2,1,1)","BIC","RMSE","p1",2.58553669476958
1000,"x4","NLAR(3)","AIC","RMSE","p1",3.62836051130535
1000,"x4","NLAR(3)","BIC","RMSE","p1",1.72336879396141
1000,"x5","NLAR(4)","AIC","RMSE","p1",3.05859444843542
1000,"x5","NLAR(4)","BIC","RMSE","p1",1.98746069143518
1000,"x6","NLARMA(2,2)","AIC","RMSE","p1",5.00999001995014
1000,"x6","NLARMA(2,2)","BIC","RMSE","p1",2.2781571499789
1000,"x7","SETAR(2,2,[2])","AIC","RMSE","p1",2.94872853955735
1000,"x7","SETAR(2,2,[2])","BIC","RMSE","p1",0.282842712474619
1000,"x8","ARIMA(2,1,1) 
Differentiated","AIC","RMSE","p1",4.12976996938086
1000,"x8","ARIMA(2,1,1) 
Differentiated","BIC","RMSE","p1",1.84661853126194
1000,"x9","SARIMA(4,0,0) × (2,0,0)[12]","AIC","RMSE","p1",4.14789103039123
1000,"x9","SARIMA(4,0,0) × (2,0,0)[12]","BIC","RMSE","p1",10.7454641593558
2000,"x1","AR(5)","AIC","RMSE","p1",3.12969647090577
2000,"x1","AR(5)","BIC","RMSE","p1",0.273861278752583
2000,"x10","SARIMA(4,0,0) × (2,0,0)[12] 
Additive decomposition","AIC","RMSE","p1",5.35630469633683
2000,"x10","SARIMA(4,0,0) × (2,0,0)[12] 
Additive decomposition","BIC","RMSE","p1",2.38222584991432
2000,"x11","SARIMA(4,0,0) × (2,0,0)[12] 
 Multiplicative decomposition","AIC","RMSE","p1",21.1124370928607
2000,"x11","SARIMA(4,0,0) × (2,0,0)[12] 
 Multiplicative decomposition","BIC","RMSE","p1",22.7923232690307
2000,"x12","ARMA(1,0,1)-GARCH(1,1)","AIC","RMSE","p1",6.89383782808966
2000,"x12","ARMA(1,0,1)-GARCH(1,1)","BIC","RMSE","p1",3.06757233003559
2000,"x13","ARIMA(3,1,0)","AIC","RMSE","p1",5.28251833882288
2000,"x13","ARIMA(3,1,0)","BIC","RMSE","p1",1.36930639376292
2000,"x14","ARIMA(3,1,0) 
Differentiated","AIC","RMSE","p1",2.29237867726953
2000,"x14","ARIMA(3,1,0) 
Differentiated","BIC","RMSE","p1",0.1
2000,"x2","ARMA(1,3)","AIC","RMSE","p1",8.14861951498535
2000,"x2","ARMA(1,3)","BIC","RMSE","p1",5.03686410378521
2000,"x3","ARIMA(2,1,1)","AIC","RMSE","p1",6.54866398588292
2000,"x3","ARIMA(2,1,1)","BIC","RMSE","p1",3.08220700148449
2000,"x4","NLAR(3)","AIC","RMSE","p1",3.54682957019364
2000,"x4","NLAR(3)","BIC","RMSE","p1",1.63859696081739
2000,"x5","NLAR(4)","AIC","RMSE","p1",3.18982758154732
2000,"x5","NLAR(4)","BIC","RMSE","p1",1.22474487139159
2000,"x6","NLARMA(2,2)","AIC","RMSE","p1",5.80301645698166
2000,"x6","NLARMA(2,2)","BIC","RMSE","p1",2.82842712474619
2000,"x7","SETAR(2,2,[2])","AIC","RMSE","p1",2.86966897045635
2000,"x7","SETAR(2,2,[2])","BIC","RMSE","p1",0.353553390593274
2000,"x8","ARIMA(2,1,1) 
Differentiated","AIC","RMSE","p1",4.93811705005056
2000,"x8","ARIMA(2,1,1) 
Differentiated","BIC","RMSE","p1",2.1142374511866
2000,"x9","SARIMA(4,0,0) × (2,0,0)[12]","AIC","RMSE","p1",2.30108669980077
2000,"x9","SARIMA(4,0,0) × (2,0,0)[12]","BIC","RMSE","p1",10.2122475488993
5000,"x1","AR(5)","AIC","RMSE","p1",2.79910700045568
5000,"x1","AR(5)","BIC","RMSE","p1",0.0707106781186548
5000,"x10","SARIMA(4,0,0) × (2,0,0)[12] 
Additive decomposition","AIC","RMSE","p1",7.65800235048279
5000,"x10","SARIMA(4,0,0) × (2,0,0)[12] 
Additive decomposition","BIC","RMSE","p1",5.60089278597618
5000,"x11","SARIMA(4,0,0) × (2,0,0)[12] 
 Multiplicative decomposition","AIC","RMSE","p1",20.84730198371
5000,"x11","SARIMA(4,0,0) × (2,0,0)[12] 
 Multiplicative decomposition","BIC","RMSE","p1",22.649834436481
5000,"x12","ARMA(1,0,1)-GARCH(1,1)","AIC","RMSE","p1",7.0164093381159
5000,"x12","ARMA(1,0,1)-GARCH(1,1)","BIC","RMSE","p1",3.68239052790439
5000,"x13","ARIMA(3,1,0)","AIC","RMSE","p1",4.47995535692042
5000,"x13","ARIMA(3,1,0)","BIC","RMSE","p1",1.22678441463853
5000,"x14","ARIMA(3,1,0) 
Differentiated","AIC","RMSE","p1",2.57487863791675
5000,"x14","ARIMA(3,1,0) 
Differentiated","BIC","RMSE","p1",0
5000,"x2","ARMA(1,3)","AIC","RMSE","p1",10.1187943945907
5000,"x2","ARMA(1,3)","BIC","RMSE","p1",5.75325994545701
5000,"x3","ARIMA(2,1,1)","AIC","RMSE","p1",7.90348024606882
5000,"x3","ARIMA(2,1,1)","BIC","RMSE","p1",3.4322004603461
5000,"x4","NLAR(3)","AIC","RMSE","p1",3.73898381916798
5000,"x4","NLAR(3)","BIC","RMSE","p1",1.28062484748657
5000,"x5","NLAR(4)","AIC","RMSE","p1",4.99899989997999
5000,"x5","NLAR(4)","BIC","RMSE","p1",1.13357840487546
5000,"x6","NLARMA(2,2)","AIC","RMSE","p1",6.16522505671934
5000,"x6","NLARMA(2,2)","BIC","RMSE","p1",3.74366130946698
5000,"x7","SETAR(2,2,[2])","AIC","RMSE","p1",3.7868192457523
5000,"x7","SETAR(2,2,[2])","BIC","RMSE","p1",0.748331477354788
5000,"x8","ARIMA(2,1,1) 
Differentiated","AIC","RMSE","p1",5.17397332811061
5000,"x8","ARIMA(2,1,1) 
Differentiated","BIC","RMSE","p1",2.4454038521275
5000,"x9","SARIMA(4,0,0) × (2,0,0)[12]","AIC","RMSE","p1",3.10885831134196
5000,"x9","SARIMA(4,0,0) × (2,0,0)[12]","BIC","RMSE","p1",3.26955654485436
100,"x1","AR(5)","AIC","MAE","p1",1.975
100,"x1","AR(5)","BIC","MAE","p1",2.68
100,"x10","SARIMA(4,0,0) × (2,0,0)[12] 
Additive decomposition","AIC","MAE","p1",8.655
100,"x10","SARIMA(4,0,0) × (2,0,0)[12] 
Additive decomposition","BIC","MAE","p1",19.59
100,"x11","SARIMA(4,0,0) × (2,0,0)[12] 
 Multiplicative decomposition","AIC","MAE","p1",20.87
100,"x11","SARIMA(4,0,0) × (2,0,0)[12] 
 Multiplicative decomposition","BIC","MAE","p1",22.825
100,"x12","ARMA(1,0,1)-GARCH(1,1)","AIC","MAE","p1",3.1
100,"x12","ARMA(1,0,1)-GARCH(1,1)","BIC","MAE","p1",1.345
100,"x13","ARIMA(3,1,0)","AIC","MAE","p1",1.73
100,"x13","ARIMA(3,1,0)","BIC","MAE","p1",1.05
100,"x14","ARIMA(3,1,0) 
Differentiated","AIC","MAE","p1",1.105
100,"x14","ARIMA(3,1,0) 
Differentiated","BIC","MAE","p1",1.025
100,"x2","ARMA(1,3)","AIC","MAE","p1",4.025
100,"x2","ARMA(1,3)","BIC","MAE","p1",1.17
100,"x3","ARIMA(2,1,1)","AIC","MAE","p1",3.64
100,"x3","ARIMA(2,1,1)","BIC","MAE","p1",1.73
100,"x4","NLAR(3)","AIC","MAE","p1",1.325
100,"x4","NLAR(3)","BIC","MAE","p1",1.575
100,"x5","NLAR(4)","AIC","MAE","p1",1.82
100,"x5","NLAR(4)","BIC","MAE","p1",2.435
100,"x6","NLARMA(2,2)","AIC","MAE","p1",1.89
100,"x6","NLARMA(2,2)","BIC","MAE","p1",0.935
100,"x7","SETAR(2,2,[2])","AIC","MAE","p1",1.11
100,"x7","SETAR(2,2,[2])","BIC","MAE","p1",0.63
100,"x8","ARIMA(2,1,1) 
Differentiated","AIC","MAE","p1",2.34
100,"x8","ARIMA(2,1,1) 
Differentiated","BIC","MAE","p1",0.65
100,"x9","SARIMA(4,0,0) × (2,0,0)[12]","AIC","MAE","p1",16.01
100,"x9","SARIMA(4,0,0) × (2,0,0)[12]","BIC","MAE","p1",22.265
500,"x1","AR(5)","AIC","MAE","p1",1.38
500,"x1","AR(5)","BIC","MAE","p1",0.61
500,"x10","SARIMA(4,0,0) × (2,0,0)[12] 
Additive decomposition","AIC","MAE","p1",3.11
500,"x10","SARIMA(4,0,0) × (2,0,0)[12] 
Additive decomposition","BIC","MAE","p1",9.205
500,"x11","SARIMA(4,0,0) × (2,0,0)[12] 
 Multiplicative decomposition","AIC","MAE","p1",20.99
500,"x11","SARIMA(4,0,0) × (2,0,0)[12] 
 Multiplicative decomposition","BIC","MAE","p1",22.74
500,"x12","ARMA(1,0,1)-GARCH(1,1)","AIC","MAE","p1",4.23
500,"x12","ARMA(1,0,1)-GARCH(1,1)","BIC","MAE","p1",2.35
500,"x13","ARIMA(3,1,0)","AIC","MAE","p1",2.435
500,"x13","ARIMA(3,1,0)","BIC","MAE","p1",1.205
500,"x14","ARIMA(3,1,0) 
Differentiated","AIC","MAE","p1",0.945
500,"x14","ARIMA(3,1,0) 
Differentiated","BIC","MAE","p1",0.015
500,"x2","ARMA(1,3)","AIC","MAE","p1",6.005
500,"x2","ARMA(1,3)","BIC","MAE","p1",3.38
500,"x3","ARIMA(2,1,1)","AIC","MAE","p1",4.25
500,"x3","ARIMA(2,1,1)","BIC","MAE","p1",2.365
500,"x4","NLAR(3)","AIC","MAE","p1",1.88
500,"x4","NLAR(3)","BIC","MAE","p1",1.655
500,"x5","NLAR(4)","AIC","MAE","p1",2.055
500,"x5","NLAR(4)","BIC","MAE","p1",2.055
500,"x6","NLARMA(2,2)","AIC","MAE","p1",3.52
500,"x6","NLARMA(2,2)","BIC","MAE","p1",1.955
500,"x7","SETAR(2,2,[2])","AIC","MAE","p1",1.32
500,"x7","SETAR(2,2,[2])","BIC","MAE","p1",0.1
500,"x8","ARIMA(2,1,1) 
Differentiated","AIC","MAE","p1",2.995
500,"x8","ARIMA(2,1,1) 
Differentiated","BIC","MAE","p1",1.38
500,"x9","SARIMA(4,0,0) × (2,0,0)[12]","AIC","MAE","p1",6.33
500,"x9","SARIMA(4,0,0) × (2,0,0)[12]","BIC","MAE","p1",15.265
1000,"x1","AR(5)","AIC","MAE","p1",0.865
1000,"x1","AR(5)","BIC","MAE","p1",0.33
1000,"x10","SARIMA(4,0,0) × (2,0,0)[12] 
Additive decomposition","AIC","MAE","p1",3.975
1000,"x10","SARIMA(4,0,0) × (2,0,0)[12] 
Additive decomposition","BIC","MAE","p1",6.01
1000,"x11","SARIMA(4,0,0) × (2,0,0)[12] 
 Multiplicative decomposition","AIC","MAE","p1",20.645
1000,"x11","SARIMA(4,0,0) × (2,0,0)[12] 
 Multiplicative decomposition","BIC","MAE","p1",22.69
1000,"x12","ARMA(1,0,1)-GARCH(1,1)","AIC","MAE","p1",5.14
1000,"x12","ARMA(1,0,1)-GARCH(1,1)","BIC","MAE","p1",2.67
1000,"x13","ARIMA(3,1,0)","AIC","MAE","p1",3.25
1000,"x13","ARIMA(3,1,0)","BIC","MAE","p1",1.275
1000,"x14","ARIMA(3,1,0) 
Differentiated","AIC","MAE","p1",0.925
1000,"x14","ARIMA(3,1,0) 
Differentiated","BIC","MAE","p1",0.04
1000,"x2","ARMA(1,3)","AIC","MAE","p1",7.095
1000,"x2","ARMA(1,3)","BIC","MAE","p1",4.375
1000,"x3","ARIMA(2,1,1)","AIC","MAE","p1",4.585
1000,"x3","ARIMA(2,1,1)","BIC","MAE","p1",2.525
1000,"x4","NLAR(3)","AIC","MAE","p1",2.225
1000,"x4","NLAR(3)","BIC","MAE","p1",1.63
1000,"x5","NLAR(4)","AIC","MAE","p1",2.035
1000,"x5","NLAR(4)","BIC","MAE","p1",1.53
1000,"x6","NLARMA(2,2)","AIC","MAE","p1",4.13
1000,"x6","NLARMA(2,2)","BIC","MAE","p1",2.21
1000,"x7","SETAR(2,2,[2])","AIC","MAE","p1",1.585
1000,"x7","SETAR(2,2,[2])","BIC","MAE","p1",0.08
1000,"x8","ARIMA(2,1,1) 
Differentiated","AIC","MAE","p1",3.405
1000,"x8","ARIMA(2,1,1) 
Differentiated","BIC","MAE","p1",1.75
1000,"x9","SARIMA(4,0,0) × (2,0,0)[12]","AIC","MAE","p1",2.785
1000,"x9","SARIMA(4,0,0) × (2,0,0)[12]","BIC","MAE","p1",10.735
2000,"x1","AR(5)","AIC","MAE","p1",1.165
2000,"x1","AR(5)","BIC","MAE","p1",0.075
2000,"x10","SARIMA(4,0,0) × (2,0,0)[12] 
Additive decomposition","AIC","MAE","p1",5.23
2000,"x10","SARIMA(4,0,0) × (2,0,0)[12] 
Additive decomposition","BIC","MAE","p1",1.225
2000,"x11","SARIMA(4,0,0) × (2,0,0)[12] 
 Multiplicative decomposition","AIC","MAE","p1",20.535
2000,"x11","SARIMA(4,0,0) × (2,0,0)[12] 
 Multiplicative decomposition","BIC","MAE","p1",22.76
2000,"x12","ARMA(1,0,1)-GARCH(1,1)","AIC","MAE","p1",5.565
2000,"x12","ARMA(1,0,1)-GARCH(1,1)","BIC","MAE","p1",3.01
2000,"x13","ARIMA(3,1,0)","AIC","MAE","p1",3.675
2000,"x13","ARIMA(3,1,0)","BIC","MAE","p1",1.285
2000,"x14","ARIMA(3,1,0) 
Differentiated","AIC","MAE","p1",0.935
2000,"x14","ARIMA(3,1,0) 
Differentiated","BIC","MAE","p1",0.01
2000,"x2","ARMA(1,3)","AIC","MAE","p1",7.79
2000,"x2","ARMA(1,3)","BIC","MAE","p1",4.99
2000,"x3","ARIMA(2,1,1)","AIC","MAE","p1",5.825
2000,"x3","ARIMA(2,1,1)","BIC","MAE","p1",3.04
2000,"x4","NLAR(3)","AIC","MAE","p1",2.48
2000,"x4","NLAR(3)","BIC","MAE","p1",1.545
2000,"x5","NLAR(4)","AIC","MAE","p1",2.325
2000,"x5","NLAR(4)","BIC","MAE","p1",0.97
2000,"x6","NLARMA(2,2)","AIC","MAE","p1",5.035
2000,"x6","NLARMA(2,2)","BIC","MAE","p1",2.71
2000,"x7","SETAR(2,2,[2])","AIC","MAE","p1",1.825
2000,"x7","SETAR(2,2,[2])","BIC","MAE","p1",0.115
2000,"x8","ARIMA(2,1,1) 
Differentiated","AIC","MAE","p1",3.995
2000,"x8","ARIMA(2,1,1) 
Differentiated","BIC","MAE","p1",2.07
2000,"x9","SARIMA(4,0,0) × (2,0,0)[12]","AIC","MAE","p1",1.915
2000,"x9","SARIMA(4,0,0) × (2,0,0)[12]","BIC","MAE","p1",10.01
5000,"x1","AR(5)","AIC","MAE","p1",1.135
5000,"x1","AR(5)","BIC","MAE","p1",0.005
5000,"x10","SARIMA(4,0,0) × (2,0,0)[12] 
Additive decomposition","AIC","MAE","p1",7.625
5000,"x10","SARIMA(4,0,0) × (2,0,0)[12] 
Additive decomposition","BIC","MAE","p1",4.94
5000,"x11","SARIMA(4,0,0) × (2,0,0)[12] 
 Multiplicative decomposition","AIC","MAE","p1",20.06
5000,"x11","SARIMA(4,0,0) × (2,0,0)[12] 
 Multiplicative decomposition","BIC","MAE","p1",22.525
5000,"x12","ARMA(1,0,1)-GARCH(1,1)","AIC","MAE","p1",6.2
5000,"x12","ARMA(1,0,1)-GARCH(1,1)","BIC","MAE","p1",3.62
5000,"x13","ARIMA(3,1,0)","AIC","MAE","p1",3.07
5000,"x13","ARIMA(3,1,0)","BIC","MAE","p1",1.165
5000,"x14","ARIMA(3,1,0) 
Differentiated","AIC","MAE","p1",1
5000,"x14","ARIMA(3,1,0) 
Differentiated","BIC","MAE","p1",0
5000,"x2","ARMA(1,3)","AIC","MAE","p1",9.57
5000,"x2","ARMA(1,3)","BIC","MAE","p1",5.66
5000,"x3","ARIMA(2,1,1)","AIC","MAE","p1",7.225
5000,"x3","ARIMA(2,1,1)","BIC","MAE","p1",3.39
5000,"x4","NLAR(3)","AIC","MAE","p1",2.95
5000,"x4","NLAR(3)","BIC","MAE","p1",1.21
5000,"x5","NLAR(4)","AIC","MAE","p1",3.61
5000,"x5","NLAR(4)","BIC","MAE","p1",1.075
5000,"x6","NLARMA(2,2)","AIC","MAE","p1",5.61
5000,"x6","NLARMA(2,2)","BIC","MAE","p1",3.685
5000,"x7","SETAR(2,2,[2])","AIC","MAE","p1",2.92
5000,"x7","SETAR(2,2,[2])","BIC","MAE","p1",0.39
5000,"x8","ARIMA(2,1,1) 
Differentiated","AIC","MAE","p1",4.24
5000,"x8","ARIMA(2,1,1) 
Differentiated","BIC","MAE","p1",2.39
5000,"x9","SARIMA(4,0,0) × (2,0,0)[12]","AIC","MAE","p1",2.705
5000,"x9","SARIMA(4,0,0) × (2,0,0)[12]","BIC","MAE","p1",2.07
100,"x1","AR(5)","AIC","MAD","p1",1.4826
100,"x1","AR(5)","BIC","MAD","p1",4.4478
100,"x10","SARIMA(4,0,0) × (2,0,0)[12] 
Additive decomposition","AIC","MAD","p1",11.8608
100,"x10","SARIMA(4,0,0) × (2,0,0)[12] 
Additive decomposition","BIC","MAD","p1",29.652
100,"x11","SARIMA(4,0,0) × (2,0,0)[12] 
 Multiplicative decomposition","AIC","MAD","p1",34.0998
100,"x11","SARIMA(4,0,0) × (2,0,0)[12] 
 Multiplicative decomposition","BIC","MAD","p1",34.0998
100,"x12","ARMA(1,0,1)-GARCH(1,1)","AIC","MAD","p1",2.9652
100,"x12","ARMA(1,0,1)-GARCH(1,1)","BIC","MAD","p1",1.4826
100,"x13","ARIMA(3,1,0)","AIC","MAD","p1",1.4826
100,"x13","ARIMA(3,1,0)","BIC","MAD","p1",1.4826
100,"x14","ARIMA(3,1,0) 
Differentiated","AIC","MAD","p1",0
100,"x14","ARIMA(3,1,0) 
Differentiated","BIC","MAD","p1",1.4826
100,"x2","ARMA(1,3)","AIC","MAD","p1",4.4478
100,"x2","ARMA(1,3)","BIC","MAD","p1",1.4826
100,"x3","ARIMA(2,1,1)","AIC","MAD","p1",2.9652
100,"x3","ARIMA(2,1,1)","BIC","MAD","p1",2.9652
100,"x4","NLAR(3)","AIC","MAD","p1",1.4826
100,"x4","NLAR(3)","BIC","MAD","p1",2.9652
100,"x5","NLAR(4)","AIC","MAD","p1",2.9652
100,"x5","NLAR(4)","BIC","MAD","p1",4.4478
100,"x6","NLARMA(2,2)","AIC","MAD","p1",1.4826
100,"x6","NLARMA(2,2)","BIC","MAD","p1",1.4826
100,"x7","SETAR(2,2,[2])","AIC","MAD","p1",1.4826
100,"x7","SETAR(2,2,[2])","BIC","MAD","p1",1.4826
100,"x8","ARIMA(2,1,1) 
Differentiated","AIC","MAD","p1",1.4826
100,"x8","ARIMA(2,1,1) 
Differentiated","BIC","MAD","p1",1.4826
100,"x9","SARIMA(4,0,0) × (2,0,0)[12]","AIC","MAD","p1",28.1694
100,"x9","SARIMA(4,0,0) × (2,0,0)[12]","BIC","MAD","p1",32.6172
500,"x1","AR(5)","AIC","MAD","p1",0
500,"x1","AR(5)","BIC","MAD","p1",1.4826
500,"x10","SARIMA(4,0,0) × (2,0,0)[12] 
Additive decomposition","AIC","MAD","p1",4.4478
500,"x10","SARIMA(4,0,0) × (2,0,0)[12] 
Additive decomposition","BIC","MAD","p1",13.3434
500,"x11","SARIMA(4,0,0) × (2,0,0)[12] 
 Multiplicative decomposition","AIC","MAD","p1",34.0998
500,"x11","SARIMA(4,0,0) × (2,0,0)[12] 
 Multiplicative decomposition","BIC","MAD","p1",34.0998
500,"x12","ARMA(1,0,1)-GARCH(1,1)","AIC","MAD","p1",4.4478
500,"x12","ARMA(1,0,1)-GARCH(1,1)","BIC","MAD","p1",2.9652
500,"x13","ARIMA(3,1,0)","AIC","MAD","p1",1.4826
500,"x13","ARIMA(3,1,0)","BIC","MAD","p1",1.4826
500,"x14","ARIMA(3,1,0) 
Differentiated","AIC","MAD","p1",0
500,"x14","ARIMA(3,1,0) 
Differentiated","BIC","MAD","p1",0
500,"x2","ARMA(1,3)","AIC","MAD","p1",7.413
500,"x2","ARMA(1,3)","BIC","MAD","p1",4.4478
500,"x3","ARIMA(2,1,1)","AIC","MAD","p1",4.4478
500,"x3","ARIMA(2,1,1)","BIC","MAD","p1",2.9652
500,"x4","NLAR(3)","AIC","MAD","p1",1.4826
500,"x4","NLAR(3)","BIC","MAD","p1",2.9652
500,"x5","NLAR(4)","AIC","MAD","p1",1.4826
500,"x5","NLAR(4)","BIC","MAD","p1",4.4478
500,"x6","NLARMA(2,2)","AIC","MAD","p1",4.4478
500,"x6","NLARMA(2,2)","BIC","MAD","p1",2.9652
500,"x7","SETAR(2,2,[2])","AIC","MAD","p1",0
500,"x7","SETAR(2,2,[2])","BIC","MAD","p1",0
500,"x8","ARIMA(2,1,1) 
Differentiated","AIC","MAD","p1",2.9652
500,"x8","ARIMA(2,1,1) 
Differentiated","BIC","MAD","p1",1.4826
500,"x9","SARIMA(4,0,0) × (2,0,0)[12]","AIC","MAD","p1",11.8608
500,"x9","SARIMA(4,0,0) × (2,0,0)[12]","BIC","MAD","p1",16.3086
1000,"x1","AR(5)","AIC","MAD","p1",0
1000,"x1","AR(5)","BIC","MAD","p1",0
1000,"x10","SARIMA(4,0,0) × (2,0,0)[12] 
Additive decomposition","AIC","MAD","p1",7.413
1000,"x10","SARIMA(4,0,0) × (2,0,0)[12] 
Additive decomposition","BIC","MAD","p1",8.8956
1000,"x11","SARIMA(4,0,0) × (2,0,0)[12] 
 Multiplicative decomposition","AIC","MAD","p1",34.0998
1000,"x11","SARIMA(4,0,0) × (2,0,0)[12] 
 Multiplicative decomposition","BIC","MAD","p1",34.0998
1000,"x12","ARMA(1,0,1)-GARCH(1,1)","AIC","MAD","p1",5.9304
1000,"x12","ARMA(1,0,1)-GARCH(1,1)","BIC","MAD","p1",4.4478
1000,"x13","ARIMA(3,1,0)","AIC","MAD","p1",2.9652
1000,"x13","ARIMA(3,1,0)","BIC","MAD","p1",1.4826
1000,"x14","ARIMA(3,1,0) 
Differentiated","AIC","MAD","p1",0
1000,"x14","ARIMA(3,1,0) 
Differentiated","BIC","MAD","p1",0
1000,"x2","ARMA(1,3)","AIC","MAD","p1",10.3782
1000,"x2","ARMA(1,3)","BIC","MAD","p1",7.413
1000,"x3","ARIMA(2,1,1)","AIC","MAD","p1",5.9304
1000,"x3","ARIMA(2,1,1)","BIC","MAD","p1",2.9652
1000,"x4","NLAR(3)","AIC","MAD","p1",1.4826
1000,"x4","NLAR(3)","BIC","MAD","p1",2.9652
1000,"x5","NLAR(4)","AIC","MAD","p1",1.4826
1000,"x5","NLAR(4)","BIC","MAD","p1",1.4826
1000,"x6","NLARMA(2,2)","AIC","MAD","p1",5.9304
1000,"x6","NLARMA(2,2)","BIC","MAD","p1",2.9652
1000,"x7","SETAR(2,2,[2])","AIC","MAD","p1",1.4826
1000,"x7","SETAR(2,2,[2])","BIC","MAD","p1",0
1000,"x8","ARIMA(2,1,1) 
Differentiated","AIC","MAD","p1",4.4478
1000,"x8","ARIMA(2,1,1) 
Differentiated","BIC","MAD","p1",2.9652
1000,"x9","SARIMA(4,0,0) × (2,0,0)[12]","AIC","MAD","p1",2.9652
1000,"x9","SARIMA(4,0,0) × (2,0,0)[12]","BIC","MAD","p1",16.3086
2000,"x1","AR(5)","AIC","MAD","p1",0
2000,"x1","AR(5)","BIC","MAD","p1",0
2000,"x10","SARIMA(4,0,0) × (2,0,0)[12] 
Additive decomposition","AIC","MAD","p1",8.8956
2000,"x10","SARIMA(4,0,0) × (2,0,0)[12] 
Additive decomposition","BIC","MAD","p1",0
2000,"x11","SARIMA(4,0,0) × (2,0,0)[12] 
 Multiplicative decomposition","AIC","MAD","p1",34.0998
2000,"x11","SARIMA(4,0,0) × (2,0,0)[12] 
 Multiplicative decomposition","BIC","MAD","p1",34.0998
2000,"x12","ARMA(1,0,1)-GARCH(1,1)","AIC","MAD","p1",5.9304
2000,"x12","ARMA(1,0,1)-GARCH(1,1)","BIC","MAD","p1",4.4478
2000,"x13","ARIMA(3,1,0)","AIC","MAD","p1",2.9652
2000,"x13","ARIMA(3,1,0)","BIC","MAD","p1",1.4826
2000,"x14","ARIMA(3,1,0) 
Differentiated","AIC","MAD","p1",0
2000,"x14","ARIMA(3,1,0) 
Differentiated","BIC","MAD","p1",0
2000,"x2","ARMA(1,3)","AIC","MAD","p1",10.3782
2000,"x2","ARMA(1,3)","BIC","MAD","p1",7.413
2000,"x3","ARIMA(2,1,1)","AIC","MAD","p1",7.413
2000,"x3","ARIMA(2,1,1)","BIC","MAD","p1",4.4478
2000,"x4","NLAR(3)","AIC","MAD","p1",2.9652
2000,"x4","NLAR(3)","BIC","MAD","p1",2.9652
2000,"x5","NLAR(4)","AIC","MAD","p1",1.4826
2000,"x5","NLAR(4)","BIC","MAD","p1",1.4826
2000,"x6","NLARMA(2,2)","AIC","MAD","p1",5.9304
2000,"x6","NLARMA(2,2)","BIC","MAD","p1",2.9652
2000,"x7","SETAR(2,2,[2])","AIC","MAD","p1",1.4826
2000,"x7","SETAR(2,2,[2])","BIC","MAD","p1",0
2000,"x8","ARIMA(2,1,1) 
Differentiated","AIC","MAD","p1",4.4478
2000,"x8","ARIMA(2,1,1) 
Differentiated","BIC","MAD","p1",2.9652
2000,"x9","SARIMA(4,0,0) × (2,0,0)[12]","AIC","MAD","p1",2.9652
2000,"x9","SARIMA(4,0,0) × (2,0,0)[12]","BIC","MAD","p1",14.826
5000,"x1","AR(5)","AIC","MAD","p1",0
5000,"x1","AR(5)","BIC","MAD","p1",0
5000,"x10","SARIMA(4,0,0) × (2,0,0)[12] 
Additive decomposition","AIC","MAD","p1",11.8608
5000,"x10","SARIMA(4,0,0) × (2,0,0)[12] 
Additive decomposition","BIC","MAD","p1",8.1543
5000,"x11","SARIMA(4,0,0) × (2,0,0)[12] 
 Multiplicative decomposition","AIC","MAD","p1",34.0998
5000,"x11","SARIMA(4,0,0) × (2,0,0)[12] 
 Multiplicative decomposition","BIC","MAD","p1",34.0998
5000,"x12","ARMA(1,0,1)-GARCH(1,1)","AIC","MAD","p1",7.413
5000,"x12","ARMA(1,0,1)-GARCH(1,1)","BIC","MAD","p1",5.9304
5000,"x13","ARIMA(3,1,0)","AIC","MAD","p1",1.4826
5000,"x13","ARIMA(3,1,0)","BIC","MAD","p1",1.4826
5000,"x14","ARIMA(3,1,0) 
Differentiated","AIC","MAD","p1",0
5000,"x14","ARIMA(3,1,0) 
Differentiated","BIC","MAD","p1",0
5000,"x2","ARMA(1,3)","AIC","MAD","p1",13.3434
5000,"x2","ARMA(1,3)","BIC","MAD","p1",7.413
5000,"x3","ARIMA(2,1,1)","AIC","MAD","p1",10.3782
5000,"x3","ARIMA(2,1,1)","BIC","MAD","p1",4.4478
5000,"x4","NLAR(3)","AIC","MAD","p1",2.9652
5000,"x4","NLAR(3)","BIC","MAD","p1",1.4826
5000,"x5","NLAR(4)","AIC","MAD","p1",2.9652
5000,"x5","NLAR(4)","BIC","MAD","p1",1.4826
5000,"x6","NLARMA(2,2)","AIC","MAD","p1",7.413
5000,"x6","NLARMA(2,2)","BIC","MAD","p1",5.9304
5000,"x7","SETAR(2,2,[2])","AIC","MAD","p1",2.9652
5000,"x7","SETAR(2,2,[2])","BIC","MAD","p1",0
5000,"x8","ARIMA(2,1,1) 
Differentiated","AIC","MAD","p1",4.4478
5000,"x8","ARIMA(2,1,1) 
Differentiated","BIC","MAD","p1",2.9652
5000,"x9","SARIMA(4,0,0) × (2,0,0)[12]","AIC","MAD","p1",2.9652
5000,"x9","SARIMA(4,0,0) × (2,0,0)[12]","BIC","MAD","p1",1.4826
